{
"type": "FeatureCollection",
"name": "angkot-kota-kabupaten-bogor",
"crs": { "type": "name", "properties": { "name": "urn:ogc:def:crs:OGC:1.3:CRS84" } },
"features": [
{"type":"Feature","properties":{"FID":0,"Keterangan":"Trayek Angkot Ibukota Kabupaten Bogor","Nama":"Trayek 44 (Pangkalan Citeureup - Pangkalan Babakan Madang)","id":null,"@id":null,"colour":null,"colour:back":null,"from":null,"name":null,"network":null,"old_ref":null,"operator":null,"ref":null,"roundtrip":null,"route":null,"to":null,"type":null,"via":null,"layer":"angkot-kabupaten-bogor","path":"C:/Users/Dzaka/Desktop/kuliah_smster_5/sig/tugas Akhir/frontend/public/rute/angkot-kabupaten-bogor.geojson"},"geometry":{"type":"MultiLineString","coordinates":[[[106.864067199641994,-6.56428930041085],[106.864153100185007,-6.56364979969845],[106.862146799935005,-6.56325540021652],[106.861621100334006,-6.56297830020833],[106.861245500280006,-6.56264790008049],[106.860923700369,-6.56204030011969],[106.860537400181002,-6.5616246001951],[106.860247799595996,-6.56146479966071],[106.859883000400004,-6.56142209985001],[106.859614800082994,-6.56133689987797],[106.859443099719002,-6.5611875998278],[106.859196299670003,-6.5611875998278],[106.858016200286997,-6.56139010017296],[106.857608499831997,-6.56139010017296],[106.857168600050997,-6.56134750018691],[106.855612899715993,-6.56092119995338],[106.851750500384995,-6.55948229996812],[106.850387999606994,-6.55883210002133],[106.851535899661997,-6.55565429970613],[106.851707600026003,-6.55499350034972],[106.851879300389001,-6.55224350033723],[106.851793399846002,-6.55185980008963],[106.85176119962,-6.550879200015],[106.851879300389001,-6.55019700039122],[106.852029499761997,-6.54930170011335],[106.852329900304994,-6.54902460010516],[106.852759000128003,-6.54855560006087],[106.852941399726006,-6.54822510010825],[106.853016500311,-6.54775619988868],[106.852984300084998,-6.54704199968847],[106.852844899771995,-6.5466369998976],[106.852555200262003,-6.54590150015406],[106.852458599585006,-6.54546449978682],[106.852716099768003,-6.54453719983184],[106.853102300130999,-6.54332209973506],[106.853156000449005,-6.54302360035882],[106.853177399817,-6.5420963004039],[106.853284699729002,-6.54155269979719],[106.853424199867007,-6.53976200031599],[106.853542199912994,-6.53926099969533],[106.853467100226993,-6.53874929984028],[106.853016500311,-6.53703320002211],[106.852812700445995,-6.53594599970808],[106.852716099768003,-6.53532780033765],[106.852920000357997,-6.53454969970881],[106.853156000449005,-6.53384619964237],[106.854443499568006,-6.53037149984482],[106.855730999586001,-6.52789859984046],[106.856675099775998,-6.52623570031727],[106.858091299974006,-6.52444499993675],[106.858863799624999,-6.52239840016597],[106.859207099627994,-6.52128979958451],[106.859807899814996,-6.52001070013364],[106.860537500006004,-6.5182198999284],[106.861224100011995,-6.51736709981174],[106.862768700016005,-6.51533129999945],[106.864227799673003,-6.51251719990881],[106.864828599860004,-6.51064109990676],[106.867489399716007,-6.50629190025097],[106.870836799578996,-6.50288079960916],[106.873583400154004,-6.49904329980842],[106.876501600368996,-6.49546149974839],[106.878132400390001,-6.49298840009453],[106.879419900407996,-6.49170919991957],[106.880642900149994,-6.49134680011468],[106.880900400333005,-6.49098429958571],[106.881715800343997,-6.4882766999097]]]}},
{"type":"Feature","properties":{"FID":2,"Keterangan":"Trayek Angkot Ibukota Kabupaten Bogor","Nama":"Ciomas - Tr. Merdeka","id":null,"@id":null,"colour":null,"colour:back":null,"from":null,"name":null,"network":null,"old_ref":null,"operator":null,"ref":null,"roundtrip":null,"route":null,"to":null,"type":null,"via":null,"layer":"angkot-kabupaten-bogor","path":"C:/Users/Dzaka/Desktop/kuliah_smster_5/sig/tugas Akhir/frontend/public/rute/angkot-kabupaten-bogor.geojson"},"geometry":{"type":"MultiLineString","coordinates":[[[106.759370000325006,-6.60064000003592],[106.759370000325006,-6.60064000003592],[106.759361400109,-6.60066600033559],[106.759392200090005,-6.60067609972219],[106.759466899578001,-6.60072610022928],[106.759537099756997,-6.60079940037196],[106.759602600080001,-6.60087640032555],[106.759665899761998,-6.60096260034368],[106.759703700065998,-6.60101700033425],[106.759728200295996,-6.60105190032488],[106.759763299935997,-6.60109650040312],[106.759804700226994,-6.60114829955433],[106.759846099618002,-6.6011966003428],[106.759875500253997,-6.60122910004287],[106.759901899853006,-6.60125479996901],[106.759925900059997,-6.60127520019029],[106.759948400198994,-6.6012915004024],[106.759958999608003,-6.60130040009335],[106.759985599756007,-6.6013223003838],[106.760039600447001,-6.60137060027296],[106.760041399990996,-6.60137229999162],[106.760088199810994,-6.60141230003757],[106.760116100377999,-6.60142900044798],[106.760146299612003,-6.60144319984374],[106.760183800441993,-6.60145950005585],[106.760227000276004,-6.60147259958075],[106.760282199764006,-6.60148670005111],[106.760380000137005,-6.60150689972357],[106.760577299703002,-6.6015463997465],[106.760686200408003,-6.60156910043361],[106.760801499788997,-6.60159020032745],[106.760912200038007,-6.60160760041038],[106.761016300161998,-6.60162389972317],[106.761102699830005,-6.60163740034568],[106.761331300299005,-6.60167259981057],[106.761511299606994,-6.60170010017941],[106.761548199689997,-6.60171929980578],[106.761577999625004,-6.60174149957049],[106.761621200357993,-6.60176260036366],[106.761689600094996,-6.60180530017442],[106.761740400099001,-6.60184230008201],[106.761801599864,-6.60189279971291],[106.761848000385001,-6.60194809992481],[106.761891100393996,-6.60199689983699],[106.761983899637002,-6.60212710008557],[106.762031599679005,-6.60218650030669],[106.762052099724997,-6.60221280008062],[106.762075199711006,-6.60223799998369],[106.762094099863006,-6.60225609973918],[106.762111499946002,-6.60226849959156],[106.762134000084004,-6.60228069979439],[106.762158199940998,-6.60229089990509],[106.762247400098005,-6.60231759987727],[106.762698699685004,-6.60237669972486],[106.762746600274994,-6.60238370004765],[106.763108900256,-6.60245860008428],[106.763256899886002,-6.60246839999661],[106.763257100434998,-6.60246839999661],[106.763292999572002,-6.6024745999228],[106.763474700396998,-6.6024685996461],[106.763564100202998,-6.60245960013037],[106.763699699981004,-6.60244170002437],[106.763719500354995,-6.60243810003823],[106.763798799875005,-6.60241950025966],[106.763930199819001,-6.60238880010297],[106.764059700394995,-6.60234329980341],[106.764294599715996,-6.60225349979913],[106.764431200440001,-6.60219249968407],[106.764533199747007,-6.60214369977189],[106.764596100130007,-6.60211329998873],[106.764652199839006,-6.60208550014568],[106.764662099576,-6.60208049991508],[106.764700499727994,-6.60206280035789],[106.764766199700006,-6.60203620021042],[106.764824099852007,-6.60201930015052],[106.764873100312997,-6.60200729959718],[106.764930000419,-6.60199649963869],[106.764991200183999,-6.60198750012296],[106.765074499888001,-6.60197450042278],[106.765270300284001,-6.60195849968494],[106.765312500072,-6.60195500042289],[106.765349400155003,-6.60195370000321],[106.765377600196004,-6.60195479987408],[106.765415100127001,-6.60195710033986],[106.765454500325006,-6.60196259969416],[106.765553299844996,-6.60198500000769],[106.765622800352006,-6.60200800016901],[106.765644900292003,-6.60201930015052],[106.765843500277001,-6.60212090015938],[106.765914900153007,-6.60215840009005],[106.766061999561998,-6.60225769963307],[106.766189400220995,-6.60234920025533],[106.766215699995001,-6.60236820023221],[106.766324199601996,-6.60244689990446],[106.766447699902002,-6.60253280044833],[106.766489100192004,-6.60255169970111],[106.766561699763002,-6.60257989974252],[106.766600900311005,-6.60260149965944],[106.766670399918993,-6.6026342997331],[106.766705499558995,-6.60265019974685],[106.766777099983003,-6.6026817003002],[106.766831099775999,-6.60270309966825],[106.766833300417005,-6.60270380024014],[106.766920799955003,-6.60273110006017],[106.766961399848995,-6.60273830003246],[106.767245099980997,-6.60275229977879],[106.767406799884,-6.60271770016169],[106.767452800206996,-6.60270569960829],[106.767497500109997,-6.60269670009257],[106.767554699689995,-6.60268530028634],[106.767637899568996,-6.60267019976988],[106.767709300343995,-6.60265829994052],[106.767770900306999,-6.60264830037869],[106.767845800342997,-6.6026403000098],[106.767926799582,-6.60263340041104],[106.768009600162998,-6.60262940022659],[106.768010799858999,-6.60262959987608],[106.768062000060993,-6.60263419990838],[106.768072899844995,-6.6026352997792],[106.768141900328004,-6.60263920013892],[106.768187100255005,-6.60264330014815],[106.768236699664001,-6.60264749998208],[106.768473400326997,-6.60266170027722],[106.768556600207006,-6.60266709980675],[106.768605599769003,-6.60266790020336],[106.768652699962004,-6.60266680033254],[106.768694100253001,-6.60266599993588],[106.768737300086002,-6.60266580028639],[106.768779999897006,-6.60266270032332],[106.768841400211002,-6.6026586003141],[106.768891800017002,-6.60265350025878],[106.768986500427005,-6.60263910031421],[106.769140500334004,-6.60248439983513],[106.769232300430005,-6.60239090002],[106.769309599858005,-6.60231959996952],[106.769381200281998,-6.60226689969761],[106.769481099673001,-6.60221489999759],[106.769516399861999,-6.6022032996425],[106.769564400277005,-6.60218309997003],[106.769609299829,-6.60216519986403],[106.769643500146998,-6.60215370023303],[106.769684100041005,-6.60214159985492],[106.769721599972002,-6.6021308997212],[106.769781000193007,-6.60211759964744],[106.769831900021998,-6.60210769991039],[106.769832800244004,-6.6021075002609],[106.769884299921003,-6.60209899986893],[106.769900199934,-6.60209620027939],[106.769933300381993,-6.60209260029325],[106.769971599810006,-6.60208810008572],[106.770011599856005,-6.60208390025173],[106.770085400021003,-6.60208119958764],[106.770197499614994,-6.60207360031637],[106.770200200279007,-6.60207329994279],[106.770315100361998,-6.60206889956004],[106.770469100268997,-6.6020590996477],[106.770645700138999,-6.60205019995669],[106.770691999936005,-6.60204869988752],[106.770751699631006,-6.60204700016885],[106.770899700160996,-6.60202950026115],[106.771184699814,-6.60196120034908],[106.771348499634001,-6.60191999970817],[106.771403500370994,-6.60190030005873],[106.771679999631999,-6.60180070014218],[106.771804599803005,-6.60176919958883],[106.771856999701001,-6.60175640043747],[106.771955100447997,-6.60173690043757],[106.771984799658995,-6.60173190020697],[106.772074200364003,-6.6017183995844],[106.772219299680998,-6.60170029982891],[106.772351599846999,-6.60166970039631],[106.772393599984994,-6.60165779966769],[106.772430300417994,-6.60164129980609],[106.772466999952002,-6.60162479994449],[106.772598999744005,-6.60157540018452],[106.772611899620003,-6.60157120035058],[106.772782599937003,-6.60154830001397],[106.772844699922999,-6.60154649957127],[106.772902100051994,-6.60154920023535],[106.772952999880999,-6.60155130015232],[106.773159899709995,-6.60156269995861],[106.773281200266993,-6.6015807997141],[106.773295200014005,-6.60158300035516],[106.773350799699998,-6.60159590023056],[106.773451299838001,-6.60162200035501],[106.773590200127998,-6.60167919993506],[106.773766700172999,-6.60176160031756],[106.773777599956006,-6.60176709967186],[106.773944899937007,-6.60184230008201],[106.774025099678994,-6.60187009992512],[106.774109699803006,-6.60189109999425],[106.774238499806998,-6.60192270037226],[106.774290700056,-6.60192940032152],[106.774318400073994,-6.60193279975886],[106.774429600345997,-6.60194030010473],[106.774551800224998,-6.6019307996666],[106.774600299764003,-6.60192170032616],[106.774674199754998,-6.60190249980047],[106.774789300386004,-6.60187460013265],[106.774953100206005,-6.60183739967619],[106.775023599858997,-6.60182740011436],[106.775168200051993,-6.60179970009602],[106.775202900394007,-6.60179870004993],[106.775208000448998,-6.60179860022515],[106.775224899609995,-6.60179810020213],[106.775279599973999,-6.60180260040966],[106.775341199935994,-6.60180430012832],[106.775383100249996,-6.60181179957482],[106.775389800198994,-6.60181290034501],[106.775420600180993,-6.60182480017437],[106.775534900414996,-6.60186900005425],[106.775634899631001,-6.6019055997636],[106.775638200143007,-6.60190669963441],[106.775728599995006,-6.60193229973578],[106.775780200395999,-6.60194509978646],[106.775912300013005,-6.60197760038591],[106.775969399768002,-6.60198459980938],[106.776019599924993,-6.60198709992466],[106.776064299827993,-6.60198709992466],[106.776308400112995,-6.60201689986002],[106.776384900042999,-6.60202619974928],[106.776512500351998,-6.60203699970771],[106.776687500327995,-6.60205170002587],[106.776849600429003,-6.60205830015036],[106.776887100359005,-6.60205520018729],[106.776984999657998,-6.60203329989685],[106.777051099828,-6.6018945003309],[106.777071199676001,-6.60184430017426],[106.777094799685003,-6.60178559962566],[106.777131500118998,-6.60172680015165],[106.777169500072006,-6.60168429999038],[106.777184499865001,-6.60167300000887],[106.777221700320993,-6.60163500005518],[106.777272799800002,-6.60159790032282],[106.777371299845996,-6.60154889986177],[106.777505100080006,-6.6014928999773],[106.777512100403001,-6.60148929999116],[106.777531499679,-6.60148310006497],[106.777614999931998,-6.60145120021269],[106.777957100240002,-6.60133649977962],[106.777978999631003,-6.60133050040224],[106.778220999998993,-6.60125830013038],[106.778301400288996,-6.60123089958631],[106.778310800002998,-6.60122840037036],[106.778541600214993,-6.60119599959563],[106.778637299772001,-6.60118440013991],[106.778686300233005,-6.60117550044896],[106.778814100190999,-6.60116230019997],[106.778848599982993,-6.60115749961886],[106.778897999742995,-6.6011547998541],[106.779070999626995,-6.60115260011236],[106.779151800115997,-6.6011557999002],[106.779210300114997,-6.60115980008465],[106.779312699621002,-6.60116659985863],[106.779509800436998,-6.60116800010309],[106.779507800345002,-6.60091069956906],[106.779504400007994,-6.60047050031329],[106.779504099635005,-6.60039870023979],[106.779496899662007,-6.60017209986245],[106.779491799607001,-6.600102899729],[106.779475100095993,-6.59992500033843],[106.779461899847007,-6.59982100003907],[106.779457600187996,-6.59977010020992],[106.779449300344993,-6.59967260021028],[106.779437600164997,-6.59953279969892],[106.779433900353993,-6.59937309988862],[106.779430800390998,-6.59923190003212],[106.779424100442,-6.59908789968677],[106.779401999602996,-6.59897530006998],[106.779386899985994,-6.59890180027782],[106.779322100235007,-6.59875670006159],[106.779268399917001,-6.59862089973467],[106.779268100443005,-6.59862000041267],[106.779186200083004,-6.59836059996167],[106.779160799631001,-6.59819670031743],[106.779150499696001,-6.59812450004557],[106.779121699807007,-6.5979035995714],[106.779112399916997,-6.59779180035127],[106.779108799930995,-6.59774999986257],[106.779105000295999,-6.59768749967833],[106.779103000202994,-6.5976246001951],[106.779096300253997,-6.59752369985881],[106.779095300207999,-6.5973045998274],[106.779095099659003,-6.59725360017347],[106.779095400033,-6.59724850011816],[106.779115800254004,-6.59703729973154],[106.779138800414998,-6.59686360017497],[106.779144600142999,-6.59684429982451],[106.779173599681997,-6.59674660017544],[106.779248999741995,-6.59648700007494],[106.779316699806003,-6.59632459960056],[106.779338799746,-6.59626509955467],[106.779632399616006,-6.59617450005311],[106.779658499739995,-6.59618039960571],[106.779820300367007,-6.59621700021432],[106.779989399890994,-6.59625230040331],[106.780350099976999,-6.59632230003405],[106.780518099630996,-6.59633750037528],[106.780684199915996,-6.59632539999717],[106.780737000013005,-6.59630819956374],[106.780824799925,-6.5962718004032],[106.780984999758005,-6.59613509985491],[106.781174799876993,-6.59596379968957],[106.781252200029002,-6.5958927001879],[106.781447100204005,-6.59570659987963],[106.781715900368994,-6.59544620028186],[106.781723999663001,-6.59543619982071],[106.781777299783002,-6.59536870030524],[106.782202299597003,-6.59489479985507],[106.782313900066001,-6.59475200010468],[106.782320400366004,-6.59471879983272],[106.782377799596006,-6.59462820033116],[106.782461799871996,-6.59449249982896],[106.782474300448996,-6.59447700001351],[106.782488300194998,-6.59445940028104],[106.782521999590998,-6.5944327003088],[106.782560000443993,-6.59439940021213],[106.782602600429996,-6.59437160036902],[106.782650900318998,-6.594349000406],[106.782701099576002,-6.59433039972811],[106.782759200276999,-6.59432209988495],[106.782761599668007,-6.59432150003715],[106.782815600359996,-6.59431980031849],[106.782904699791999,-6.59433060027692],[106.782917499842995,-6.5943355996082],[106.783012499726993,-6.59441470037808],[106.783078199699005,-6.5944727003548],[106.783100199814001,-6.59448550040548],[106.783271900177994,-6.5946084997824],[106.783397899693,-6.5946913003632],[106.783450799614997,-6.59471459999872],[106.783539399923001,-6.59477190030293],[106.783655700249994,-6.59483820012281],[106.783721800421006,-6.59487749959686],[106.783834499861996,-6.59495050026533],[106.783887700156995,-6.5949809998732],[106.783984600308997,-6.59502540030195],[106.783995699741993,-6.59503110020506],[106.784235199994995,-6.59513599982648],[106.784617900195997,-6.59526350031024],[106.784678500113003,-6.595284100181],[106.784984599660007,-6.59534799971038],[106.785144400194,-6.59536239965496],[106.785157899916996,-6.59536400044823],[106.785309100234997,-6.59538119998234],[106.785446499556002,-6.5953969003466],[106.785593000017002,-6.5954069997332],[106.785750900284,-6.59542299957172],[106.785878200219003,-6.59543600017122],[106.786016800135002,-6.59544410036489],[106.786114200309996,-6.595449800268],[106.786197300365004,-6.59545469977451],[106.786223799788999,-6.59545629966846],[106.786346899890006,-6.59545810011116],[106.786470400189003,-6.59546720035098],[106.786716700216004,-6.59548589995427],[106.786889000426996,-6.59549140020789],[106.787069899955995,-6.59549739958527],[106.787387099835001,-6.59550790006949],[106.787447699751993,-6.59550010024935],[106.787489000216993,-6.59548770039703],[106.787515100342006,-6.59546659960387],[106.787538599626998,-6.59543750024039],[106.787550000332004,-6.59540970039728],[106.787560200442996,-6.59534749968731],[106.787511299806994,-6.59523149973387],[106.787346599765996,-6.59484239995675],[106.787290900255002,-6.59471230043226],[106.787251199682999,-6.59462870035418],[106.787231400208995,-6.5945859996441],[106.787180799853999,-6.59448059999966],[106.787131599744001,-6.59437859979249],[106.786957499989001,-6.59401429972013],[106.786910700169003,-6.59391640042151],[106.786893800108999,-6.59388310032477],[106.786840699639001,-6.59377600006229],[106.786793200145993,-6.59368019978137],[106.786761300294003,-6.59360519991998],[106.786646500035999,-6.59333450038685],[106.786621300133007,-6.59328239996273],[106.786608300433002,-6.59325589963999],[106.786599100367994,-6.59323679983839],[106.786586499967001,-6.59321179958482],[106.78647130041,-6.59300820026817],[106.786393699710004,-6.59289900008872],[106.786303500406007,-6.59274479963273],[106.786260000198993,-6.59277000043511]]]}},
{"type":"Feature","properties":{"FID":11,"Keterangan":"Trayek Angkot Ibukota Kabupaten Bogor","Nama":"Rute Kor 1 (Sentul Selatan-Cileungsi)","id":null,"@id":null,"colour":null,"colour:back":null,"from":null,"name":null,"network":null,"old_ref":null,"operator":null,"ref":null,"roundtrip":null,"route":null,"to":null,"type":null,"via":null,"layer":"angkot-kabupaten-bogor","path":"C:/Users/Dzaka/Desktop/kuliah_smster_5/sig/tugas Akhir/frontend/public/rute/angkot-kabupaten-bogor.geojson"},"geometry":{"type":"MultiLineString","coordinates":[[[106.864762999712994,-6.57306600009576],[106.864993000427006,-6.57296399988866],[106.865065000149997,-6.57276699979718],[106.865071999573004,-6.57197200000775],[106.865048000265006,-6.57185099982371],[106.864919999758001,-6.57163699984761],[106.864859999689003,-6.57151399957138],[106.864891000219998,-6.57131200014862],[106.864943999966002,-6.5711230004261],[106.864985000057999,-6.57085899994286],[106.865082000033993,-6.57071000026627],[106.865254999917994,-6.57044499973688],[106.865335000010006,-6.57012500026849],[106.865399000264006,-6.56969900040849],[106.865356000079004,-6.56954599964814],[106.865304000378998,-6.5694440003403],[106.865181000102993,-6.56924900034107],[106.865108000334004,-6.56907799964989],[106.865001999941995,-6.56877700015838],[106.864430999690995,-6.56715299991095],[106.864180999853005,-6.56656299968262],[106.864092000246004,-6.56638400042124],[106.864033000223003,-6.56629900009875],[106.864005999876994,-6.56618400019141],[106.864002999739,-6.56601699968473],[106.864030000084,-6.56570399963982],[106.864048000015003,-6.56533999994099],[106.864065999946007,-6.56500599982701],[106.864080999737993,-6.56468300022021],[106.864093000292002,-6.56432699999101],[106.864111000223005,-6.56409700017639],[106.864103999899996,-6.56393599994641],[106.864045999922993,-6.56376900033905],[106.863987999946005,-6.56363400040874],[106.863804999601001,-6.56357200024758],[106.863471000385999,-6.56347300017876],[106.862791999650995,-6.56333600015626],[106.862229999815,-6.56325099983371],[106.862022000115005,-6.56321199983387],[106.861912000439006,-6.56314899962661],[106.861711000162998,-6.56303099958092],[106.861328999633997,-6.56271700038923],[106.861112000418998,-6.56240400034432],[106.860877000372994,-6.56202099976929],[106.860646999658996,-6.56174000030075],[106.860402000052005,-6.56153699993257],[106.860239999775999,-6.56145999997898],[106.860076000307004,-6.56141899988688],[106.859879000215997,-6.56139499967946],[106.859764000308004,-6.56138700020983],[106.859681000077998,-6.56136300000242],[106.859476999663997,-6.56121999970316],[106.859394000332998,-6.56120800004914],[106.859214000126002,-6.56121100018748],[106.858847000289003,-6.56125000018733],[106.858609000105005,-6.56129599961065],[106.858280000221995,-6.56134700016389],[106.857928000176997,-6.56138300002539],[106.857617000223996,-6.56140300004836],[106.857369999626002,-6.56139299958721],[106.857095000434001,-6.56135899981791],[106.856822000435002,-6.56129599961065],[106.856571999698005,-6.56123300030265],[106.856182999745997,-6.56112599986494],[106.855797999977995,-6.56100899986541],[106.854897999843004,-6.5606949997744],[106.853144999942003,-6.55999499986928],[106.850433999928995,-6.55885899964306],[106.850429999745003,-6.55881600035809],[106.850498000182995,-6.55869900035856],[106.850623999698001,-6.55840100010602],[106.850741999744002,-6.55806399985369],[106.850932000412001,-6.55752400013245],[106.851093999788006,-6.55699700011144],[106.851246999649007,-6.55653600043604],[106.851456000293993,-6.55587699972369],[106.851563999879005,-6.55548599967909],[106.851641999877998,-6.55517000039515],[106.851662999948005,-6.55476299961271],[106.851718999832002,-6.55435999991403],[106.851782000038995,-6.55380400035426],[106.851811999624005,-6.5530970001264],[106.851822000084994,-6.55261899966706],[106.851854999807998,-6.5522440003603],[106.851818999947,-6.55165200003972],[106.851785000177998,-6.55139900006378],[106.851751000408001,-6.55089800034239],[106.851803000108006,-6.55053399974423],[106.851879000015998,-6.55008899990736],[106.851987999646994,-6.54964199997829],[106.852095000084006,-6.54930999995651],[106.852208999945006,-6.54913099979575],[106.852312000199007,-6.54902400025736],[106.852525000129006,-6.54882400002754],[106.852777000059007,-6.54852699982115],[106.852921999551,-6.54832999972967],[106.853000999597,-6.54807999989203],[106.853008999964999,-6.54791400033082],[106.853008999964999,-6.54790800005412],[106.853011000058004,-6.5474670004017],[106.852992000081002,-6.54709000010337],[106.852906999758005,-6.54675499994323],[106.852797000082006,-6.54651299957521],[106.852665000290003,-6.54619600024518],[106.852567000267001,-6.54596699957733],[106.852524000082994,-6.54578300008535],[106.852486000129005,-6.54556399987865],[106.852525000129006,-6.54525500001819],[106.852610999597999,-6.54484800013506],[106.852707999575003,-6.54440400034429],[106.85280000022,-6.54412900025312],[106.852906999758005,-6.54387700032328],[106.853002999688997,-6.54363900013971],[106.853106999988,-6.54330099984122],[106.853166000011001,-6.54297600014223],[106.853180999803001,-6.54267899993585],[106.853187000079998,-6.54241799959095],[106.853194000402993,-6.54214000026076],[106.853285000103,-6.54134400042523],[106.853368000333006,-6.54070099955146],[106.853443000194005,-6.54018199989935],[106.853510999733004,-6.53955899994782],[106.853513999870998,-6.53912199958057],[106.853502000217006,-6.53889199976595],[106.853417999941001,-6.53851799960597],[106.853331999572006,-6.538244999607],[106.853272000402995,-6.53797999997698],[106.853193000356995,-6.53771100016246],[106.853105999942002,-6.53739800011755],[106.853033000172999,-6.53709399958837],[106.852926999781005,-6.53665700012039],[106.852822000334996,-6.53624199986837],[106.852768999689999,-6.53577900010072],[106.852772999874006,-6.53546500000971],[106.852823000380994,-6.53486999955078],[106.852921000403995,-6.53453800042831],[106.85302099962,-6.53411899999179],[106.853184999988002,-6.53357800022451],[106.853461000124994,-6.53275299995096],[106.853706999777998,-6.53216199967648],[106.853981999869006,-6.53152199984038],[106.854390999844995,-6.53059600030514],[106.854886000188998,-6.52955499996324],[106.855060000118996,-6.52921599961866],[106.855323999703003,-6.52857699982866],[106.855647000209004,-6.52789299976206],[106.855901000231,-6.52737900034055],[106.856122999676998,-6.5269430000194],[106.856363999999004,-6.52660100043579],[106.856622000204993,-6.52624400016043],[106.856904999766002,-6.52585700030028],[106.857169000249002,-6.52552100009405],[106.857529999809998,-6.52509000000345],[106.857838999669994,-6.5246529996362],[106.858022000014998,-6.52439799956795],[106.858182000198994,-6.52404799961545],[106.858322000360005,-6.52371100026238],[106.858504999806001,-6.52326600042551],[106.858648000105006,-6.5229530003806],[106.858768000243003,-6.52264999989751],[106.858891999666,-6.52240700038271],[106.859078000150006,-6.52193900038452],[106.859154000057003,-6.52179199990081],[106.859284999802995,-6.52142299997144],[106.859421999825003,-6.52086000008887],[106.859511000332006,-6.52052800006709],[106.859591999570995,-6.52021299992998],[106.85966500024,-6.5199880003459],[106.859780000146998,-6.51976800009311],[106.860019000376994,-6.51926700037171],[106.860298999798999,-6.51868499961302],[106.860437999913998,-6.51845599984449],[106.860616000028003,-6.51819300030667],[106.860866999912005,-6.51789099986968],[106.861086000119002,-6.51763099957094],[106.861295999910993,-6.51737400030982],[106.861574000139996,-6.51696200019609],[106.861991999631002,-6.51637199996776],[106.862360999561005,-6.51582099973928],[106.862577999674997,-6.51549499999419],[106.862763000111997,-6.51522199999528],[106.863028999788995,-6.51469499997421],[106.863250000087007,-6.51415900043747],[106.863439999855999,-6.51372600025468],[106.863682000224003,-6.51322000030274],[106.863862000430998,-6.51280199991231],[106.864048000015003,-6.51223599989146],[106.864232000407,-6.511674000055],[106.864477000014006,-6.51117200028756],[106.864544000405004,-6.51094699980416],[106.864746999874001,-6.51054400010548],[106.864993999573002,-6.51014799983028],[106.865173999779998,-6.50987399978521],[106.865328999734004,-6.50961300033964],[106.865572000148006,-6.50924599960314],[106.865777999754997,-6.50891200038848],[106.866031999776993,-6.5085329999979],[106.866315000236995,-6.50812900025312],[106.866630000374002,-6.50764799965543],[106.866931999911998,-6.50717400027986],[106.867217999611,-6.50670500023551],[106.867703000393007,-6.50601800003062],[106.867955000322993,-6.50575000026225],[106.868359000067997,-6.50529700005649],[106.868640999582993,-6.50501100035734],[106.868990000387996,-6.50462000031274],[106.869610000201007,-6.503965999831],[106.870005999577003,-6.50362600033958],[106.870341999784003,-6.50335699962579],[106.870680000082004,-6.50298499955801],[106.871050000058005,-6.50254199981339],[106.871412999710003,-6.50211199976894],[106.871832000146995,-6.5016469999091],[106.872100999961006,-6.50126500027949],[106.872467999798005,-6.50074599972805],[106.872802999959006,-6.50027300039858],[106.873133999933998,-6.49980200026204],[106.873502999864002,-6.49935600037907],[106.873840000116004,-6.4988929997121],[106.874518999952002,-6.49797299955424],[106.874799000273995,-6.49755199992484],[106.875162999973,-6.49695999960426],[106.875888000130999,-6.49590599956218],[106.876204000314004,-6.49547400032481],[106.876596000405002,-6.49503399981921],[106.876943000219001,-6.49464399982071],[106.877222999642001,-6.49434000019079],[106.877395000378996,-6.49415499975339],[106.877708999570999,-6.49375600023916],[106.878635000005005,-6.49254400010545],[106.879153999657007,-6.49183299969315],[106.879277999980005,-6.49171200040843],[106.879532000002001,-6.49163699964777],[106.879761999815997,-6.49158599999385],[106.880037999953998,-6.49152099969433],[106.880261000345001,-6.49147100008656],[106.880467999998004,-6.49142599981002],[106.880561999836004,-6.49138299962567],[106.880676999743997,-6.49130599967208],[106.880785000228002,-6.4911499996727],[106.880918000066004,-6.49078099974332],[106.881039000249999,-6.49045800013653],[106.881177000318004,-6.4900799997921],[106.881253000225996,-6.4898679999082],[106.881328000086995,-6.4894709995869],[106.881486000178995,-6.48891500002719],[106.881647000409004,-6.48831800037539],[106.881932000061994,-6.48729900014871],[106.882078999645998,-6.48683000010436],[106.882269000313997,-6.48619499959949],[106.882447000428996,-6.48550800029392],[106.882695000173996,-6.48468700020487],[106.882817000404003,-6.48417299988398],[106.882985000058,-6.48343900020967],[106.883020999918998,-6.48312300002641],[106.883069000334004,-6.48252400028235],[106.883053999642001,-6.48200399968476],[106.883007000172995,-6.48160400012444],[106.882914000381007,-6.48119400010296],[106.882770000036004,-6.48068299992048],[106.882679000335997,-6.48035199994479],[106.882543000358993,-6.47977400026986],[106.882479000106002,-6.47939299978708],[106.882550999828993,-6.47912600006481],[106.882692000036002,-6.47876100031988],[106.882933000357994,-6.47829500041388],[106.883208999595993,-6.47779699993157],[106.883466999801996,-6.47741400025586],[106.883760999870006,-6.47697799993472],[106.884122000329995,-6.4764889998674],[106.884468000097996,-6.47598500000771],[106.885039000350005,-6.47518199984938],[106.885385000118006,-6.47464200012814],[106.885774000070001,-6.47408899980746],[106.886222000044995,-6.47346499980984],[106.887060000019005,-6.47215200041444],[106.888222999692005,-6.47048700007497],[106.889127000011001,-6.46910500019556],[106.889602000332005,-6.46831799987575],[106.889872000192995,-6.46789400010795],[106.890190999615001,-6.46736199985634],[106.890512000029005,-6.46682100008906],[106.890744999982005,-6.46644699992908],[106.891079000095999,-6.46576800009308],[106.891432000186995,-6.4649609997503],[106.891581999908993,-6.4645430002592],[106.891763000162001,-6.46426500002968],[106.891805000301005,-6.4641799997072],[106.891868999655003,-6.46383600003134],[106.891902000277,-6.46313099989567],[106.891910999792998,-6.46267400040478],[106.891995000069002,-6.46251999959827],[106.892100999562004,-6.46242100042878],[106.892105999791994,-6.46241900033652],[106.892113000115003,-6.46241600019823],[106.892363999999006,-6.46236699973719],[106.892930000020002,-6.46226599957618],[106.893480000202004,-6.46220699955336],[106.893957999761994,-6.46212600031464],[106.894234999944999,-6.46189400040777],[106.894436000221006,-6.46146799964839],[106.894728000197006,-6.46056800041282],[106.894876999874,-6.460155000253],[106.895032999872996,-6.45992599958515],[106.895483999986993,-6.459578999771],[106.896117000399002,-6.45922200039496],[106.897494000047999,-6.45841900023663],[106.898867000411997,-6.4576109998477],[106.899803000407999,-6.45705700038019],[106.900488999667999,-6.45664300017427],[106.901046000172997,-6.45627200015264],[106.901611000147994,-6.45584100006204],[106.902087999661006,-6.45547200013266],[106.902464999960003,-6.4551569999955],[106.903795000138999,-6.4540910002994],[106.904589999929001,-6.45346800034787],[106.905149999673,-6.45303099998063],[106.906334000314004,-6.45213600007628],[106.907977999685002,-6.45093599959665],[106.908847000188999,-6.4503070002678],[106.909352000094998,-6.44993600024617],[106.909512000278994,-6.44980599964714],[106.909761000070006,-6.44950400010947],[106.909966999676996,-6.44924900004128],[106.910081000437998,-6.44910499969592],[106.910295000413996,-6.44867699974367],[106.910449000320995,-6.44827199995279],[106.910607000412995,-6.44785300041559],[106.910748999766994,-6.4475449997019],[106.910900000435007,-6.44728400025633],[106.911159999833998,-6.44685800039633],[106.911359000017995,-6.44660400037429],[106.911570999901997,-6.446308000214],[106.911796000384996,-6.44616199977639],[106.912109999576998,-6.44602899993834],[106.912359000267998,-6.44598499970795],[106.912600999736,-6.44595500012309],[106.912884000196996,-6.44599099998459],[106.912888000381002,-6.44599600021519],[106.913235000195002,-6.44619799963795],[106.913536999732997,-6.44645499979833],[106.913993000076999,-6.44685800039633],[106.914352999591003,-6.44718200004922],[106.915020999819006,-6.44772900009326],[106.915490999910006,-6.44815599999936],[106.916062000161006,-6.44863799974382],[106.917335000410006,-6.44973900015469],[106.918591999921006,-6.45089200026553],[106.919567999962993,-6.45186300007737],[106.919704999985996,-6.45204100019197],[106.920068999685,-6.45257499963645],[106.920414000305996,-6.45306499974987],[106.920736999913004,-6.45353799997866],[106.921191000164995,-6.45415200041447],[106.921378999840996,-6.4543339998142],[106.921380999933007,-6.45433599990645],[106.921594999909004,-6.4544410002519],[106.921595999955997,-6.4544410002519],[106.921734000024003,-6.4544699997906],[106.921907999954001,-6.45448499958303],[106.922126000115,-6.45441700004449],[106.922128000206996,-6.45441499995224],[106.922344000275004,-6.45427499979138],[106.922704999836,-6.45396399983866],[106.922965000134994,-6.45370999981657],[106.923177000018995,-6.45355599990944],[106.923181000203002,-6.45355399981719],[106.923424999763995,-6.45349099960987],[106.923730000339006,-6.4534759998175],[106.923986999600004,-6.45355399981719],[106.924308000013994,-6.45363199981688],[106.924629000427998,-6.45377300002389],[106.924636999897999,-6.45377800025449],[106.924957000264996,-6.45389800039237],[106.925394999779002,-6.45414600013777],[106.925873000238994,-6.45436300025222],[106.926159999983994,-6.45445399995208],[106.926586999890006,-6.45465200008971],[106.926774000419996,-6.45479100020447],[106.927089999703995,-6.45505899997283],[106.927294000117996,-6.45523700008744],[106.927623000002001,-6.4555769995788],[106.927999000254005,-6.45592500033843],[106.928341999883003,-6.45626900001429],[106.928649999697996,-6.45652500012858],[106.928797000181007,-6.45662000001295],[106.928923999743006,-6.45670999966671],[106.929084999973,-6.45679800012755],[106.929195999696006,-6.45681500001217],[106.929326000295006,-6.45678300033518],[106.929328000387002,-6.45678100024293],[106.929428999649005,-6.45670799957446],[106.929703999739999,-6.45647599966759],[106.930067000291999,-6.45617099999163],[106.930400000359995,-6.45588600033858],[106.930811999574004,-6.45552299978658],[106.931359999663997,-6.45503899994986],[106.931881000307996,-6.45458199955959],[106.932289000237006,-6.45418400009146],[106.932644999567003,-6.45389700034622],[106.932936000395998,-6.45364100023193],[106.933066000096005,-6.45352100009404],[106.933169000348997,-6.45334099988719],[106.933362000255997,-6.45296599968111],[106.933485999678993,-6.45266100000509],[106.933619000416996,-6.45238399982168],[106.933795000439005,-6.45205800007659],[106.933992999677002,-6.45172500000871],[106.934218000160996,-6.4513770001484],[106.934424999813999,-6.45106400010349],[106.934569000159001,-6.45081600035809],[106.934776999858997,-6.4505250004284],[106.934984000411006,-6.45017699966877],[106.935126999811004,-6.44997900043046],[106.935323999903005,-6.449874000085],[106.935524000133,-6.44979399999306],[106.935721000224007,-6.44966600038555],[106.935840000316006,-6.44961499983231],[106.936002999739003,-6.44958300015526],[106.936274999692003,-6.44953099955592],[106.936537000083007,-6.44943999985605],[106.936954000426994,-6.44936900017916],[106.937229999665007,-6.4492730002487],[106.937610000101003,-6.4490590002726],[106.937617999571003,-6.44905500008815],[106.937803000008998,-6.44874099999709],[106.937871000445995,-6.44838599981398],[106.937871999593,-6.44838099958344],[106.937862000031004,-6.4479769998386],[106.937871000445995,-6.4473719998179],[106.937846000193005,-6.44699500041889],[106.937834999686004,-6.44662999977464],[106.937835999732002,-6.44662500044336],[106.937917999915996,-6.44634800025995],[106.938062000260999,-6.44606799993818],[106.938397000421006,-6.44564100003208],[106.938736999913004,-6.44528699989508],[106.939098000372994,-6.44496799957346],[106.939711999908994,-6.44440499969096],[106.940203000067996,-6.44397399960036],[106.940679999582002,-6.44356799976333],[106.941067000342002,-6.44331299969514],[106.941406999833006,-6.44318800022597],[106.942023000361004,-6.44305899967304],[106.942553999666998,-6.44303799960397],[106.943428000401994,-6.44303699955782],[106.943993000377006,-6.44303999969617],[106.946179999606997,-6.44305400034182],[106.946659000113002,-6.44297700038823],[106.947019999673003,-6.44283900031957],[106.947021999765994,-6.44283900031957],[106.947329999580006,-6.44269199983586],[106.947971000360994,-6.44236399999858],[106.948735999666994,-6.4419499997926],[106.949689999594,-6.44138599986394],[106.950255999614996,-6.44103699995753],[106.951252999725995,-6.44040100030588],[106.951907000207996,-6.43997300035363],[106.952574000390001,-6.43953900012468],[106.953491999555993,-6.43897300010383],[106.954029000038005,-6.43864800040484],[106.954462000221,-6.43849999987503],[106.954996999711994,-6.43833600040603],[106.955606999962995,-6.43817400012995],[106.956170999891995,-6.43798999973865],[106.956599999890003,-6.43781899994684],[106.956990999935002,-6.43752399983271],[106.957400999955993,-6.43703099958094],[106.957714000001005,-6.43651800020552],[106.958070000229995,-6.43587800036937],[106.958245000207,-6.43541899988691],[106.958317999976003,-6.43504499972693],[106.958314999837,-6.43482500037339],[106.958316999930005,-6.43448199984437],[106.958331999722006,-6.43379699973173],[106.958313999791002,-6.43323499989526],[106.958301000090998,-6.43259199992082],[106.958302000136996,-6.43199999960024],[106.958316999930005,-6.43154800033989],[106.958358000022002,-6.43129699955682],[106.958358000022002,-6.43129600041004],[106.958454999997997,-6.43090100018094],[106.958563999629007,-6.43050399985964],[106.958631000021001,-6.43004899956162],[106.958666999881999,-6.42965600032409],[106.958687999950996,-6.42906299995741],[106.958703999790004,-6.4284949998443],[106.958724999859001,-6.42775599993939],[106.958796999582006,-6.42680900033503],[106.958813000320006,-6.42602700024582],[106.958887000134993,-6.4249770003882],[106.958941999973007,-6.42461699997455],[106.959136999972998,-6.42395500002317],[106.959292999972007,-6.42352099979428],[106.959356000179,-6.42322000030271],[106.959390999994994,-6.42271600044302],[106.959423999717998,-6.42212500016859],[106.959436000270998,-6.42084699968922],[106.959465999855993,-6.41970600013173],[106.959489000017001,-6.4191220001801],[106.959563999878995,-6.41874900006627],[106.959563999878995,-6.41874399983567],[106.959666000086003,-6.41845700009043],[106.960200999576998,-6.41736400004851],[106.960771999827998,-6.41619700019135],[106.961253000425998,-6.41516999959578],[106.961597000102003,-6.41437799994469],[106.961911000192998,-6.41356200008619],[106.962020999868997,-6.41319200011066],[106.962060999914996,-6.41298499955803],[106.962038999800001,-6.41259999979013],[106.961895000354005,-6.41206400025334],[106.961775000215994,-6.41163900043949],[106.961675000100996,-6.41109999986503],[106.961642000378006,-6.41051800000565],[106.961546999594006,-6.40979099975476],[106.961475999917994,-6.40914799978032],[106.961398999964004,-6.40839099994463],[106.961308000263998,-6.40750499955601],[106.961285000103004,-6.40736600034057],[106.961356999825995,-6.40675399999708],[106.961481000147998,-6.40639000029825],[106.961761999616996,-6.405984999608],[106.962065000099997,-6.40563699974769],[106.962465999705998,-6.40516499956505],[106.963202000371993,-6.40437700009841],[106.964045999722998,-6.4046999997052],[106.965187000179995,-6.40518599963411],[106.965998999853994,-6.40559399956339],[106.967275000241003,-6.40617899956112],[106.968182999845993,-6.40657799997467],[106.968680000282006,-6.4067659996511],[106.969070000279999,-6.40684799983529],[106.969076999704001,-6.40684799983529],[106.969440000256,-6.40688699983514],[106.969555000162998,-6.40693999958126],[106.969438000164004,-6.40744200024807]]]}},
{"type":"Feature","properties":{"FID":12,"Keterangan":"Trayek Angkot Ibukota Kabupaten Bogor","Nama":"Rute Kor 2 (Term. Bojong Gede - Sentul Selatan)","id":null,"@id":null,"colour":null,"colour:back":null,"from":null,"name":null,"network":null,"old_ref":null,"operator":null,"ref":null,"roundtrip":null,"route":null,"to":null,"type":null,"via":null,"layer":"angkot-kabupaten-bogor","path":"C:/Users/Dzaka/Desktop/kuliah_smster_5/sig/tugas Akhir/frontend/public/rute/angkot-kabupaten-bogor.geojson"},"geometry":{"type":"MultiLineString","coordinates":[[[106.793223799738996,-6.49046160012273],[106.793478600157002,-6.49074409966045],[106.793776300036001,-6.49110920012942],[106.793966799827999,-6.49149560014178],[106.794045000376997,-6.49167200036249],[106.794194000052997,-6.49166800017804],[106.794403999845002,-6.49166199990134],[106.794542999960001,-6.49164099983221],[106.794479100429996,-6.49138639996232],[106.794532700024007,-6.49116250024912],[106.794910900017996,-6.48992330012015],[106.795342699605996,-6.48858009969177],[106.795777199857994,-6.48711430008484],[106.795819000346995,-6.48699899980397],[106.795885900014,-6.48682380017817],[106.796022700386999,-6.48664789998054],[106.796398199717004,-6.48627079985749],[106.796509999836999,-6.48621100033733],[106.796650300370999,-6.4861748997518],[106.79678440008,-6.48618020035593],[106.796891699992003,-6.48618419964106],[106.796982900241005,-6.48612690023623],[106.797444200290002,-6.48552459998024],[106.798226099654997,-6.48460390014981],[106.798865800016998,-6.48385630002815],[106.799138100343001,-6.48354320015852],[106.799903800219994,-6.48282489994915],[106.800709799618005,-6.48202539995219],[106.801310599803998,-6.48137910036513],[106.801911499816001,-6.48080219966175],[106.802745600329004,-6.47997999987706],[106.803155999650002,-6.47960820035809],[106.803329000432996,-6.47954019992022],[106.803626700311995,-6.47966279999815],[106.803948600048003,-6.47975340039909],[106.804438100138,-6.47988669971136],[106.804887399633998,-6.48002400010745],[106.805525699751001,-6.48030510030009],[106.805936099971007,-6.48049030038703],[106.806469899766,-6.48065959956085],[106.806986199652997,-6.48070349996652],[106.807645999862999,-6.48072619975426],[106.808080500114997,-6.4809073996567],[106.808627699808994,-6.48120189974782],[106.809034099843998,-6.48139250026361],[106.809369299653994,-6.48155899984789],[106.809881600256006,-6.48165499977836],[106.810613900210996,-6.48173630028998],[106.811794100317996,-6.48182949973159],[106.812801199815993,-6.4819375002154],[106.813486500302005,-6.48200680017362],[106.813890199672997,-6.48205739962924],[106.814276400035993,-6.48213069977192],[106.814669400173003,-6.4821732997579],[106.815779800298003,-6.48225989997434],[106.817575599834001,-6.48244250012124],[106.818109299803993,-6.48249580024094],[106.818974300123998,-6.48263569967776],[106.819538899899996,-6.48269040004186],[106.819774999816005,-6.48267170043857],[106.820508600191999,-6.48222259969316],[106.821315900008997,-6.48168300017028],[106.822029399637003,-6.48126320023647],[106.822718700308002,-6.48097139991012],[106.823117000150006,-6.48092209997486],[106.823890800219999,-6.48093669956899],[106.824707499751,-6.48093409962894],[106.826204200063998,-6.48096210002086],[106.827798799674994,-6.48101800008061],[106.828332600368995,-6.48105929964692],[106.829151999665001,-6.48130049961833],[106.830129599600994,-6.48176689972257],[106.831725499632,-6.48257580033288],[106.833238299607999,-6.48336589971643],[106.834291099954001,-6.4839282997512],[106.834804700077001,-6.48416679995779],[106.835972799805006,-6.48464650013585],[106.836816399857,-6.48496500043439],[106.837633100286993,-6.48503690033266],[106.838602699855002,-6.48504889998668],[106.838911199692006,-6.48504089961779],[106.840174499853006,-6.48494629993178],[106.840305899797997,-6.48500889994074],[106.840865199869,-6.48494899969654],[106.841529000262994,-6.48489969976129],[106.841861600133001,-6.48486369989979],[106.842635400204003,-6.48488369992276],[106.843440100080997,-6.48491969978426],[106.843588999931995,-6.48495159963659],[106.843617100149004,-6.48504489980223],[106.843403899669994,-6.48514220015238],[106.842957299939002,-6.48512890007862],[106.842229099993006,-6.48509690040157],[106.841692600433007,-6.48509159979744],[106.841268800315007,-6.48513690044757],[106.840379699962995,-6.4852062004058],[106.839819100371002,-6.48527150017952],[106.839048000065006,-6.48533410018854],[106.838220499675998,-6.48535939991632],[106.837445400085002,-6.48534070031303],[106.837048399764001,-6.48529939984741],[106.836864699746002,-6.48527949964915],[106.836592400319006,-6.48520880034579],[106.836302699909993,-6.48511159982041],[106.836077399952003,-6.48500630000069],[106.835986199703001,-6.48499030016217],[106.835837399675995,-6.48504630004669],[106.835785099603001,-6.48519679979245],[106.835673800405999,-6.48546469973604],[106.835357300198993,-6.48640140030432],[106.835138200168004,-6.48705830020037],[106.835034900439993,-6.48735009962735],[106.834793499919996,-6.48800300023822],[106.834619199616,-6.48850809996878],[106.834405900212005,-6.48908239983285],[106.834223600439003,-6.48952739966973],[106.834165899935996,-6.48986589999123],[106.834077400352001,-6.49009510030857],[106.833986200102999,-6.49049619973977],[106.833805100025003,-6.49125440017036],[106.833561099565003,-6.49211380041152],[106.833567800414002,-6.492192400259],[106.833605300344004,-6.49223779983453],[106.833739400053005,-6.49230039984354],[106.834100199963999,-6.49238430029516],[106.834456899865998,-6.49249759958451],[106.834887399934004,-6.4927360997911],[106.835367500309999,-6.49311319991421],[106.835654500055,-6.49347699996355],[106.835957600363002,-6.49405399959238],[106.836090399651994,-6.49457229957193],[106.836125199817999,-6.49498140027134],[106.836085000123006,-6.49545169983605],[106.835898700165004,-6.49616470034061],[106.835666700258002,-6.49654179956434],[106.835367600135001,-6.49691219973818],[106.834996199914997,-6.49724540035487],[106.834624699870005,-6.49746389963923],[106.834296100185,-6.49758909965721],[106.833985000408006,-6.49768770042698],[106.833475299745004,-6.49774900001631],[106.833445800183995,-6.49782230015899],[106.833429699621007,-6.49895890023299],[106.833425700335994,-6.49922539993219],[106.833378799792001,-6.49958919998153],[106.833225899756002,-6.50021150026049],[106.833086399617997,-6.50081639955715],[106.833047500342005,-6.50100559982855],[106.833034100443001,-6.50112819990648],[106.833048899687,-6.50126150011806],[106.833078400147997,-6.5013746995827],[106.833259400401005,-6.50173450034686],[106.833767699918994,-6.50235280044132],[106.834265300203995,-6.50296439968724],[106.834322899981998,-6.50308299958073],[106.83434299983,-6.50321360002755],[106.834331000175993,-6.50340009963486],[106.834302800133997,-6.50378649964722],[106.834241100347,-6.5042101999407],[106.834124399820993,-6.50504169961471],[106.834047999716006,-6.50555340036908],[106.833979599979003,-6.50604110001672],[106.833970200265,-6.50618630005766],[106.833964799835996,-6.50648340008877],[106.833956800365996,-6.5075333999464],[106.833947399753001,-6.50814369967196],[106.833940699804003,-6.50830229961139],[106.833903199873006,-6.5085807000392],[106.833821400236999,-6.50917230016148],[106.833711399660999,-6.50978660007149],[106.833614799882994,-6.51014899987638],[106.833470000041004,-6.51059270019289],[106.833368099658003,-6.51102580020046],[106.833292999972002,-6.51132030029157],[106.833264799931001,-6.51148150017104],[106.833231300183996,-6.51179329962105],[106.833192400008997,-6.51224770007127],[106.833091800047001,-6.51292989969505],[106.833052899872001,-6.51320970036733],[106.833027399594997,-6.51349749960986],[106.833008600167005,-6.51384129963623],[106.833051600350998,-6.51426359968531],[106.833166899733001,-6.51488720038395],[106.833205799908001,-6.51511239961752],[106.833275500064005,-6.51531890014707],[106.833368099658003,-6.51554279986027],[106.833626900260995,-6.51585860039404],[106.834487900395999,-6.51675270007701],[106.834898299716997,-6.51713769984491],[106.835056500356998,-6.51730559967365],[106.835527200119998,-6.51782129971315],[106.836038200302994,-6.51822900016816],[106.837230400063007,-6.51921230000761],[106.838861200083997,-6.52056430030217],[106.839413700381996,-6.52100139959487],[106.839826800367007,-6.52126249976453],[106.842991799732005,-6.52253099980572],[106.843556100033993,-6.52275469986944],[106.843892700088006,-6.52295320003009],[106.844142199903004,-6.52316770002926],[106.844572699970001,-6.52364209960319],[106.845099699990996,-6.52414839992866],[106.845496700313006,-6.52456540027293],[106.845713900076007,-6.52487059959844],[106.845966099655996,-6.5251756999985],[106.846265099953996,-6.52545280000669],[106.846707700400003,-6.52580329998227],[106.847071100251,-6.52607770022564],[106.847808699911994,-6.52663870001595],[106.848645600013995,-6.52722090042414],[106.849522699812994,-6.52785249969304],[106.849924999839004,-6.52816959974717],[106.850044400128994,-6.52830549989886],[106.850124800418996,-6.52847069996278],[106.850710900287993,-6.52955399991714],[106.851321100188997,-6.53067589967299],[106.852034599817003,-6.53198699970022],[106.852119000292006,-6.53220950006835],[106.852219600254003,-6.53232270043225],[106.852561599837998,-6.53252390035766],[106.852825799971001,-6.53261320033886],[106.852959899680002,-6.53248130037167],[106.853081999734997,-6.53225610023878],[106.853348000310007,-6.53226599997589],[106.853458800382995,-6.53232669971737],[106.853544600202994,-6.53246929981827],[106.853346199867005,-6.53315010009698],[106.853069900256003,-6.53409210037012],[106.852917000218994,-6.53458909990701],[106.852886200238004,-6.5347742999939],[106.852824499551005,-6.53509280029243],[106.852812400071997,-6.5355204998711],[106.852799000174002,-6.53580960043269],[106.852836500104004,-6.53608670044082],[106.852915699799993,-6.53642250009824],[106.853002800038993,-6.53682220018436],[106.853122200328997,-6.53726860026563],[106.853275100366005,-6.53781479991307],[106.853452100433998,-6.53849570001648],[106.853548700212002,-6.53888610021329],[106.853583500377994,-6.53922980041489],[106.853533900068996,-6.53981070040345],[106.853484299761007,-6.54026509995435],[106.853398499940994,-6.54091129971664],[106.853356900001003,-6.54122839977077],[106.853281800315003,-6.54174800017],[106.853245599904994,-6.54211979968898],[106.853197300014997,-6.54243289955861],[106.853166000011001,-6.54297600014223],[106.853136899747994,-6.54321100018746],[106.853036399610005,-6.5435253995775],[106.852924999688994,-6.54380249958564],[106.852815099837002,-6.54409570015639],[106.852714999897003,-6.54442799965244],[106.852676900118993,-6.54459400011297],[106.852584400349997,-6.54504560007433],[106.852492299879998,-6.54543639957012],[106.852497599585007,-6.54555100017848],[106.852521800340995,-6.54575349962425],[106.852575399935006,-6.54595869973417],[106.852686700031001,-6.54624110034644],[106.852804799902003,-6.54649299955224],[106.852889300200999,-6.54669409965294],[106.852942899794996,-6.5468859996891],[106.852991199683999,-6.54721510029657],[106.853011000058004,-6.5474670004017],[106.853025999850004,-6.54783600033113],[106.852988499918993,-6.54814510001631],[106.852910699568994,-6.54839419963258],[106.852690800039994,-6.5487273004245],[106.852387699733001,-6.54897780028523],[106.852205300134997,-6.54917099984175],[106.852077900374994,-6.54936420029753],[106.851970599563998,-6.54974390036068],[106.851856599702003,-6.55024890026647],[106.851759999923999,-6.55083910014429],[106.851762699689004,-6.5511802004059],[106.851794899915006,-6.5516185002935],[106.851857900121999,-6.55212479971971],[106.851869999601007,-6.55234859960814],[106.851857900121999,-6.55270170042309],[106.851827100140994,-6.55315469972959],[106.851808299813001,-6.55341179971475],[106.851798900098999,-6.55384090043714],[106.851758700404005,-6.55428590027401],[106.851679599633997,-6.55449900002878],[106.851660800206005,-6.55480410042884],[106.851644699643003,-6.55510390022477],[106.851593699988996,-6.55529180007648],[106.851482399893001,-6.55571550037001],[106.851308099589005,-6.55639889968944],[106.851131100420005,-6.55693990035604],[106.850953999626995,-6.55743279988377],[106.850679100259995,-6.55824020042485],[106.850469899966001,-6.55879979997076],[106.850357199624995,-6.55901830015438],[106.850192299935003,-6.55941269963631],[106.849997799958999,-6.55984169963466],[106.849744399784001,-6.56043319993216],[106.849559300421006,-6.56085559980602],[106.849340700412995,-6.56136450007159],[106.848941000327002,-6.56229719955604],[106.848460899950993,-6.56326439973219],[106.847991499708002,-6.56412780015779],[106.847633500285994,-6.56485120042254],[106.847402799899001,-6.5654560997192],[106.847203000218002,-6.56599169995695],[106.847158699613999,-6.56633540015855],[106.847185500310999,-6.5664806001995],[106.847090299878005,-6.56659390038817],[106.846917299992995,-6.56661779987149],[106.846623600298997,-6.56650460040692],[106.845986599702002,-6.56622209996988],[106.844535000389996,-6.56567819988896],[106.844264100307996,-6.56556629994475],[106.844245299980997,-6.56546500030947],[106.844457200039997,-6.56551299982505],[106.844792499674,-6.56565419968155],[106.845261800092004,-6.56578480012837],[106.845747299997996,-6.56594199982339],[106.846450100392005,-6.56614450016849],[106.846844400048994,-6.56623509967005],[106.846970399564,-6.56611249959212],[106.847131299970002,-6.56576349968572],[106.847472000032994,-6.56499340032514],[106.847533699820005,-6.5647642000078],[106.847517600157005,-6.56468159997581],[106.847638299967997,-6.56459899994383],[106.848485900203997,-6.56285100027338],[106.849188599873997,-6.56135620022843],[106.850103199602998,-6.55941359985769],[106.850286299773003,-6.55894070035299],[106.850347999560995,-6.55884880043175],[106.850432499860005,-6.55877279962493],[106.851178199713999,-6.55667310028332],[106.851532000201999,-6.55538400037125],[106.851599200243001,-6.55507100032634],[106.851631399569996,-6.55450079957217],[106.851707900399006,-6.55428359980823],[106.851758800227998,-6.55386260017883],[106.851762800412999,-6.55361210031811],[106.851777599656998,-6.55325769998279],[106.851800400168003,-6.55294729987793],[106.851824500201005,-6.55258359965336],[106.851829899730006,-6.55219049969173],[106.851780300320996,-6.55172420031153],[106.851748100094994,-6.55144310011895],[106.851733299952002,-6.55097670001464],[106.851732000431994,-6.5506782995638],[106.851853999762,-6.55009610005493],[106.851935800296999,-6.54967639994584],[106.852016300412004,-6.54943789973925],[106.852072599771006,-6.54930199958756],[106.852204100438996,-6.54910350032623],[106.852429400397,-6.54887560042857],[106.852558099676997,-6.54877040043357],[106.852670800016995,-6.54864509969156],[106.852812900095003,-6.54844930019499],[106.852866600412995,-6.54836930010305],[106.852945700283996,-6.54818550026056],[106.852981899794997,-6.54801489976774],[106.852992599928996,-6.54782570039572],[106.852981899794997,-6.54744329966849],[106.852957799763004,-6.5471701998448],[106.852910800293003,-6.54688379994735],[106.852863899748996,-6.54672789977269],[106.852803500381,-6.54657730020222],[106.852698900234003,-6.54634950012928],[106.852555399912006,-6.54600710034737],[106.852527299694998,-6.54590179962833],[106.852482999990997,-6.54566070038095],[106.852450799764995,-6.54539819996688],[106.852568799810001,-6.54492790040223],[106.852728399796007,-6.54426700032178],[106.852877299648,-6.54382330000527],[106.853074399563994,-6.5432783998782],[106.853103900025005,-6.543054500165],[106.853128099881999,-6.54285869976911],[106.853156299923,-6.54251229980275],[106.853177700190997,-6.54234039978957],[106.853208599997004,-6.54195799996171],[106.853242099742999,-6.54167289958463],[106.853292999572005,-6.5413863998624],[106.853331899747005,-6.54100400003455],[106.853398999964,-6.54064689993442],[106.853456699567005,-6.54015260016234],[106.853521000193993,-6.53945179986062],[106.853538500102005,-6.53925589964001],[106.853456699567005,-6.53863639984991],[106.853221999894998,-6.53778630039739],[106.853020799969997,-6.53700559982855],[106.852870599697994,-6.53645260040713],[106.852776699684995,-6.53603960024731],[106.852744500358,-6.53575979957503],[106.852773999920004,-6.5353254000471],[106.852780699869001,-6.53506289963309],[106.852876000126997,-6.5345673003406],[106.853066400093994,-6.53397699973868],[106.853289000287006,-6.53318030023064],[106.853256800061004,-6.53306829956233],[106.852996699938004,-6.53292039975662],[106.852187999875994,-6.53242609998449],[106.851812499646996,-6.5319585001846],[106.851265299953994,-6.53089389983359],[106.850687300279006,-6.52983190032188],[106.849992600079005,-6.52850090009639],[106.849846399990994,-6.52827040025869],[106.849633200412001,-6.52809979976593],[106.848449000120993,-6.52722839987069],[106.847533000148005,-6.52658890005762],[106.846204000015007,-6.5255841999508],[106.845389900423996,-6.5246968002171],[106.844908499628005,-6.52407459976291],[106.844001900267997,-6.52318989979398],[106.843775200064997,-6.52299670023746],[106.843468099573002,-6.52281810027506],[106.842270500283007,-6.52236240030447],[106.841123899747998,-6.52190940009871],[106.840308499738001,-6.52155099957895],[106.839458199736001,-6.52115119966811],[106.839242300392002,-6.52101269957637],[106.838975399595,-6.52078619992312],[106.838327699763994,-6.52027450006807],[106.837670500393003,-6.51973090036074],[106.836596299779004,-6.51888349977367],[106.836106799689006,-6.51850500030548],[106.835453700328003,-6.51788279985129],[106.834514899843001,-6.5169073996567],[106.834046899845006,-6.51647839965835],[106.833625699666001,-6.51602540035191],[106.833368300206999,-6.51571090023782],[106.833248899916995,-6.51550169994346],[106.833147000433996,-6.51530719996725],[106.833085299746998,-6.51506869976066],[106.833041000042002,-6.51482480002443],[106.832983400263998,-6.5144224001736],[106.832933700129999,-6.51393340010628],[106.832931100189995,-6.5136243004211],[106.832971299885997,-6.51314730000786],[106.833051800001002,-6.51250899989037],[106.833163100096996,-6.51152169986654],[106.833205999556995,-6.5112045998124],[106.833283799908003,-6.51097269973025],[106.833447400077006,-6.51036380024914],[106.833624400145993,-6.50973620026537],[106.833692799882996,-6.50936179990708],[106.833751799905997,-6.50899000038817],[106.833834999786006,-6.50838110000774],[106.833864500247003,-6.50762560024123],[106.833867100187007,-6.50658230033287],[106.833899300412,-6.50596670000317],[106.833947600301997,-6.50560020018907],[106.834058900398006,-6.50486740021029],[106.834159500360997,-6.50419849976089],[106.834243999761,-6.50333770017465],[106.834243999761,-6.50317650029518],[106.834194400350995,-6.50303390019428],[106.834024100232,-6.5028139997662],[106.833592199920005,-6.5022863998974],[106.833196599843006,-6.50179069988087],[106.833062500134005,-6.50157350011688],[106.832987400448005,-6.50137359971183],[106.832961900171995,-6.50117639997086],[106.832953899803002,-6.50104850018806],[106.833130899870994,-6.50027970034785],[106.833262299815004,-6.49960540036886],[106.833317299653999,-6.49927359999657],[106.833317299653999,-6.49897249978102],[106.833327999787002,-6.49857140034982],[106.833353500064007,-6.49775460009465],[106.833272999949003,-6.49768930032093],[106.833047699990999,-6.49767870001193],[106.832669499998005,-6.49759600015523],[106.832282000114006,-6.49746550043244],[106.831981599570994,-6.49730419982893],[106.831760299798006,-6.49715499960348],[106.831438400061998,-6.49686449969687],[106.831172900409001,-6.49653399974426],[106.831026700321999,-6.49627150022951],[106.830840299640002,-6.49588379979747],[106.830769200139002,-6.49558800018599],[106.830695399972996,-6.4952068998785],[106.830704799686998,-6.49468590013413],[106.830763799709999,-6.49437009960036],[106.830922100175002,-6.49394370044138],[106.831100399763997,-6.49357459978791],[106.831248000095002,-6.49335740002397],[106.831416899969994,-6.49314950014929],[106.831598000048004,-6.49298559960567],[106.831894400406,-6.49275240000321],[106.832168000253006,-6.49258719993929],[106.832514000021007,-6.49243529994908],[106.832939099659995,-6.49231400029083],[106.833223399640005,-6.49225939975145],[106.833353500064007,-6.49225140028187],[106.833476899638995,-6.4921395003376],[106.833719599679995,-6.49116539966343],[106.833856400052994,-6.49054849981337],[106.834002600139996,-6.48991820006484],[106.834142100278001,-6.48948109987282],[106.834280200170994,-6.48909870004491],[106.834552399773003,-6.48839109996925],[106.834886399888006,-6.48746100042479],[106.835113000264997,-6.48685339956467],[106.835653500009002,-6.48535560028068],[106.835766099625999,-6.48504649969618],[106.835759399677002,-6.48493459975191],[106.83560520012,-6.48482129956329],[106.835214999572997,-6.48466409986827],[106.834089800203998,-6.48417099979179],[106.833490300437006,-6.48386319962691],[106.832931100189995,-6.48354609957278],[106.832425500436997,-6.48328889976284],[106.831670399968999,-6.48288249972751],[106.830993199676001,-6.48253470041607],[106.830051700325996,-6.48208299973061],[106.829209499618997,-6.48170319984274],[106.828823300154994,-6.48151930017554],[106.828572499920995,-6.48143000019428],[106.828301599838994,-6.48135539963192],[106.827958200010997,-6.48132210043457],[106.827389600049997,-6.48129810022709],[106.825553599919004,-6.48126339988596],[106.823689499571003,-6.48124749987215],[106.822981400371006,-6.48122210031966],[106.822745400279999,-6.48123009978923],[106.822577700100993,-6.48128880033784],[106.822276000036993,-6.48138470044353],[106.822022500038003,-6.4815338997696],[106.821748900192006,-6.48169389995348],[106.821506200151006,-6.4818657001419],[106.821073000319004,-6.48215489962888],[106.820669300047996,-6.48244140025037],[106.819993400174994,-6.48292110042837],[106.819741300421001,-6.48302109964396],[106.819525400177,-6.48302509982847],[106.818785099853002,-6.48293040031768],[106.818181599900996,-6.48282380007828],[106.817713500078,-6.48275590036445],[106.816959799854999,-6.48266129977912],[106.815849399729998,-6.48253470041607],[106.814797999627999,-6.48248939976594],[106.814262900312997,-6.48241740004295],[106.813749200364995,-6.4823255001217],[106.812670999567004,-6.48221749963784],[106.811886400437004,-6.48215489962888],[106.810641899703995,-6.48204299968467],[106.809847999785006,-6.4819483999986],[106.809535499763996,-6.4819071004323],[106.809125100442998,-6.48178310010991],[106.808590000227994,-6.48153129982956],[106.808225200132995,-6.48133009990414],[106.807647199559,-6.48105159965155],[106.807340099965998,-6.48098489963337],[106.806796899557,-6.48099030006227],[106.806279300149995,-6.48092500028849],[106.805879600064003,-6.48079840002612],[106.805164800016001,-6.48047719996276],[106.804517100184,-6.48023609981613],[106.804195200448007,-6.48012949957672],[106.803581000362996,-6.47998020042587],[106.803243000064001,-6.47988829960531],[106.802964099614002,-6.47984959997899],[106.802489299841,-6.48028799969137],[106.802092400244007,-6.4806824998974],[106.801755700365007,-6.48101829955482],[106.801482200343003,-6.48127410001968],[106.801121400431995,-6.48164450019345],[106.800717700161997,-6.48208559967065],[106.800306000421998,-6.48247339992741],[106.799585799945007,-6.48315699979565],[106.799136600273997,-6.48360339987698],[106.798968900095005,-6.48380190003763],[106.798622900327004,-6.48417640022063],[106.798313100070004,-6.48453479984107],[106.797662699574005,-6.48530900011019],[106.797226799976997,-6.48585800024648],[106.797012299977993,-6.48613920026384],[106.796884800393002,-6.48623639988989],[106.796785599776001,-6.48621639986692],[106.796644800118003,-6.48621639986692],[106.796533500020999,-6.48623510036953],[106.796443600192006,-6.4862830998851],[106.796330999676002,-6.48638030041047],[106.796019800074006,-6.4867094999434],[106.795888400129996,-6.4868866996614],[106.795856199903994,-6.48700529955488],[106.795767700319004,-6.4872770998582],[106.795634900131006,-6.48771549957058],[106.795543699882003,-6.48802329973546],[106.795413700181996,-6.4884230996463],[106.795260800145996,-6.48896410031296],[106.795136000325996,-6.4893158998089],[106.795089099782004,-6.48948910024171],[106.794928200276004,-6.48999009996311],[106.794796699608,-6.49042450039036],[106.794689500420006,-6.49077760030599],[106.794578099600002,-6.49112539961743],[106.794520499821004,-6.49133729967662],[106.794523199585996,-6.49146790012344],[106.794584900272994,-6.4916583999152],[106.794547299618003,-6.49172109974893],[106.794311300426003,-6.49170640033009],[106.794089999753993,-6.49172769987342],[106.794006799873998,-6.49170769985039],[106.793937099716999,-6.49158509977247],[106.793696999616998,-6.49105099960389],[106.793560200143006,-6.49097620029136],[106.793306799969002,-6.49114009993559],[106.793202199822005,-6.49113609975115],[106.793068100113004,-6.49084430032417],[106.792927199730997,-6.49062039971165],[106.792811900348994,-6.49039790024284],[106.792714000150994,-6.49023530011897],[106.792659000312995,-6.49002080011979],[106.792648300178996,-6.48989419985742],[106.792743499712998,-6.48986089976069],[106.792846800340001,-6.49006340010578],[106.792917899841001,-6.49011139962136],[106.792994299946997,-6.49013799976882],[106.793058700399001,-6.49022469981003],[106.793118999941996,-6.4903712002706],[106.793171300015999,-6.49042849967549]]]}},
{"type":"Feature","properties":{"FID":13,"Keterangan":"Trayek Angkot Ibukota Kabupaten Bogor","Nama":"Rute Kor 3 (Term. Bojonggede -  Term. Parung)","id":null,"@id":null,"colour":null,"colour:back":null,"from":null,"name":null,"network":null,"old_ref":null,"operator":null,"ref":null,"roundtrip":null,"route":null,"to":null,"type":null,"via":null,"layer":"angkot-kabupaten-bogor","path":"C:/Users/Dzaka/Desktop/kuliah_smster_5/sig/tugas Akhir/frontend/public/rute/angkot-kabupaten-bogor.geojson"},"geometry":{"type":"MultiLineString","coordinates":[[[106.793260000149004,-6.49052200038994],[106.793603999824995,-6.49085499955851],[106.793696999616998,-6.49105099960389],[106.793972999754004,-6.4915480000401],[106.793975999892993,-6.4915530002707],[106.794194000052997,-6.49166800017804],[106.794403999845002,-6.49166199990134],[106.794628000282003,-6.49183699987759],[106.794729000442999,-6.49221100003757],[106.794822000235001,-6.4927650004044],[106.794824000326997,-6.49337699984864],[106.794824000326997,-6.49384399980073],[106.794823000280999,-6.4942899996837],[106.794817000004997,-6.49478099984322],[106.794743000189001,-6.4953669998871],[106.794690000442998,-6.49575399974725],[106.794726000305005,-6.49601199995379],[106.794815999958004,-6.49645699979067],[106.794885999588999,-6.49670699962826],[106.794997000210998,-6.49705300029569],[106.795032000027007,-6.497188000226],[106.795032000027007,-6.49719200041045],[106.795053000096004,-6.49735399978721],[106.795059000373001,-6.49744100020195],[106.795060999566005,-6.49767800033942],[106.795071000026994,-6.49794299996944],[106.795090000003995,-6.4982600001988],[106.795067999888005,-6.49858800003614],[106.795051000003994,-6.49897399985019],[106.795041000441998,-6.49930299973363],[106.795032000027007,-6.49957799982479],[106.794698999958996,-6.49960900035501],[106.794230999961002,-6.49963199961707],[106.793848000284996,-6.49965799991674],[106.793385999663997,-6.49966300014728],[106.793014999643006,-6.49968200012415],[106.792618000220997,-6.49968900044695],[106.792342000082996,-6.49973599991643],[106.792151000269001,-6.4997270004007],[106.791809999831997,-6.49962700028578],[106.791469000294001,-6.49937600040204],[106.79130399988,-6.49919900033353],[106.791178000363999,-6.49909800017252],[106.791057000180999,-6.49906000021878],[106.790791999651006,-6.4990410002419],[106.790545999998002,-6.49902899968856],[106.790236000090999,-6.49903099978076],[106.789943000069002,-6.49904799966538],[106.789818999746998,-6.49905299989598],[106.789723999863,-6.49901900012668],[106.789487999770998,-6.49882700026581],[106.789294999863998,-6.49863100022043],[106.789187000279995,-6.49855000008239],[106.789072000372997,-6.49850599985194],[106.788901999727997,-6.49855700040519],[106.788749999912994,-6.49863000017433],[106.788648999751999,-6.49869999980513],[106.788509999637,-6.49879799982779],[106.788377999844997,-6.4988630001273],[106.788254000422,-6.49893599989645],[106.788017000284,-6.49898400031134],[106.787755999940003,-6.49902999973466],[106.787500999871,-6.49908699966528],[106.787346999964001,-6.49914300044907],[106.787213000080001,-6.49920799984926],[106.787141000356996,-6.49928499980285],[106.787060000219,-6.49935500033297],[106.787037000058007,-6.49957599973254],[106.787063000356994,-6.49975900007775],[106.787091999896006,-6.49998799984627],[106.787104000449006,-6.50010199970745],[106.787053999942003,-6.50017100019147],[106.786904000220005,-6.50019699959182],[106.786722999966997,-6.50018800007609],[106.786506999897995,-6.50017200023757],[106.786217000015,-6.50015000012235],[106.785937999739005,-6.50013200019163],[106.785728999992998,-6.50009500028398],[106.785563000432006,-6.50008399977673],[106.785310999602999,-6.50005200009969],[106.785198999833995,-6.50004399973074],[106.78511699965,-6.50007200012266],[106.785058999672998,-6.50012499986877],[106.785056999581002,-6.50012800000712],[106.784978000433995,-6.50024700009891],[106.784839000320005,-6.50050000007491],[106.784785999674,-6.50063099982071],[106.784736000066005,-6.50073600016623],[106.784653999881996,-6.50079500018904],[106.784490999560006,-6.50094900009623],[106.784407000182995,-6.50103999979609],[106.784333000367994,-6.50109100034933],[106.784298999699004,-6.50116800030293],[106.784296999606994,-6.50117199958805],[106.784295000414005,-6.50117699981865],[106.784196000345005,-6.50133900009473],[106.784111000023003,-6.50146699970225],[106.783928999723997,-6.50178800011605],[106.783858000047005,-6.50189000032322],[106.783736999862995,-6.50204300018424],[106.783640999932004,-6.50217199983786],[106.783566000071005,-6.50236599979104],[106.783416000347998,-6.50276200006618],[106.783247999794995,-6.50321999960323],[106.783215000072005,-6.50336499999469],[106.783195000049005,-6.50359699990156],[106.783192999956995,-6.5038610003848],[106.783179000211007,-6.50397600029214],[106.783131999841999,-6.50407000013036],[106.782980000026996,-6.50421799976084],[106.782834999635995,-6.50428500015261],[106.782677000443002,-6.50432600024465],[106.782363000352007,-6.50438100008302],[106.782053000445998,-6.5043909996449],[106.781918999661997,-6.5043909996449],[106.781709999916998,-6.50439900001379],[106.781586999639998,-6.50441199971397],[106.781451999710001,-6.50446100017496],[106.781227000125995,-6.50453700008245],[106.780882000404006,-6.50467500015111],[106.780668999574999,-6.50472899994333],[106.780225999829995,-6.50487400033478],[106.780095000084003,-6.50491599957365],[106.779848000385002,-6.50504300003439],[106.779536000386003,-6.50521900005674],[106.779214999971998,-6.50537700014837],[106.778823999927994,-6.50558399980173],[106.778482000343999,-6.50575899977798],[106.778065,-6.50594900044598],[106.777617000025003,-6.50616000028373],[106.777489999563997,-6.50621199998375],[106.777347000163999,-6.50625400012194],[106.777094000188001,-6.50629600026014],[106.776969999865997,-6.50630299968367],[106.776535999637005,-6.50614899977649],[106.776096000029995,-6.5059610001],[106.775779999847003,-6.50583100040029],[106.775672000263,-6.50575200035451],[106.775537000331994,-6.50569200028554],[106.774914000381003,-6.50546599975604],[106.774498000083,-6.50528999973363],[106.774341000036998,-6.50520000007987],[106.774225000084002,-6.50508600021868],[106.774114000360996,-6.50491799966591],[106.773963999738996,-6.50464899985144],[106.773816000107999,-6.50425799980678],[106.773810999877995,-6.50411699959983],[106.773777000109007,-6.50366500033942],[106.773765999600997,-6.50336199985634],[106.773756000039,-6.5032570004102],[106.773718000086006,-6.5030329999729],[106.773686000409,-6.50292100020397],[106.773640000086004,-6.50267200041242],[106.773561000040004,-6.50243800041335],[106.773513999670996,-6.50229099992964],[106.773434999626005,-6.50211099972279],[106.773328000087005,-6.50186800020799],[106.773226999925996,-6.50163500025502],[106.773139000365006,-6.5013949999792],[106.773023000411001,-6.50111499965749],[106.772919000111997,-6.50083200009669],[106.772822000134994,-6.50055499991328],[106.772696999767007,-6.50025100028341],[106.772574000389994,-6.50002399970776],[106.772519999698005,-6.4999740001],[106.772366999837004,-6.49984999977761],[106.772265999675994,-6.49976100017],[106.772006000277003,-6.49963399970926],[106.771665999885997,-6.49948099984823],[106.771263000187005,-6.49934199973347],[106.771144000096001,-6.4992960003101],[106.770945999958002,-6.49919400010299],[106.770896000350007,-6.49912799975732],[106.770803999704995,-6.49897499989629],[106.770795000188997,-6.49884100001208],[106.770796000234995,-6.49859300026668],[106.770793000097001,-6.49842799985225],[106.770770999982005,-6.49834399957587],[106.770749999912994,-6.4982469995993],[106.770689999843995,-6.49807799989975],[106.770624000397007,-6.49788800013107],[106.770566000420999,-6.49774399978571],[106.770509999637,-6.49766599978602],[106.770424000168006,-6.49748999976362],[106.770169000099003,-6.49711400041076],[106.769861000285005,-6.49666400034329],[106.769560999939998,-6.49626099974529],[106.768999000104003,-6.49547200023255],[106.768872999688995,-6.49519800018749],[106.768766000151004,-6.49486400007351],[106.768612000244005,-6.49461200014366],[106.768430999990997,-6.49441400000603],[106.768095999831004,-6.49412900035304],[106.767767999992998,-6.49384499984683],[106.767370999671996,-6.49363199991683],[106.767043999880997,-6.49332800028697],[106.766964999834997,-6.49317400037978],[106.766745999628,-6.49278500042738],[106.766724000411998,-6.49276699959728],[106.766607000413003,-6.49272100017396],[106.766476999814003,-6.49265900001279],[106.766140999607998,-6.49252900031308],[106.765946999654005,-6.49246800019802],[106.765826000369998,-6.49241799969087],[106.765660999955003,-6.49238199982938],[106.765405999886994,-6.49229000008342],[106.765231999956995,-6.49223900042949],[106.765078000049996,-6.4921980003374],[106.765007000373004,-6.4921610004298],[106.764932999658001,-6.49204100029186],[106.764847000188993,-6.49184900043099],[106.764810000281003,-6.49184000001594],[106.764682999821005,-6.49191699996953],[106.764447999775001,-6.49204300038412],[106.764208000398995,-6.4921910000146],[106.763968000123,-6.49233300026771],[106.763847999985003,-6.49238800010608],[106.763640000286003,-6.49245599964462],[106.763543000308999,-6.49247999985204],[106.763206000056996,-6.4925759997825],[106.763044999827002,-6.49264999959775],[106.762794999988998,-6.49272400031231],[106.762471000336006,-6.49285400001202],[106.76230900006,-6.49290999989654],[106.762031999876996,-6.4930190004265],[106.761776999809001,-6.49311899964209],[106.761501999718007,-6.49321000024128],[106.761287999741,-6.49326600012574],[106.760952999580994,-6.49335699982561],[106.760581999560003,-6.49342100007902],[106.760217999860998,-6.49348200019409],[106.760003999885001,-6.49354200026306],[106.759844999747003,-6.49358500044735],[106.759625000393996,-6.49366399959388],[106.759389000301994,-6.49374100044679],[106.759116000302996,-6.49386099968535],[106.758851999819996,-6.49397100026141],[106.758647000259003,-6.49406600014572],[106.758361999707006,-6.49419599984549],[106.758121000284007,-6.49428600039857],[106.758028999638995,-6.49433800009859],[106.757816999754994,-6.49449300005188],[106.757752000354998,-6.49458399975174],[106.757694000377995,-6.49478900021217],[106.757659999709006,-6.49495699986562],[106.757618999616994,-6.49523300000288],[106.757554000216999,-6.49549000016333],[106.757518000356001,-6.49563699974772],[106.757431999987006,-6.49596300039212],[106.757290999779997,-6.4963730004136],[106.757189999619001,-6.49676499960498],[106.757086000219005,-6.49709200029554],[106.756966000080993,-6.49741699999453],[106.756813000220006,-6.49785300031567],[106.756716000243003,-6.49811299971509],[106.756583000405001,-6.49845100001357],[106.756474999920997,-6.49865799966693],[106.756518000105999,-6.49870099985122],[106.756700000405004,-6.49888000001192],[106.756836000381,-6.49903900014971],[106.757010000310999,-6.49923300010283],[106.757137999918996,-6.49937000012534],[106.757289999733999,-6.49954099991714],[106.757374000010003,-6.49965099959388],[106.757481000447996,-6.49983600003134],[106.757547999940002,-6.49995199998477],[106.757630000125005,-6.50019699959182],[106.757708000123998,-6.50042500021357],[106.757768000192996,-6.50070799977431],[106.757814999662997,-6.50086599986594],[106.757853999662004,-6.50115799984178],[106.757876999824006,-6.5014350000252],[106.757884000147001,-6.50162899997832],[106.757895999800994,-6.50178800011605],[106.757903000122994,-6.50199099958491],[106.757889000377006,-6.50222499958403],[106.757888000330993,-6.50234199958356],[106.757895999800994,-6.50251000013634],[106.757883000099994,-6.50255100022844],[106.757849000331007,-6.50253600043601],[106.757839999916001,-6.5016409996324],[106.757760999870001,-6.50094399986563],[106.757661999801002,-6.50046900044396],[106.757530000009993,-6.50009000005343],[106.757420000332999,-6.49983199984689],[106.757292999872007,-6.49962100000909],[106.757046000173005,-6.49933899959513],[106.756762999713004,-6.49905199984988],[106.756474999920997,-6.49875999987404],[106.756077999599995,-6.49842000038268],[106.755714999947003,-6.49815199971499],[106.755377999695,-6.49790500001569],[106.754814999811998,-6.49750899974049],[106.753769000139002,-6.49674599962816],[106.753202000071994,-6.49635200034447],[106.752727999797003,-6.49601600013824],[106.751918000215994,-6.49538900000232],[106.751209999942006,-6.4947629999125],[106.750867000311999,-6.4944800003517],[106.750683999966995,-6.49437600005234],[106.750555000313,-6.49432999972964],[106.750347999759995,-6.49427499989127],[106.750104000199002,-6.49422999961473],[106.749967000176994,-6.49421799996071],[106.749777000408002,-6.49422500028351],[106.749531999902004,-6.49423599989143],[106.749374999856002,-6.49425199972995],[106.749092000296002,-6.49425900005275],[106.748751999904997,-6.49423399979918],[106.748396999722004,-6.49421099963786],[106.748109999977004,-6.49419899998384],[106.747781000092999,-6.49416800035289],[106.747556999655998,-6.49410800028392],[106.747282999611002,-6.49396700007696],[106.746918999911998,-6.49376599980099],[106.746526999821,-6.49354300030916],[106.746126000215,-6.49334800030994],[106.745627999731994,-6.49310900008027],[106.745119999688001,-6.49288499964297],[106.744821000288994,-6.49278500042738],[106.744554999713998,-6.49270799957446],[106.744169999945996,-6.49256900035903],[106.743784000131996,-6.49242199987532],[106.743416000248004,-6.49225400022186],[106.743085000272998,-6.4921220004299],[106.742795000388995,-6.49198599955417],[106.742469999790998,-6.49184400020039],[106.741824999724003,-6.4915480000401],[106.741502000116995,-6.49138899990237],[106.741026999796006,-6.49118899967255],[106.740401999753004,-6.49089999983505],[106.739911999639006,-6.49070900002027],[106.739063000057001,-6.4903460003676],[106.738608999806004,-6.49015799979179],[106.738330999575993,-6.49006399995358],[106.737921999600999,-6.4899009996314],[106.737546000248003,-6.48977199997779],[106.737160999580993,-6.48961599997836],[106.736816999905002,-6.48939799981781],[106.736692999582004,-6.48928500000272],[106.736372000068002,-6.48894399956589],[106.736144000345007,-6.48858600014376],[106.736008000368997,-6.48827100000659],[106.735915999724,-6.48783499968545],[106.735885000093006,-6.48746199957157],[106.735968000322998,-6.4869739995504],[106.736064000252995,-6.48656699966728],[106.736164000368007,-6.48609699957683],[106.736140000161001,-6.48576999978559],[106.736001000046002,-6.48539400043273],[106.735771000232006,-6.48514000041064],[106.735635000255002,-6.48502200036495],[106.735347999610994,-6.48489099971982],[106.734860999635004,-6.48468900029707],[106.734371000421007,-6.48449700043619],[106.733755999939007,-6.4842669997222],[106.733147999780002,-6.48403199967697],[106.732887000334998,-6.48387999986204],[106.732759999874006,-6.48377300032365],[106.732499999574998,-6.48354000037068],[106.732116999900001,-6.48320300011829],[106.731804999901001,-6.48286299972762],[106.731717000339003,-6.48271600014323],[106.731615000131995,-6.48246600030564],[106.731539000224998,-6.48216399986865],[106.731437000018005,-6.48184100026191],[106.73140799958,-6.48155499966344],[106.731410999717994,-6.48122399968781],[106.731447999625999,-6.48099700001148],[106.731452999856003,-6.4806649999897],[106.731428999648998,-6.48031900022164],[106.731388999602999,-6.47993499960052],[106.731267000271998,-6.47931299969514],[106.731133000387999,-6.47874999981258],[106.731032000227003,-6.47832600004483],[106.730824999673999,-6.47795199988485],[106.730535999837002,-6.47757200034749],[106.730354000437003,-6.47735900041749],[106.730020000322995,-6.47701099965786],[106.729889999723994,-6.47684400005051],[106.729633999609007,-6.47655900039752],[106.729449000071,-6.47633499996022],[106.729322999657001,-6.47604299998443],[106.729162000325999,-6.47571200000874],[106.729102000257001,-6.47554799964041],[106.728933999703997,-6.47511500035694],[106.728824000027998,-6.47474699957434],[106.728728000096993,-6.47441400040577],[106.728700999750998,-6.47412899985341],[106.728753000351006,-6.47378400013145],[106.728876999774002,-6.47347899955616],[106.729087999612005,-6.4729640000885],[106.729231999956994,-6.47259099997461],[106.729253000026006,-6.47233099967588],[106.729230999910996,-6.47203899970003],[106.729203000417996,-6.47140500014058],[106.729183000394997,-6.47103400011895],[106.729176000072002,-6.47078600037355],[106.729161000280001,-6.47045600044402],[106.729158000141993,-6.47020599970705],[106.729144000394996,-6.46992300014631],[106.729132999887995,-6.46963600040107],[106.729121000234002,-6.4691430001493],[106.729100000165005,-6.46875100005855],[106.729107999635005,-6.46838999959874],[106.729109999727001,-6.46798499980787],[106.729100000165005,-6.46735300034067],[106.729097000026997,-6.46672400011249],[106.729114999957005,-6.46626499962997],[106.729159000188005,-6.46565100009354],[106.729191999910995,-6.46529199972594],[106.729243999611001,-6.4650090001652],[106.729357000324995,-6.46451299977508],[106.729444999886994,-6.46409000005343],[106.729546000048003,-6.46367799993971],[106.729615999678998,-6.46329900044844],[106.729710000416006,-6.46292000005792],[106.729868999654997,-6.46226999976062],[106.729974,-6.4617930002467],[106.730062999607995,-6.46134899955666],[106.73013,-6.46094499981183],[106.730181999699994,-6.46058200015915],[106.730215000322005,-6.46023899963006],[106.730371000321,-6.45932299965665],[106.730452999606001,-6.45882600011976],[106.730605000321006,-6.45792700003096],[106.730674999951006,-6.45751299982504],[106.730789999858999,-6.45673199978194],[106.730905999811995,-6.45574800026998],[106.730997000410994,-6.45499100043429],[106.731167000157001,-6.45345899993288],[106.731281000018001,-6.4526660002357],[106.731298999949004,-6.45242599995987],[106.731329999579998,-6.45209099979974],[106.731385000317999,-6.45159800044729],[106.731447999625999,-6.45115599984945],[106.731492999902002,-6.4507599995743],[106.731625999740004,-6.44984799978533],[106.731679000385995,-6.449448000225],[106.731712000108999,-6.44903500006518],[106.731813000269995,-6.44827299999889],[106.731895999600994,-6.4477690001392],[106.731946000107996,-6.44743500002517],[106.731975999693006,-6.44702800014204],[106.732050999554005,-6.44653900007472],[106.732126000315006,-6.44603900039948],[106.732266999621999,-6.44534900005624],[106.732354000037006,-6.44499099973478],[106.732432000036994,-6.44461999971315],[106.732658999712996,-6.44369500022401],[106.732980000127,-6.4424219999753],[106.733318999572006,-6.44105299979606],[106.733648000355004,-6.43969300003187],[106.734011000007996,-6.43818000040665],[106.734323000006995,-6.43696099995015],[106.734475999867996,-6.4363129997451],[106.734641000281997,-6.43566300034712],[106.734770999982004,-6.43509800037236],[106.734797000281006,-6.43493299995794],[106.734793000097,-6.43471499979734],[106.734782999635996,-6.43450600005184],[106.734740000350996,-6.43434699991406],[106.734677000144004,-6.43410599959213],[106.734629999774995,-6.43394000003093],[106.734577000029006,-6.43373999980111],[106.734508999591,-6.43352899996336],[106.734419999983004,-6.43330599957216],[106.734309000259998,-6.43307299961919],[106.734164999914995,-6.43287400033478],[106.733967999822994,-6.43266799982825],[106.73378699957,-6.43246200022111],[106.733579999916998,-6.43225000033721],[106.733380999733001,-6.43206199976146],[106.733147999780002,-6.43182200038496],[106.732715999644,-6.43139899976399],[106.732194999898994,-6.43087499988127],[106.731734000223994,-6.43034599976801],[106.731529999809993,-6.43002000002292],[106.731454999947999,-6.42980500000073],[106.731420000132999,-6.42958099956343],[106.731379000041002,-6.42910199995731],[106.731373999810003,-6.42868999984358],[106.731406000386997,-6.42819999973017],[106.731465000409997,-6.42676199996629],[106.731471999833005,-6.42650799994419],[106.731589999879006,-6.42582499992375],[106.731696000270006,-6.42527899992587],[106.731781999739994,-6.42480799978932],[106.732064000153997,-6.42384999967771],[106.732446999828994,-6.42270700002797],[106.732638999689996,-6.4220759997076],[106.732737999758996,-6.42166100035485],[106.732814999713,-6.42143099964085],[106.732919000012004,-6.42098299966568],[106.733042000287995,-6.42043400042871],[106.733069999780994,-6.42026699992204],[106.733110999873006,-6.4201560001992],[106.733157000195007,-6.42017600022217],[106.733069999780994,-6.4205820000592],[106.732986999549993,-6.42093300005786],[106.733272000103,-6.42103700035722],[106.733452000309995,-6.42107200017261],[106.733650000447,-6.42092499968896]]]}},
{"type":"Feature","properties":{"FID":16,"Keterangan":"Trayek Angkot Ibukota Kabupaten Bogor","Nama":"Tr. Merdeka - Pagelaran Ujung","id":null,"@id":null,"colour":null,"colour:back":null,"from":null,"name":null,"network":null,"old_ref":null,"operator":null,"ref":null,"roundtrip":null,"route":null,"to":null,"type":null,"via":null,"layer":"angkot-kabupaten-bogor","path":"C:/Users/Dzaka/Desktop/kuliah_smster_5/sig/tugas Akhir/frontend/public/rute/angkot-kabupaten-bogor.geojson"},"geometry":{"type":"MultiLineString","coordinates":[[[106.786260000198993,-6.59277000043511],[106.786260000198993,-6.59277000043511],[106.786303500406007,-6.59274479963273],[106.786268600415994,-6.59268519976212],[106.786221600047,-6.59259949976706],[106.786180799603997,-6.59248669960147],[106.786173800181004,-6.59246199972148],[106.786160400282,-6.59241669997067],[106.786122400329006,-6.59228680009568],[106.786117800295997,-6.59222859957015],[106.786115200355994,-6.59219890035894],[106.786112899890995,-6.59215130014235],[106.786107500360998,-6.5920471001935],[106.786103400352005,-6.59195439987559],[106.786094399936999,-6.59189029979746],[106.786089999553994,-6.59184969990366],[106.786068600185999,-6.59165410005664],[106.786056399982996,-6.59154179991407],[106.786045400375002,-6.59144189962393],[106.786037800203999,-6.59137199981791],[106.786031200080004,-6.59132190038537],[106.786034100392996,-6.5912973003301],[106.786049700033999,-6.59126069972149],[106.786069899706007,-6.59121730023816],[106.786108899705994,-6.59117589994776],[106.786130600346993,-6.59116009975872],[106.786158300365003,-6.59113959971273],[106.786271999853,-6.59105780007735],[106.786480899774006,-6.59090320032237],[106.786272200401996,-6.5905696004067],[106.786247200147997,-6.59053390001941],[106.785997899983002,-6.59022609985459],[106.785938099564007,-6.59013469995637],[106.785835500407998,-6.58999610003991],[106.785811600024999,-6.58996389981405],[106.785704099564995,-6.58981290004527],[106.785701200150001,-6.58980930005913],[106.785671300390007,-6.58976970021143],[106.785615299605993,-6.58969599987046],[106.785545899823006,-6.58960440032274],[106.785526100349003,-6.58957770035056],[106.785425799861002,-6.58944309971923],[106.785389200151997,-6.58939419998228],[106.785333999764006,-6.58930649989503],[106.785310799952995,-6.5892621003656],[106.785273899871001,-6.58919099996461],[106.785236399940004,-6.58907840034783],[106.785196600443001,-6.58896340044055],[106.785176600420002,-6.58890080043153],[106.785158800139001,-6.5888476001366],[106.785151600166003,-6.58881539991074],[106.785145900263004,-6.58876090009539],[106.785125699690994,-6.5886701998698],[106.785096499603995,-6.58853679983338],[106.785079300069995,-6.58847269975524],[106.784986199553998,-6.58817809983941],[106.784962600444004,-6.58813599987644],[106.784907499881001,-6.58803559956323],[106.784890800369993,-6.58800760007063],[106.784867700383998,-6.58796950029216],[106.784839799816993,-6.58792009963287],[106.784824499650995,-6.58789269998806],[106.784723700038995,-6.58775450026991],[106.784646299887001,-6.58767519985054],[106.784624199947004,-6.58764699980912],[106.784567799864007,-6.58759020042737],[106.784479999951998,-6.58752310021083],[106.784361700432001,-6.58745640019265],[106.784152699787001,-6.58731330006867],[106.784138500392004,-6.58730219973666],[106.783870100425005,-6.58709289961757],[106.783719400129996,-6.58697469992239],[106.783638099618997,-6.58690969962288],[106.783374000210003,-6.58669890033394],[106.783256099989003,-6.58660469994692],[106.783247099573998,-6.58659699995155],[106.783232099781998,-6.58658429972559],[106.783169999796002,-6.58653420029305],[106.783066200044999,-6.58644869994748],[106.782955399971996,-6.58634630044139],[106.782921800400999,-6.58630769974053],[106.782792500374001,-6.58617910028522],[106.782076399906003,-6.58559189964643],[106.781969500192005,-6.58550280021399],[106.781730300313001,-6.58530399967981],[106.781502699889998,-6.58507719965297],[106.781452899930997,-6.58502750041879],[106.781331399723996,-6.58490579966286],[106.781307199867001,-6.58486979980137],[106.780995100043995,-6.58452909973812],[106.780620300387,-6.58412009976274],[106.780368799580998,-6.58384780033566],[106.780141700079,-6.5836016001337],[106.779921199803994,-6.58336279955353],[106.779706000131995,-6.58311749957289],[106.779528000016995,-6.58291450010404],[106.779283000410004,-6.5826549000036],[106.779109499604004,-6.58247110016112],[106.778987400448003,-6.58235150022153],[106.778724999858994,-6.58209380038852],[106.778239499953003,-6.58178369975786],[106.777987699673005,-6.58162270042726],[106.777876799775001,-6.58156320038137],[106.777754900269002,-6.58150039982354],[106.777590700250997,-6.58141219971321],[106.777513300099002,-6.58136870040516],[106.777485299706996,-6.58135290021613],[106.777410399670003,-6.58131330036849],[106.777389100126996,-6.58133919994407],[106.777367699859994,-6.58136880022988],[106.777344099849998,-6.58140229997611],[106.777319800168996,-6.58143779981458],[106.777299099573995,-6.5814712995608],[106.777258300030994,-6.58155910037215],[106.777228900294006,-6.58162349992455],[106.777226800376994,-6.58162809995679],[106.777197399740004,-6.58168919989663],[106.777180100381003,-6.58172650017781],[106.777165400062998,-6.58175909970265],[106.777161800076996,-6.58176750026985],[106.777159100312005,-6.58177680015916],[106.777158200090994,-6.581786400422],[106.777158700114001,-6.58179799987772],[106.777161100404996,-6.58180860018672],[106.777165400062998,-6.58181980034345],[106.777171900363001,-6.58183189982225],[106.777180100381003,-6.58184369982683],[106.777277499657004,-6.58193780038914],[106.777983499838996,-6.58263680024811],[106.778029400337005,-6.58272210004486],[106.778073500391997,-6.58281270044574],[106.778085000022998,-6.58287989958762],[106.778081999883995,-6.58294620030688],[106.778066099870998,-6.58300189981776],[106.778045099802,-6.58304890018655],[106.777976000392002,-6.58313140039377],[106.777797799729001,-6.58334379957665],[106.777472499656,-6.58364920035029],[106.777376899923993,-6.5837443998841],[106.777341999933,-6.58377109985634],[106.777232899579005,-6.58385519995744],[106.777099700091,-6.58392509976352],[106.777003899809998,-6.58394940034452],[106.776885999588998,-6.5839682995973],[106.776668700000997,-6.58396290006772],[106.776507400295998,-6.58395870023378],[106.776090899975003,-6.58395360017846],[106.775696100294994,-6.58395959955584],[106.775401700028993,-6.58395970027988],[106.775248499618996,-6.58395980010465],[106.775220699776,-6.58395550044594],[106.774878600367003,-6.58390259962522],[106.774573400142003,-6.58382559967163],[106.774511300155993,-6.58381450023893],[106.774408899750995,-6.58379109987931],[106.774408600276999,-6.58379090022982],[106.774352899866003,-6.58378449975481],[106.774261999990998,-6.58378249966256],[106.774185300411006,-6.58380110034045],[106.774055199987998,-6.58383290036801],[106.773920899730001,-6.58387179964382],[106.77388189973,-6.5838855997406],[106.773850499901002,-6.58389639969903],[106.773791999900993,-6.58391770014168],[106.773461900146998,-6.58407079982749],[106.773430799791996,-6.58408409990125],[106.773159899709995,-6.58420069970248],[106.773046600420003,-6.58425189990521],[106.772995300393006,-6.58427499989131],[106.772797999928002,-6.58433130014936],[106.772756499812999,-6.58434210010779],[106.772719200430998,-6.5843528002415],[106.772649500273999,-6.58437309973874],[106.772449699693993,-6.58441810001528],[106.772236199741002,-6.58448510040699],[106.772104699972004,-6.58452639997336],[106.771955399922007,-6.58458160036054],[106.771921199603995,-6.58459419986241],[106.771915300051006,-6.58459629977938],[106.771909199950002,-6.58459870006993],[106.771803499932005,-6.58463810026808],[106.771744099710006,-6.5846603000328],[106.771661800052001,-6.58469019979282],[106.771067099966999,-6.58493620034534],[106.771105500119006,-6.58499249970407],[106.771138200368,-6.58503480021579],[106.771190399717,-6.58510210008183],[106.771229100243005,-6.58514749965735],[106.771288499565003,-6.5852172996386],[106.771478100034003,-6.58546780039865],[106.771563200182001,-6.58558080021373],[106.771610199650993,-6.58564640036104],[106.771625300167997,-6.58566850030098],[106.771666499909003,-6.58572269974275],[106.771671900338006,-6.58572660010248],[106.771676600194994,-6.58573129995949],[106.771689900268996,-6.58574689959971],[106.771734399623,-6.5858138001667],[106.771756700111993,-6.58585359966384],[106.771783200434001,-6.58591049976968],[106.771808900360995,-6.58597440019838],[106.771856999701001,-6.58612239982887],[106.7719025,-6.5862639000589],[106.771903800420006,-6.58626669964843],[106.771925699811007,-6.58634459982335],[106.771947699926002,-6.58644369971694],[106.771966799728006,-6.58657389996546],[106.771968000323,-6.58658319985472],[106.771978099709997,-6.58667049974372],[106.771981400220994,-6.58674680002474],[106.771988700018994,-6.5868608997107],[106.771991299958998,-6.58692310042068],[106.771995800165996,-6.58704290000981],[106.771996099640006,-6.5871621995758],[106.771996099640006,-6.58717999985709],[106.771995899990998,-6.58726309991209],[106.771999199603002,-6.58740360009602],[106.772011399806004,-6.58748789984668],[106.772014999792006,-6.587510900008],[106.772044500253998,-6.58764630013661],[106.772075499883996,-6.58773500027002],[106.772102000206999,-6.58779200020058],[106.772107899760002,-6.58780230013599],[106.772159599985997,-6.58787989993738],[106.772208499723007,-6.58794569973423],[106.772264999629996,-6.58801890005213],[106.772351599846999,-6.58811399976122],[106.772405999837005,-6.58816439956735],[106.772429800395003,-6.5881871002544],[106.772438000413004,-6.58819409967794],[106.772528900289004,-6.58829259972367],[106.772610699924002,-6.58838799980629],[106.772716899965005,-6.58851550029004],[106.772734300048,-6.58853639963508],[106.772777900080001,-6.58858659979171],[106.772829499582002,-6.58865289961159],[106.773006100350997,-6.58885580015499],[106.773057100005005,-6.58890660015942],[106.773125999765,-6.58898269989163],[106.773567699989002,-6.58947200033248],[106.773601900307995,-6.58951129980659],[106.773627100211002,-6.58954300000937],[106.773638500017,-6.58955620025841],[106.773952799582005,-6.58991140009101],[106.774059700194996,-6.59003250009977],[106.774203499991998,-6.59018850009915],[106.774217700286997,-6.59020390008988],[106.774306900442994,-6.59030030021864],[106.774415400050998,-6.59041780024126],[106.774541899588996,-6.59055109955358],[106.774567999713994,-6.59057530030981],[106.774727900073003,-6.59074809964505],[106.775146000288004,-6.59120750032582],[106.775271499780004,-6.59135070027458],[106.775369300153002,-6.59145700014039],[106.775418400438994,-6.59151290020014],[106.775418799738006,-6.59151340022322],[106.775536699959005,-6.59165569995054],[106.775585999894005,-6.59171210003336],[106.77561300024,-6.59174320038835],[106.775738599557002,-6.59188569976516],[106.775804699727004,-6.591961],[106.776012099579006,-6.59219919983315],[106.776012399951995,-6.59219969985622],[106.776065899721999,-6.59225040003588],[106.776127100384997,-6.59231640038155],[106.776129599601006,-6.59231900032154],[106.776273099923998,-6.59248130007188],[106.776337899674004,-6.59256569964725],[106.776383099599997,-6.59261880011746],[106.776410799619001,-6.59264810002975],[106.776420899905006,-6.59265999985905],[106.776421200277994,-6.59266080025566],[106.776457899812002,-6.59270559998339],[106.776504199608993,-6.59275499974342],[106.776605699792995,-6.59286479977067],[106.776727799848004,-6.59301209972858],[106.776837599874995,-6.59314460044288],[106.776900199883997,-6.59322049962628],[106.776927600427996,-6.59325079958467],[106.777133199836996,-6.59347949987898],[106.777183599642996,-6.59353959977267],[106.777191500187996,-6.59354769996634],[106.777360999910002,-6.59372100022392],[106.777366799638003,-6.59372760034842],[106.777384300444993,-6.59374820021924],[106.777447100103998,-6.59382339973007],[106.777488700044003,-6.5938745999328],[106.777592899992001,-6.59399500026899],[106.777726600402005,-6.59413529990411],[106.777785300052003,-6.59420090005148],[106.777827300189998,-6.59424459990834],[106.777877000323002,-6.59429859970055],[106.777882200202995,-6.59430490035084],[106.777922499723999,-6.5943544997603],[106.777953299705004,-6.59439220023978],[106.778007599871003,-6.59445370037793],[106.778059800120005,-6.59451109960753],[106.778112899690996,-6.59456930013306],[106.778278900150994,-6.59474699987408],[106.778507399896995,-6.59499720026054],[106.778920499880996,-6.59548849989432],[106.779034100442999,-6.59560449984775],[106.779126000364997,-6.59574149987026],[106.779189800069005,-6.59582319968087],[106.779361500432998,-6.59598929996616],[106.779338799746,-6.59626509955467],[106.779316699806003,-6.59632459960056],[106.779248999741995,-6.59648700007494],[106.779173599681997,-6.59674660017544],[106.779167600305001,-6.5967663996496],[106.779138800414998,-6.59686360017497],[106.779115800254004,-6.59703729973154],[106.779095400033,-6.59724850011816],[106.779095099659003,-6.59725360017347],[106.779095300207999,-6.5973045998274],[106.779096300253997,-6.59752369985881],[106.779103000202994,-6.5976246001951],[106.779105000295999,-6.59768749967833],[106.779108799930995,-6.59774999986257],[106.779112399916997,-6.59779180035127],[106.779121699807007,-6.5979035995714],[106.779150499696001,-6.59812450004557],[106.779160799631001,-6.59819670031743],[106.779186200083004,-6.59836059996167],[106.779268100443005,-6.59862000041267],[106.779268399917001,-6.59862089973467],[106.779322100235007,-6.59875670006159],[106.779386899985994,-6.59890180027782],[106.779401999602996,-6.59897530006998],[106.779424100442,-6.59908789968677],[106.779430800390998,-6.59923190003212],[106.779433900353993,-6.59937309988862],[106.779437600164997,-6.59953279969892],[106.779449300344993,-6.59967260021028],[106.779454699875004,-6.59973570024232],[106.779461899847007,-6.59982100003907],[106.779475100095993,-6.59992500033843],[106.779491799607001,-6.600102899729],[106.779496899662007,-6.60017209986245],[106.779504099635005,-6.60039870023979],[106.779504400007994,-6.60047050031329],[106.779507800345002,-6.60091069956906],[106.779509800436998,-6.60116800010309],[106.779312699621002,-6.60116659985863],[106.779210300114997,-6.60115980008465],[106.779151800115997,-6.6011557999002],[106.779070999626995,-6.60115260011236],[106.778897999742995,-6.6011547998541],[106.778848599982993,-6.60115749961886],[106.778814100190999,-6.60116230019997],[106.778686300233005,-6.60117550044896],[106.778637299772001,-6.60118440013991],[106.778541600214993,-6.60119599959563],[106.778310800002998,-6.60122840037036],[106.778301400288996,-6.60123089958631],[106.778220999998993,-6.60125830013038],[106.777978999631003,-6.60133050040224],[106.777957100240002,-6.60133649977962],[106.777614999931998,-6.60145120021269],[106.777531499679,-6.60148310006497],[106.777512100403001,-6.60148929999116],[106.777505100080006,-6.6014928999773],[106.777371299845996,-6.60154889986177],[106.777272799800002,-6.60159790032282],[106.777221700320993,-6.60163500005518],[106.777184499865001,-6.60167300000887],[106.777169500072006,-6.60168429999038],[106.777131500118998,-6.60172680015165],[106.777094799685003,-6.60178559962566],[106.777051099828,-6.6018945003309],[106.777023200160997,-6.6019532998049],[106.776984999657998,-6.60203329989685],[106.776887100359005,-6.60205520018729],[106.776849600429003,-6.60205830015036],[106.776687500327995,-6.60205170002587],[106.776512500351998,-6.60203699970771],[106.776384900042999,-6.60202619974928],[106.776308400112995,-6.60201689986002],[106.776064299827993,-6.60198709992466],[106.776019599924993,-6.60198709992466],[106.775969399768002,-6.60198459980938],[106.775912300013005,-6.60197760038591],[106.775780200395999,-6.60194509978646],[106.775728599995006,-6.60193229973578],[106.775638200143007,-6.60190669963441],[106.775634899631001,-6.6019055997636],[106.775534900414996,-6.60186900005425],[106.775420600180993,-6.60182480017437],[106.775389800198994,-6.60181290034501],[106.775383100249996,-6.60181179957482],[106.775341199935994,-6.60180430012832],[106.775279599973999,-6.60180260040966],[106.775224899609995,-6.60179810020213],[106.775208000448998,-6.60179860022515],[106.775202900394007,-6.60179870004993],[106.775168200051993,-6.60179970009602],[106.775023599858997,-6.60182740011436],[106.774953100206005,-6.60183739967619],[106.774789300386004,-6.60187460013265],[106.774674199754998,-6.60190249980047],[106.774600299764003,-6.60192170032616],[106.774551800224998,-6.6019307996666],[106.774429600345997,-6.60194030010473],[106.774318400073994,-6.60193279975886],[106.774290700056,-6.60192940032152],[106.774238499806998,-6.60192270037226],[106.774025099678994,-6.60187009992512],[106.773946700379994,-6.60184289992986],[106.773944899937007,-6.60184230008201],[106.773777599956006,-6.60176709967186],[106.773766700172999,-6.60176160031756],[106.773590200127998,-6.60167919993506],[106.773451299838001,-6.60162200035501],[106.773350799699998,-6.60159590023056],[106.773295200014005,-6.60158300035516],[106.773281200266993,-6.6015807997141],[106.773159899709995,-6.60156269995861],[106.772952999880999,-6.60155130015232],[106.772902100051994,-6.60154920023535],[106.772844699922999,-6.60154649957127],[106.772782599937003,-6.60154830001397],[106.772611899620003,-6.60157120035058],[106.772598999744005,-6.60157540018452],[106.772466999952002,-6.60162479994449],[106.772430300417994,-6.60164129980609],[106.772393599984994,-6.60165779966769],[106.772351599846999,-6.60166970039631],[106.772219299680998,-6.60170029982891],[106.772074200364003,-6.6017183995844],[106.771984799658995,-6.60173190020697],[106.771955100447997,-6.60173690043757],[106.771856999701001,-6.60175640043747],[106.771804599803005,-6.60176919958883],[106.771679999631999,-6.60180070014218],[106.771403500370994,-6.60190030005873],[106.771348499634001,-6.60191999970817],[106.771184699814,-6.60196120034908],[106.770899700160996,-6.60202950026115],[106.770751699631006,-6.60204700016885],[106.770691999936005,-6.60204869988752],[106.770645700138999,-6.60205019995669],[106.770469100268997,-6.6020590996477],[106.770315100361998,-6.60206889956004],[106.770200200279007,-6.60207329994279],[106.770197499614994,-6.60207360031637],[106.770085400021003,-6.60208119958764],[106.770011599856005,-6.60208390025173],[106.769971599810006,-6.60208810008572],[106.769954199726996,-6.60209010017792],[106.769933300381993,-6.60209260029325],[106.769900199934,-6.60209620027939],[106.769884299921003,-6.60209899986893],[106.769831900021998,-6.60210769991039],[106.769781000193007,-6.60211759964744],[106.769721599972002,-6.6021308997212],[106.769684100041005,-6.60214159985492],[106.769643500146998,-6.60215370023303],[106.769609299829,-6.60216519986403],[106.769564400277005,-6.60218309997003],[106.769516399861999,-6.6022032996425],[106.769481099673001,-6.60221489999759],[106.769381200281998,-6.60226689969761],[106.769309599858005,-6.60231959996952],[106.769232300430005,-6.60239090002],[106.769140500334004,-6.60248439983513],[106.768986500427005,-6.60263910031421],[106.768891800017002,-6.60265350025878],[106.768841400211002,-6.6026586003141],[106.768779999897006,-6.60266270032332],[106.768737300086002,-6.60266580028639],[106.768694100253001,-6.60266599993588],[106.768652699962004,-6.60266680033254],[106.768605599769003,-6.60266790020336],[106.768556600207006,-6.60266709980675],[106.768473400326997,-6.60266170027722],[106.768236699664001,-6.60264749998208],[106.768187100255005,-6.60264330014815],[106.768141900328004,-6.60263920013892],[106.768072899844995,-6.6026352997792],[106.768062000060993,-6.60263419990838],[106.768010799858999,-6.60262959987608],[106.768009600162998,-6.60262940022659],[106.767926799582,-6.60263340041104],[106.767845800342997,-6.6026403000098],[106.767770900306999,-6.60264830037869],[106.767709300343995,-6.60265829994052],[106.767637899568996,-6.60267019976988],[106.767554699689995,-6.60268530028634],[106.767497500109997,-6.60269670009257],[106.767452800206996,-6.60270569960829],[106.767406799884,-6.60271770016169],[106.767245099980997,-6.60275229977879],[106.766961399848995,-6.60273830003246],[106.766920799955003,-6.60273110006017],[106.766833300417005,-6.60270380024014],[106.766831099775999,-6.60270309966825],[106.766777099983003,-6.6026817003002],[106.766705499558995,-6.60265019974685],[106.766670399918993,-6.6026342997331],[106.766600900311005,-6.60260149965944],[106.766561699763002,-6.60257989974252],[106.766489100192004,-6.60255169970111],[106.766447699902002,-6.60253280044833],[106.766324199601996,-6.60244689990446],[106.766215699995001,-6.60236820023221],[106.766189400220995,-6.60234920025533],[106.766061999561998,-6.60225769963307],[106.765914900153007,-6.60215840009005],[106.765843500277001,-6.60212090015938],[106.765745199880996,-6.60207070000274],[106.765622800352006,-6.60200800016901],[106.765553299844996,-6.60198500000769],[106.765454500325006,-6.60196259969416],[106.765415100127001,-6.60195710033986],[106.765377600196004,-6.60195479987408],[106.765349400155003,-6.60195370000321],[106.765312500072,-6.60195500042289],[106.765270300284001,-6.60195849968494],[106.765074499888001,-6.60197450042278],[106.764991200183999,-6.60198750012296],[106.764930000419,-6.60199649963869],[106.764873100312997,-6.60200729959718],[106.764824099852007,-6.60201930015052],[106.764766199700006,-6.60203620021042],[106.764700499727994,-6.60206280035789],[106.764662099576,-6.60208049991508],[106.764652199839006,-6.60208550014568],[106.764596100130007,-6.60211329998873],[106.764533199747007,-6.60214369977189],[106.764431200440001,-6.60219249968407],[106.764294599715996,-6.60225349979913],[106.764059700394995,-6.60234329980341],[106.763930199819001,-6.60238880010297],[106.763798799875005,-6.60241950025966],[106.763719500354995,-6.60243810003823],[106.763699699981004,-6.60244170002437],[106.763564100202998,-6.60245960013037],[106.763474700396998,-6.6024685996461],[106.763378699566999,-6.60247180033326],[106.763292999572002,-6.6024745999228],[106.763256899886002,-6.60246839999661],[106.763108900256,-6.60245860008428],[106.762746600274994,-6.60238370004765],[106.762698699685004,-6.60237669972486],[106.762247400098005,-6.60231759987727],[106.762158199940998,-6.60229089990509],[106.762134000084004,-6.60228069979439],[106.762111499946002,-6.60226849959156],[106.762094099863006,-6.60225609973918],[106.762075199711006,-6.60223799998369],[106.762052099724997,-6.60221280008062],[106.762031599679005,-6.60218650030669],[106.761983899637002,-6.60212710008557],[106.761891100393996,-6.60199689983699],[106.761848000385001,-6.60194809992481],[106.761801599864,-6.60189279971291],[106.761740400099001,-6.60184230008201],[106.761689600094996,-6.60180530017442],[106.761621200357993,-6.60176260036366],[106.761577999625004,-6.60174149957049],[106.761548199689997,-6.60171929980578],[106.761511299606994,-6.60170010017941],[106.761331300299005,-6.60167259981057],[106.761124399571003,-6.60164079978301],[106.761102699830005,-6.60163740034568],[106.760912200038007,-6.60160760041038],[106.760801499788997,-6.60159020032745],[106.760686200408003,-6.60156910043361],[106.760577299703002,-6.6015463997465],[106.760380000137005,-6.60150689972357],[106.760282199764006,-6.60148670005111],[106.760227000276004,-6.60147259958075],[106.760183800441993,-6.60145950005585],[106.760146299612003,-6.60144319984374],[106.760116100377999,-6.60142900044798],[106.760088199810994,-6.60141230003757],[106.760041399990996,-6.60137229999162],[106.760039600447001,-6.60137060027296],[106.759985599756007,-6.6013223003838],[106.759958999608003,-6.60130040009335],[106.759948400198994,-6.6012915004024],[106.759925900059997,-6.60127520019029],[106.759901899853006,-6.60125479996901],[106.759875500253997,-6.60122910004287],[106.759846099618002,-6.6011966003428],[106.759804700226994,-6.60114829955433],[106.759763299935997,-6.60109650040312],[106.759728200295996,-6.60105190032488],[106.759703700065998,-6.60101700033425],[106.759665899761998,-6.60096260034368],[106.759602600080001,-6.60087640032555],[106.759537099756997,-6.60079940037196],[106.759466899578001,-6.60072610022928],[106.759392200090005,-6.60067609972219],[106.759280800168995,-6.60063980038643],[106.759260200298002,-6.60055310034528],[106.759229599966005,-6.6004224998984],[106.759214000325997,-6.60035079964962],[106.759208400247999,-6.60030740016634],[106.759206099782006,-6.60028809981588],[106.759201899947996,-6.60025529974223],[106.759202599619996,-6.60021180043418],[106.759204599713001,-6.60017240023603],[106.759210900363001,-6.60011550013019],[106.759275399740005,-6.59996479983562],[106.759282900086006,-6.59994760030145],[106.759325800444998,-6.59985120017268],[106.759360900085994,-6.59977279997469],[106.759376700274998,-6.5997372003115],[106.759407799729999,-6.59966900022414],[106.759431000440003,-6.5996179996709],[106.759452999656006,-6.59956259963423],[106.759476400015998,-6.59950170024325],[106.759495999840993,-6.59945820003588],[106.759514399970001,-6.59941219971319],[106.759522799638006,-6.59939259988852],[106.759554499839993,-6.5993212998381],[106.759566899692999,-6.5992858998244],[106.759577400176994,-6.59925640026262],[106.759609800052004,-6.59915680034601],[106.759629899900006,-6.59907940019411],[106.759665899761998,-6.59887899976599],[106.759676000046994,-6.59881970026891],[106.759685399760997,-6.59874590010315],[106.759687499677995,-6.59872919969274],[106.759698000162999,-6.59860880025587],[106.759700299729005,-6.59853480044063],[106.759705700157994,-6.59845719973993],[106.759701799797995,-6.59839740021982],[106.759705399783996,-6.59835800002162],[106.759712400107006,-6.59819160026211],[106.759759899599999,-6.59817870038665],[106.759797000231003,-6.59817000034519],[106.759835000185006,-6.59816569978716],[106.759859399692004,-6.59816490028987],[106.759875600078999,-6.59816790042822],[106.759910400245005,-6.59817289975945],[106.759942200271993,-6.59817510040051],[106.759968199672997,-6.59817499967647],[106.759985800303994,-6.59816760005464],[106.760006699650006,-6.59815210023919],[106.760007000022995,-6.59815200041442],[106.760022900037001,-6.59813710044676],[106.760030299658993,-6.59812319962589],[106.760041099616998,-6.59810040001338],[106.760046500046002,-6.59808890038238],[106.760051100078002,-6.59803860040103],[106.760053100171007,-6.59798940029054],[106.760057600378005,-6.5978860996637],[106.760063599755,-6.59774770029611],[106.760068099962993,-6.59764219992752],[106.760067000091993,-6.59755719960504],[106.760062800257998,-6.59722409971238],[106.760057999677002,-6.5970690997591],[106.760055999585006,-6.59700730014674],[106.760054000392003,-6.59694389974112],[106.760052799796995,-6.59690579996266],[106.760046099847997,-6.59671160036004],[106.760045900197994,-6.59667690001885],[106.760044800326995,-6.59634170020922],[106.760048099939993,-6.59621130031121],[106.760044099755007,-6.59612560031616],[106.760043200433003,-6.59610860043154],[106.760042099662996,-6.59608260013187],[106.760041599640005,-6.59604510020114],[106.760040700318001,-6.59597930040434],[106.760038399851993,-6.59562239995375],[106.760021599617005,-6.59542339977003],[106.760017999631003,-6.59537879969179],[106.760007000022995,-6.59525159958162],[106.760001599594005,-6.59518829990009],[106.759968000022994,-6.59493400040373],[106.759863899899003,-6.59414580038833],[106.759845599594996,-6.59399319982629],[106.759772500001006,-6.59346409988825],[106.759687200203999,-6.59254230018695],[106.759556699582006,-6.59163460005669],[106.759537400130995,-6.59149490026937],[106.759505699927999,-6.5912653995785],[106.759421300352997,-6.59050489958139],[106.759396300098999,-6.59034059973885],[106.759292299799995,-6.58954500010162],[106.759330000278993,-6.58953999987108],[106.759355100357993,-6.58953680008324],[106.759275999587999,-6.58939529985315]]]}},
{"type":"Feature","properties":{"FID":20,"Keterangan":"Trayek Angkot Ibukota Kabupaten Bogor","Nama":"Trayek 12 (Tr. Bojong Gede - Nanggerang)","id":null,"@id":null,"colour":null,"colour:back":null,"from":null,"name":null,"network":null,"old_ref":null,"operator":null,"ref":null,"roundtrip":null,"route":null,"to":null,"type":null,"via":null,"layer":"angkot-kabupaten-bogor","path":"C:/Users/Dzaka/Desktop/kuliah_smster_5/sig/tugas Akhir/frontend/public/rute/angkot-kabupaten-bogor.geojson"},"geometry":{"type":"MultiLineString","coordinates":[[[106.793399500286995,-6.49066709970685],[106.793399500286995,-6.49066709970685],[106.793283000309998,-6.49066840012654],[106.793701300175002,-6.4910906003509],[106.793699999755006,-6.49108989977901],[106.793630000125006,-6.49097000036517],[106.793409999871997,-6.49106000001893],[106.793310099582001,-6.49087010007503],[106.793260000149004,-6.49065999955928],[106.793280000172004,-6.49056000034369],[106.793689900369003,-6.49089999983505],[106.793768600041005,-6.49105740007889],[106.793889899698996,-6.49130000029476],[106.794040099970999,-6.49157989989243],[106.794130099623999,-6.49166990044552],[106.794350099876993,-6.49167999983206],[106.794517499682996,-6.49162089998453],[106.794519999797998,-6.49162009958786],[106.794519999797998,-6.49159999974017],[106.794519800149004,-6.49162120035805],[106.794540900043003,-6.49161150027049],[106.794544099830006,-6.49152559972657],[106.794535299963997,-6.49144139980069],[106.794535499614,-6.49139080034513],[106.794537600430004,-6.49134899985643],[106.794542499936,-6.49129619975975],[106.794555700185001,-6.49122799967239],[106.794583000006,-6.49114650041059],[106.794611100221999,-6.49105539998669],[106.794612399743002,-6.49105160035106],[106.794638300217002,-6.49093770031459],[106.794748100245002,-6.49059500015909],[106.794756900110997,-6.49056680011768],[106.794848499658997,-6.49025919960235],[106.794901500303993,-6.49008170041009],[106.795014199746007,-6.48968830007493],[106.795093699814004,-6.48943659961935],[106.795126099689995,-6.4893343997627],[106.795131699768007,-6.48931670020551],[106.795146099712994,-6.48927239960153],[106.795262099666004,-6.48891550005027],[106.795272299776997,-6.48888500044239],[106.795313200044006,-6.48875799998166],[106.795315499610993,-6.4887507001846],[106.795360499886996,-6.48860719986232],[106.795419900108001,-6.488424900089],[106.795457900062004,-6.48829219972521],[106.795464900384999,-6.48826799986824],[106.795579599918995,-6.48790860020171],[106.795581199813,-6.48790350014639],[106.795694099803001,-6.48759770007376],[106.795707999724002,-6.48752120014325],[106.795748700342003,-6.487359900439],[106.795754099871999,-6.48733819979805],[106.795755000092996,-6.4873351996597],[106.795788800213003,-6.48721609974314],[106.795790099732997,-6.48721199973397],[106.795865099595005,-6.48694819979954],[106.795547000393995,-6.48683679987835],[106.795496999887007,-6.48682769963858],[106.795379599688999,-6.4868152997862],[106.795273399647996,-6.48677109990626],[106.795253199974994,-6.48676249968958],[106.794935099875005,-6.48662759958398],[106.794881899580005,-6.4866012998101],[106.794835800331995,-6.48657349996699],[106.794801900387,-6.48654959958429],[106.794772800125003,-6.48652729999486],[106.794741799593993,-6.48649459974592],[106.794709799917001,-6.48645049969076],[106.794672299986999,-6.48639959986161],[106.794641699655003,-6.48635459958507],[106.794609799802004,-6.4862840999312],[106.794570399603998,-6.48621260023128],[106.794549000236003,-6.48617479992703],[106.794522699563004,-6.48614390012085],[106.794464400112005,-6.48609989989041],[106.794426199609006,-6.48608349985358],[106.794378999591004,-6.48606530027337],[106.794366099716001,-6.48605899962308],[106.794307599716007,-6.48600359958641],[106.794267999867998,-6.48594759970194],[106.794241899743994,-6.48590370019554],[106.794185899859002,-6.48577659991014],[106.794166800057994,-6.48570939986888],[106.794160500307001,-6.48568300027017],[106.794154900229003,-6.48565220028877],[106.794151700441006,-6.48561809979543],[106.794153800358004,-6.48558369982783],[106.794169900021004,-6.48553570031226],[106.794175599924003,-6.48551880025241],[106.794184299966005,-6.48549420019714],[106.794247599646994,-6.48533119987491],[106.794261000445005,-6.485289099912],[106.794300899766995,-6.48520599985699],[106.794331500099005,-6.48513500018009],[106.794352400343001,-6.485047599567],[106.794369000028993,-6.48495149981181],[106.794370199724995,-6.4848920995907],[106.794361800057004,-6.48481799995068],[106.794346800265004,-6.48471599974357],[106.794320700140005,-6.48460779961022],[106.794290500006994,-6.4845203998965],[106.794269099738997,-6.48449150018251],[106.794204800011997,-6.48441000002146],[106.794168200301996,-6.48435099999858],[106.794151300242007,-6.48432699979117],[106.794133300311998,-6.48429550013719],[106.794118699818,-6.4842673999205],[106.794108499708003,-6.48423900022965],[106.794103799851001,-6.48421130021131],[106.794098900343997,-6.48416989992091],[106.794099299642994,-6.48414190042831],[106.794101799757996,-6.48413320038685],[106.794106999638004,-6.48411619960291],[106.794116799551006,-6.48409590010567],[106.794130300172995,-6.48407609973219],[106.794148599577994,-6.48405499983835],[106.794233199702006,-6.48399210035512],[106.794248700417,-6.48397690001389],[106.794261899766994,-6.48395499972344],[106.794264899905002,-6.48394409994023],[106.794265499752996,-6.48394250004628],[106.794267999867998,-6.48392800027693],[106.794268900090003,-6.48391329995877],[106.794269400112995,-6.48390009970979],[106.79426870044,-6.48388569976521],[106.794266200324998,-6.4838758000281],[106.794261299919,-6.48386719981136],[106.794253199725006,-6.4838578999221],[106.794238299758007,-6.48384190008358],[106.794218799757999,-6.4838234999545],[106.794057000031003,-6.48365720001971],[106.794003000238007,-6.48359090019983],[106.793974499822994,-6.48354360035683],[106.793956700441001,-6.48350789996954],[106.793942099947998,-6.48346939999277],[106.793929399722003,-6.48341590022358],[106.793916800220003,-6.48335819972107],[106.793911299966993,-6.48332040031619],[106.793910399745002,-6.48327950004887],[106.793910100271006,-6.48326400023336],[106.793915099602003,-6.48319840008605],[106.793926699956998,-6.48314319969887],[106.793955099648002,-6.48306719979138],[106.793896399998999,-6.48304409980534],[106.793518200004996,-6.48293100016548],[106.793385899838995,-6.48291539962594],[106.793370400024003,-6.48291750044223],[106.793348399908993,-6.48292380019319],[106.793331700397999,-6.48293319990722],[106.793309700283004,-6.48295029961656],[106.793265200028998,-6.48298149979632],[106.793235499917998,-6.48300070032201],[106.793198599836003,-6.48301730000833],[106.793168799900002,-6.48302469963016],[106.793108799831003,-6.48303520011433],[106.793043099859005,-6.48303310019736],[106.793030000333999,-6.48303239962547],[106.792965199684005,-6.48302979968548],[106.792630300248007,-6.48301820022971],[106.792302300410995,-6.48299350034972],[106.792138700240997,-6.48297460019762],[106.792078399798001,-6.48321330005371],[106.792067599839996,-6.48327490001657],[106.791941600325003,-6.48394400011546],[106.791938299812998,-6.48395720036444],[106.791936000245997,-6.48396769994935],[106.791926399982998,-6.48399010026287],[106.791919399660998,-6.484],[106.791911500015999,-6.48400700032278],[106.791893300436001,-6.48401559964015],[106.791858699919004,-6.48401959982465],[106.791823299905005,-6.48402319981079],[106.791783000384996,-6.48402560010129],[106.791753800297997,-6.48402910026272],[106.791726799952002,-6.48403499981532],[106.791692599634004,-6.48405260044711],[106.791674900076998,-6.484076300281],[106.791655699551001,-6.48411440005947],[106.791633399961,-6.48416760035445],[106.791596099680007,-6.48422320004062],[106.791587799837004,-6.48423319960244],[106.791563000132001,-6.48425910007734],[106.791523000086002,-6.48429159977746],[106.791474200173994,-6.48432220010938],[106.791426299584003,-6.48434530009547],[106.791407099957993,-6.48435409996171],[106.791343200428003,-6.48438320022444],[106.791285599751006,-6.48439999956031],[106.791214799722994,-6.48441639959714],[106.791160299908,-6.48442149965246],[106.791071300300004,-6.48442730027966],[106.791002899663994,-6.48442869962474],[106.790967499649994,-6.48442790012746],[106.790884100121005,-6.48442220022429],[106.790785100052005,-6.48442199967548],[106.790621499881993,-6.48443179958781],[106.790504999906005,-6.48443379968006],[106.790271999953006,-6.48442230004906],[106.790268599615999,-6.48430599972204],[106.790262899712999,-6.48419779958874],[106.790262100215998,-6.484184100216],[106.790256599962007,-6.48405540003665],[106.790256699786994,-6.48399770043346],[106.790256900336004,-6.48395370020307],[106.790258199855998,-6.48391000034621],[106.790264999629997,-6.48385739989902],[106.790277100007998,-6.48380419960409],[106.790286999745007,-6.48377119988095],[106.790298100076996,-6.48373670008857],[106.790322600308002,-6.4836863002825],[106.790342399782006,-6.48364709973384],[106.790365099569996,-6.48360459957257],[106.79038199963,-6.48357440033828],[106.790459100307004,-6.48341969985921],[106.790479100330003,-6.48336589971643],[106.790494500321003,-6.4832892999612],[106.790532899574004,-6.48312309985113],[106.790546900218999,-6.48306480040014],[106.790547300417998,-6.48306369963001],[106.790561900011994,-6.48300349991155],[106.790605599868996,-6.48286809978293],[106.7908246999,-6.48233999989105],[106.790881099982997,-6.48225460026953],[106.790914699553994,-6.48220049975322],[106.790962399595003,-6.48205779982754],[106.790985299932004,-6.48193700019237],[106.790991800230998,-6.4818770001234],[106.790991599682997,-6.48184549957011],[106.790987999696,-6.48182169991145],[106.790979500204003,-6.48179609981008],[106.790961199899996,-6.4817599002991],[106.790936300370007,-6.48172460011017],[106.790910600443993,-6.48168400021638],[106.790797200431001,-6.48153759958052],[106.790792499673998,-6.48153250042452],[106.790753800047995,-6.48145010004203],[106.790738700431007,-6.48140149977934],[106.790727000250996,-6.48134490004708],[106.790718900057001,-6.48128060031939],[106.790730600236998,-6.48115269963733],[106.790732700153995,-6.48112820030616],[106.790751399756999,-6.48092589961055],[106.790757900057002,-6.48087399973525],[106.790772700199994,-6.48075520019228],[106.790780400195004,-6.48069219998502],[106.790783699808003,-6.48067589977291],[106.790805600097997,-6.48051109990729],[106.790813399919003,-6.48046649982905],[106.790821299563007,-6.48043440032728],[106.790831399848997,-6.48037579960339],[106.790834399988,-6.48036019996323],[106.790848999581996,-6.48028939993583],[106.790855700430001,-6.48025240002818],[106.790862000180994,-6.48021850008365],[106.790881400356,-6.48011149964594],[106.790898900263997,-6.4800245999553],[106.790914200429995,-6.47995250040754],[106.790929300046997,-6.47986230020496],[106.790935099774998,-6.47983860037107],[106.790955199622999,-6.47971569991955],[106.790961699923002,-6.47967030034403],[106.790972700430004,-6.47959159977245],[106.790991800230998,-6.47944429981453],[106.790992300254999,-6.47942980004518],[106.790995199668998,-6.47935170022072],[106.790993699599994,-6.47930660011946],[106.790991400032993,-6.47926900036401],[106.790985600305007,-6.47924030029958],[106.790978099959005,-6.47921570024431],[106.790965700106995,-6.47918950029515],[106.790952200383998,-6.47916609993553],[106.790933400056005,-6.47914669976035],[106.790925299863005,-6.47914030018467],[106.790918099890007,-6.47913499958054],[106.790898199691995,-6.47912540021702],[106.790853700338005,-6.47911110009716],[106.790810799978004,-6.479103699576],[106.790789799909007,-6.47909770019868],[106.790713499627998,-6.47907129970065],[106.790672600259995,-6.47905410016654],[106.790632600213996,-6.47903439961777],[106.790604699647005,-6.47901279970091],[106.790579300095004,-6.47899190035588],[106.790552899597003,-6.47896740012538],[106.790510900358001,-6.47891829983962],[106.790506199602007,-6.47891259993651],[106.790467199602006,-6.47887040014882],[106.790419299910994,-6.47882150041187],[106.790358500344993,-6.47877040003391],[106.790352500067996,-6.47876560035212],[106.790315099962001,-6.47873590024153],[106.790260699971,-6.4786907003155],[106.790176599869994,-6.47860849958255],[106.790098900244004,-6.47853210037607],[106.790097400175,-6.47853039975809],[106.790048500438004,-6.47847510044551],[106.789991899805997,-6.47839370010911],[106.789958599710005,-6.47834580041831],[106.789940999977006,-6.47831510026163],[106.789936499769993,-6.47830709989268],[106.789918999861996,-6.47826409970838],[106.789904599916994,-6.47817050006847],[106.789902599824998,-6.47814270022536],[106.789889699949995,-6.47801450006909],[106.789890600171006,-6.47799669978781],[106.789887199833998,-6.47785959994053],[106.789887000185004,-6.47785680035099],[106.789887900406001,-6.47784029959013],[106.789890000322998,-6.47780219981161],[106.789890799820995,-6.47777289989938],[106.789889000277,-6.4777200998027],[106.789888400429007,-6.47770750030082],[106.789884300419999,-6.4776901002179],[106.789881199557996,-6.4776772003425],[106.789874399783997,-6.47766350007044],[106.789870100125,-6.47765699977066],[106.789859300166995,-6.47764469974305],[106.789824900198994,-6.47761279989078],[106.789766400198999,-6.47756380032905],[106.789764199557993,-6.47756130021378],[106.789653299660003,-6.47744730035259],[106.789563999679004,-6.47736330007621],[106.789411900038999,-6.47721559991993],[106.789364199998005,-6.47717099984175],[106.789352099620004,-6.47715950021075],[106.789235300168997,-6.47705099970381],[106.789133999634004,-6.47694650028069],[106.789105000096001,-6.47691680017016],[106.789059800169994,-6.47686509994435],[106.789032399625995,-6.47683050032725],[106.789021999865,-6.47680640029512],[106.789014100220996,-6.47678869983861],[106.789003599736006,-6.47674879961738],[106.78900130017,-6.47669429980203],[106.789002200390996,-6.47668020023099],[106.789003599736006,-6.47664370034647],[106.789011500281006,-6.47657400018989],[106.789025800399997,-6.47649669986276],[106.789094700160007,-6.47609000035317],[106.789131600242996,-6.47598910001693],[106.789140599758994,-6.47595229975877],[106.789141199607002,-6.47595219993406],[106.789144400294006,-6.47594640020617],[106.789144599943,-6.47594049975419],[106.789129600151,-6.47592440009095],[106.789115200205998,-6.47591500037692],[106.789063800354,-6.47589810031701],[106.788801799962997,-6.47583229962089],[106.788652200439003,-6.47579469986545],[106.788621299732995,-6.47578680022059],[106.788554700438993,-6.47576220016538],[106.788435899996998,-6.47568649973215],[106.788420500005998,-6.47567559994894],[106.788400400157997,-6.47566089963078],[106.788388299779996,-6.47564799975532],[106.788373700186,-6.47562799973235],[106.788344599922993,-6.47557630040592],[106.788333600314999,-6.47556010001853],[106.787695400022997,-6.47546779989898],[106.787329099857999,-6.47543180003748],[106.787125899840007,-6.47540960027277],[106.787014599743998,-6.47539670039737],[106.786492900327005,-6.47535229996862],[106.786450599814998,-6.47534829978417],[106.786071700148995,-6.47531759962749],[106.786028500314998,-6.47531200044841],[106.785808699712007,-6.47528430043008],[106.785669499948,-6.47526440023182],[106.785655299652007,-6.47526240013963],[106.785582399708005,-6.4752414000705],[106.785545899823006,-6.4752285001951],[106.785509099565004,-6.47521179978469],[106.785477099887999,-6.47519500044888],[106.785454199552007,-6.47518030013072],[106.785440699828001,-6.47516769972953],[106.785416800345004,-6.47513739977114],[106.785414400055004,-6.47513429980802],[106.785406899709002,-6.47511329973895],[106.785398800414001,-6.475086499942],[106.785394999879003,-6.47505450026495],[106.785388700127996,-6.47499329960107],[106.785388899777999,-6.47496060025145],[106.785389100326995,-6.47494370019155],[106.785401099981001,-6.47457339984248],[106.785433200382002,-6.47426220024028],[106.785436900193005,-6.47410310027783],[106.785432399984998,-6.47407170044858],[106.785425100187993,-6.47403900019964],[106.785414300230002,-6.47401809995529],[106.785399900285,-6.4739984003059],[106.785371100396006,-6.47397080011228],[106.785329499556994,-6.47394419996482],[106.785301199691006,-6.47392829995101],[106.785269700037006,-6.47391490005253],[106.785255300092004,-6.47391120024167],[106.785203599865994,-6.47389959988658],[106.785117600397001,-6.47388889975287],[106.784837100052002,-6.4738880004308],[106.784787499743004,-6.47388560014031],[106.784592899941998,-6.4738815999558],[106.784412799910996,-6.47387260044013],[106.784174299704006,-6.47385969966535],[106.784058799774002,-6.47384949955472],[106.783853900037997,-6.47382960025578],[106.783834599686998,-6.47382779981308],[106.783686500231994,-6.47381430008983],[106.783563900153993,-6.47380440035272],[106.783530799706995,-6.47380200006222],[106.783455899670003,-6.47379709965639],[106.783455199998002,-6.4737969000069],[106.783388699629,-6.47379420024208],[106.783282499587997,-6.473791499578],[106.783226899902004,-6.47379039970713],[106.783132800239002,-6.47377050040819],[106.783132400040003,-6.47377060023297],[106.783093200390994,-6.47376610002544],[106.783057300354002,-6.47375840003008],[106.783016300262005,-6.47374829974422],[106.782989499566,-6.47373940005321],[106.782974499773005,-6.47373420017317],[106.782937300216005,-6.47371439979969],[106.782926299709004,-6.473704199689],[106.782906799708996,-6.47368169955075],[106.782898599690995,-6.4736667995831],[106.782893200160999,-6.47364159968004],[106.782888799777993,-6.47359479986005],[106.782888500303997,-6.47357910039511],[106.782887899556997,-6.47355110000319],[106.782892299940002,-6.47348969968982],[106.782874399834,-6.47342869957475],[106.782865599968005,-6.47338559956575],[106.782862699654004,-6.47336809965805],[106.782854499636002,-6.4733180002255],[106.782846199792004,-6.47297370017606],[106.782844900271996,-6.47292369966897],[106.782831100175002,-6.47266830030179],[106.782827299640005,-6.47264630018657],[106.782813100243999,-6.4726152996563],[106.782769699862001,-6.47260790003452],[106.782722999867005,-6.47260870043112],[106.782653899557999,-6.47261259989153],[106.782569499982998,-6.47262280000217],[106.782553699792999,-6.47262380004827],[106.782386999660005,-6.47263240026501],[106.782365399743,-6.47262999997446],[106.782286500422003,-6.47263190024194],[106.782238300356994,-6.47263569987763],[106.782168600201004,-6.47265200008968],[106.782001599693999,-6.47268139982668],[106.781937299966998,-6.47268389994196],[106.781875000330999,-6.47268580020949],[106.781833199841998,-6.47267540044931],[106.781775100041003,-6.47264189980376],[106.781739500377995,-6.47261040014979],[106.781727900023,-6.47260089971172],[106.781649999848,-6.47253679963353],[106.781616500100995,-6.47251559991497],[106.781576199681993,-6.47249779963369],[106.781526299898999,-6.47247700011343],[106.781488899793004,-6.47246379986444],[106.781426799806994,-6.47244570010895],[106.781396900047,-6.4724380999383],[106.781390200098002,-6.47243730044102],[106.781360499987002,-6.47243249985991],[106.781326299669004,-6.47242749962936],[106.781241499895003,-6.47242360016895],[106.781084200376,-6.47242799965244],[106.780829700330003,-6.47242889987376],[106.780796199685,-6.47243299988298],[106.780764299832995,-6.47244010003055],[106.780724500336007,-6.47245220040867],[106.780729999689996,-6.47246999979063],[106.780724500336007,-6.47245220040867],[106.780781299717006,-6.47243480032574],[106.780829599605994,-6.47242899969854],[106.781084200376,-6.47242799965244],[106.781241599720005,-6.47242369999373],[106.781326299669004,-6.47242749962936],[106.781360599812004,-6.47243240003519],[106.781396999872001,-6.47243829958779],[106.781349399654999,-6.47231790015093],[106.781306099996996,-6.47216790042819],[106.781253899747995,-6.47197860033208],[106.781250000287002,-6.47192060035536],[106.781247199798003,-6.47187879986666],[106.781231100135003,-6.47165159964158],[106.781211600134995,-6.47152569995103],[106.781226599928004,-6.47134619976725],[106.781228699845002,-6.47112120018318],[106.781271799853997,-6.47095070041445],[106.781287299669003,-6.47085909996747],[106.781302400185993,-6.47077540006461],[106.781304099904006,-6.47071489997262],[106.781290600180995,-6.47061940006523],[106.781288500263997,-6.47053019990875],[106.781284900277996,-6.47040690015825],[106.780890200421993,-6.47042309964627],[106.780886899910996,-6.47016870032519],[106.780901700052993,-6.47012629998869],[106.780932500034993,-6.47003049970778],[106.780935400348,-6.46997110038592],[106.780930099743998,-6.46991339988347],[106.780906399909995,-6.46984119961161],[106.780891199568998,-6.46979210022522],[106.780882899725995,-6.46972409978736],[106.780884700168997,-6.46960380017521],[106.780897199845995,-6.46947479962228],[106.780924399840998,-6.46933729957669],[106.780939700006996,-6.46931909999643],[106.780802899633997,-6.46932029969202],[106.780674599652997,-6.46930100024093],[106.780676900119005,-6.46916319982176],[106.780652499713,-6.46902350003444],[106.780645600113999,-6.46896929969336],[106.780637599745006,-6.4689470999287],[106.780630700147,-6.46892690025618],[106.780602000081998,-6.46888349987358],[106.780114199710994,-6.46878699992004],[106.780189599769997,-6.46852610029924],[106.780209499969004,-6.468445700009],[106.780224399936003,-6.4683159997835],[106.780220600301007,-6.46828290023564],[106.780202200171004,-6.46824390023573],[106.780181299926994,-6.46821310025433],[106.780150999968996,-6.46817989998237],[106.780110700449001,-6.46814309972422],[106.780083399728994,-6.46812099978428],[106.780066100369993,-6.46809839982126],[106.780030700357003,-6.46799400022286],[106.780017400283,-6.46794220017233],[106.780003299813004,-6.46786110020958],[106.779996400214003,-6.46778570014988],[106.779988700217999,-6.46774090042214],[106.779986799951004,-6.46762710021045],[106.779981900444,-6.46742340016971],[106.779981000223003,-6.467363699575],[106.779987299973996,-6.46720909982008],[106.779988800043,-6.46717240028602],[106.779985799905006,-6.46715269973726],[106.779979599979001,-6.46713660007401],[106.779972999853996,-6.46712539991722],[106.779948200148993,-6.46710780018481],[106.779919900283005,-6.46709869994498],[106.779902500199995,-6.46709839957146],[106.779885799789994,-6.46709769989889],[106.779869100279001,-6.46709919996806],[106.779861000085006,-6.46710020001416],[106.779845400444998,-6.4671038000003],[106.779826799766994,-6.46710549971897],[106.779789899684005,-6.46710580009255],[106.779756700312007,-6.46710320015251],[106.779696600418006,-6.46709719987581],[106.779627900307005,-6.46709099994962],[106.779534799790994,-6.46708880020793]]]}},
{"type":"Feature","properties":{"FID":29,"Keterangan":"Trayek Angkot Ibukota Kabupaten Bogor","Nama":"Trayek 25 Terminal Parung - Pangkalan Rumpin","id":null,"@id":null,"colour":null,"colour:back":null,"from":null,"name":null,"network":null,"old_ref":null,"operator":null,"ref":null,"roundtrip":null,"route":null,"to":null,"type":null,"via":null,"layer":"angkot-kabupaten-bogor","path":"C:/Users/Dzaka/Desktop/kuliah_smster_5/sig/tugas Akhir/frontend/public/rute/angkot-kabupaten-bogor.geojson"},"geometry":{"type":"MultiLineString","coordinates":[[[106.730538400127003,-6.42324759959701],[106.727582600157007,-6.42483090012587],[106.726198600185,-6.42575839973034],[106.724771699854003,-6.42682450015053],[106.722475700093995,-6.42861569965476],[106.721304399678004,-6.42952000034768],[106.720424699939997,-6.43022370006366],[106.719630700197001,-6.43078870003842],[106.719019199876001,-6.43089530027783],[106.7162726002,-6.43136440014689],[106.715607399562003,-6.43144969994364],[106.714695499597994,-6.43159899999381],[106.713370499649002,-6.4318121995733],[106.713075399709993,-6.43186019998819],[106.712903700246002,-6.43191879981271],[106.712603299703005,-6.43209470001034],[106.71011420021,-6.43345939963155],[106.708097199826,-6.43457349956731],[106.706917100444002,-6.43520249979548],[106.705307699791007,-6.43609799972285],[106.703226299853995,-6.43724939993979],[106.697894099832993,-6.44021320027895],[106.694986599751999,-6.44182310005596],[106.693087600313007,-6.44284120006131],[106.692567200415994,-6.44315039957121],[106.692207799849996,-6.44334760021155],[106.691955700096003,-6.44350219996653],[106.691719700004001,-6.44391260018631],[106.691521199844004,-6.44421109956255],[106.691429999595002,-6.44455760025301],[106.691279800223001,-6.44478149996621],[106.690700400303001,-6.44509070037549],[106.690485799580003,-6.4451493002],[106.689714600349006,-6.44521939965551],[106.689349800252998,-6.44530470035159],[106.689113800162005,-6.44537400030981],[106.688867000111998,-6.44535799957197],[106.688577400426993,-6.44532599989492],[106.688201900197996,-6.44536859988091],[106.687756599986997,-6.44556590034597],[106.686597899972995,-6.44616819970258],[106.685954200325995,-6.44613620002559],[106.685712799805998,-6.44615219986406],[106.685433800430005,-6.44625880010352],[106.684301900213001,-6.44721830028431],[106.684039399799005,-6.4473919000161],[106.682301299865003,-6.44790359987121],[106.679898100016999,-6.44860729958714],[106.678428200401001,-6.44901240010216],[106.678183299720004,-6.44911409993574],[106.677893600209998,-6.44929000013337],[106.677676299721995,-6.44950860014171],[106.677620000363007,-6.4496257997908],[106.677453700428003,-6.44974040039909],[106.676820700015,-6.45041740014284],[106.676665399688005,-6.45061750019744],[106.676544699877994,-6.45090800010405],[106.676437399966005,-6.45139040004688],[106.676472200131997,-6.45154499980185],[106.676638500067,-6.45193139981421],[106.676665399688005,-6.45205399989214],[106.676617099799003,-6.45212069991032],[106.676542000113002,-6.4521925998086],[106.676391799841994,-6.4521925998086],[106.676107499861004,-6.45214470011774],[106.675799000024,-6.4520513999521],[106.675592500394004,-6.4520513999521],[106.675326900016998,-6.45208339962915],[106.674980900248002,-6.45223529961936],[106.674611599944996,-6.45241570002452],[106.674348800057004,-6.45269289985737],[106.673511899953994,-6.45340719988235],[106.672047499691999,-6.45459049995156],[106.671049700083998,-6.45529409984277],[106.670352300119006,-6.45585919964231],[106.669682000324002,-6.45639429985698],[106.669156199998994,-6.45703920009896],[106.668507199748007,-6.45799339967562],[106.667954599625006,-6.45886760005965],[106.667144600043002,-6.46000289971403],[106.666940700352995,-6.46031739982811],[106.666779799948003,-6.46095710019],[106.666221900121002,-6.4628813004316],[106.665191900286004,-6.46736940037749],[106.663132000442005,-6.46598350013835],[106.662938899810001,-6.46563169974309],[106.662745800078994,-6.46520529968478],[106.662632400064993,-6.46519189978631],[106.661432100111,-6.46528650037163],[106.660937300315993,-6.46523189983225],[106.660627500058993,-6.46513460038148],[106.660244500383001,-6.46497350032672],[106.659394200381996,-6.46418719967949],[106.658973100029002,-6.46381409974089],[106.658447400426994,-6.4631478001308],[106.657806299821004,-6.46238830017984],[106.657371799569006,-6.46116230029986],[106.657189399971003,-6.46086909972911],[106.656835399833994,-6.46054929991021],[106.656100499938006,-6.45995230025841],[106.65538700031,-6.45911009955142],[106.655349399654995,-6.4588756004286],[106.655499599926998,-6.45866230012501],[106.655896600247999,-6.45834250030612],[106.65604679962,-6.45810269967979],[106.656057499753999,-6.45793210008628],[106.655955600271,-6.45783079955169],[106.655783999731995,-6.45783079955169],[106.655381599880997,-6.45802269958784],[106.653907999555003,-6.45769860011023],[106.653728299720996,-6.45783179959784],[106.653470800437006,-6.45815430008082],[106.652733199877005,-6.45912980010013],[106.652304000228995,-6.4595508995543],[106.652030400382998,-6.45958819983548],[106.651764899829999,-6.45952960001097],[106.651762200066003,-6.45936959982714],[106.652016999585001,-6.45902579980077],[106.652199400081997,-6.45874869979264],[106.652191399713004,-6.45859410003766],[106.652105500068998,-6.45847679966454],[106.651786399922003,-6.45847409989972],[106.651325599897007,-6.4585094000887],[106.650912499911996,-6.45847209980752],[106.650531699978004,-6.45821900000681],[106.649668000077995,-6.45754470002782],[106.649474900345993,-6.45743280008361],[106.649212099558994,-6.45743010031885],[106.648732000082006,-6.4574754000696],[106.648820499666002,-6.45816040018229],[106.648764099584,-6.45823499984533],[106.648678299764001,-6.45828029959608],[106.648646100437006,-6.45836830005698],[106.648670300294,-6.45853350012089]]]}},
{"type":"Feature","properties":{"FID":30,"Keterangan":"Trayek Angkot Ibukota Kabupaten Bogor","Nama":"Trayek 31 Pangkalan Pasar Ciluar - Terminal Bojong Gede","id":null,"@id":null,"colour":null,"colour:back":null,"from":null,"name":null,"network":null,"old_ref":null,"operator":null,"ref":null,"roundtrip":null,"route":null,"to":null,"type":null,"via":null,"layer":"angkot-kabupaten-bogor","path":"C:/Users/Dzaka/Desktop/kuliah_smster_5/sig/tugas Akhir/frontend/public/rute/angkot-kabupaten-bogor.geojson"},"geometry":{"type":"MultiLineString","coordinates":[[[106.825964599985994,-6.54421759966243],[106.826087999562006,-6.543953799728],[106.826144399643994,-6.54357809984936],[106.826208700270996,-6.54265339983448],[106.826326700316997,-6.54105460038943],[106.826501100445995,-6.53942910007288],[106.826619099591994,-6.53836849990631],[106.826696899941993,-6.53766230007506],[106.826731799933,-6.53730519997492],[106.826951700360993,-6.53665769979295],[106.827469399592999,-6.53537860034209],[106.828072900443999,-6.53384370042636],[106.828689800294001,-6.5323780995696],[106.829333499941001,-6.53080049984317],[106.830183799942006,-6.52882589979538],[106.830645099991003,-6.52783459958704],[106.831329100057999,-6.52676330018613],[106.831736799614006,-6.52629699990655],[106.832461000275003,-6.52557480023677],[106.832794500366006,-6.5251342997081],[106.832939300209006,-6.52488649961219],[106.833119000042004,-6.52454269958588],[106.833333599865995,-6.52382059974082],[106.833617899846004,-6.52260539981933],[106.833904899592,-6.52193920003401],[106.834371600069005,-6.52064140008048],[106.834698800409001,-6.52007380016568],[106.834781100068,-6.51992989964509],[106.834691300063994,-6.51987530000503],[106.834457899911996,-6.51985399956237],[106.834044899752001,-6.51985660040174],[106.833574100164995,-6.51986600011577],[106.833249599588996,-6.51984070038799],[106.832813699992002,-6.51981400041575],[106.832334900036003,-6.51980469962712],[106.831905800212994,-6.51982199988532],[106.831732800328993,-6.51985799974682],[106.831457900062006,-6.51992459994028],[106.831227199675993,-6.51995659961733],[106.830993800423997,-6.51991530005103],[106.830508400341998,-6.51985529998206],[106.830354100061996,-6.51983799972385],[106.830363499775999,-6.51969670004263],[106.830402399950998,-6.51940489971628],[106.830484199585996,-6.51895059999015],[106.830556600406993,-6.51874139969578],[106.830619700439001,-6.51859220036971],[106.830661199654998,-6.5184668996277],[106.830668000328004,-6.51818440008992],[106.830659900133995,-6.51775010038676],[106.830684000166997,-6.51721579966937],[106.830675999798004,-6.51682400012749],[106.830653200184997,-6.51643760011513],[106.830657200369998,-6.51601120005677],[106.830681400226993,-6.51563149999367],[106.830681400226993,-6.51533170019775],[106.830669299847997,-6.51512919985265],[106.830619700439001,-6.51499989982546],[106.830496299963997,-6.51495860025915],[106.830269599762005,-6.51495329965502],[106.830012200303003,-6.51496930039286],[106.829726500077996,-6.51494790012544],[106.829349599604001,-6.51493989975654],[106.829027799692994,-6.51495729983947],[106.828559699869999,-6.51498389998693],[106.828094399636996,-6.51514910005091],[106.827866399914996,-6.51522910014279],[106.827662500223994,-6.51521039964018],[106.827354100212006,-6.51512120038302],[106.826914200429997,-6.51482270010746],[106.826844500274007,-6.51463750002057],[106.826776099637001,-6.51458019971642],[106.826639300164004,-6.51451890012709],[106.826395199879002,-6.51448159984591],[106.825821200388006,-6.51438030021063],[106.825257900132002,-6.51429500041388],[106.825023199561002,-6.51423240040492],[106.824616900250007,-6.51397869985709],[106.824439900181005,-6.51386150020801],[106.824096600177995,-6.51378150011607],[106.823715700419001,-6.51368560001038],[106.823409900347002,-6.5134777001357],[106.823093400139996,-6.51343510014971],[106.822846699915004,-6.51333910021924],[106.822664300317001,-6.51318989999385],[106.822476500289994,-6.5130087000914],[106.822181500176001,-6.51292869999946],[106.821698700035,-6.51275289962655],[106.821349999603001,-6.51275289962655],[106.821065699621997,-6.51288610001348],[106.820609700177997,-6.51314730000786],[106.820298600399994,-6.51333109985035],[106.819984700134,-6.51367759964148],[106.819434899601006,-6.51426390005889],[106.818799200322999,-6.51503670008361],[106.818369999775996,-6.51550839989267],[106.818067000192002,-6.51576149969338],[106.817723600364005,-6.51595069996478],[106.817613699613005,-6.51619060041583],[106.817511700305005,-6.51673689988797],[106.817275700213003,-6.51824249989141],[106.817039700121995,-6.51985479995898],[106.816873400187006,-6.52136039996242],[106.816849200329997,-6.52173619966584],[106.816870700422996,-6.52197600029211],[106.816766100275004,-6.52222120044797],[106.816672200262005,-6.52231179994953],[106.816277899705,-6.52226650019878],[106.815988200194994,-6.52226380043402],[106.815642200427007,-6.52230109981588],[106.815363299975999,-6.52231179994953],[106.815017300207998,-6.52242639965857],[106.814786599822,-6.5224717003087],[106.814601499559998,-6.52244770010123],[106.814443299817995,-6.52235969964039],[106.814266299750003,-6.5222291999176],[106.814099999814999,-6.52218380034208],[106.813748599617995,-6.52216249989942],[106.813177299892999,-6.52215189959043],[106.812748100245003,-6.52213319998714],[106.812514799918006,-6.52207729992739],[106.812297500328995,-6.52190670033389],[106.812227800173005,-6.52178949978554],[106.812235799643005,-6.52169089991503],[106.812246599600996,-6.52151759965744],[106.812201000376007,-6.52139239963947],[106.812090999800006,-6.52135510025761],[106.811659200212006,-6.52142169955175],[106.810712300432002,-6.52155759970344],[106.810465600206996,-6.5215682998371],[106.810344900396998,-6.52148569980517],[106.810285900373998,-6.52129379976901],[106.810272499576001,-6.52102200036495],[106.810151799766004,-6.52079549981244],[106.809864800021003,-6.52058759993776],[106.809494600395993,-6.5201611998794],[106.809164700291007,-6.51972950011628],[106.809084200176002,-6.51945500004814],[106.809011800253998,-6.51890869967673],[106.808915300300995,-6.51870889999572],[106.808684599914002,-6.51862360019896],[106.808561200339,-6.5184503997661],[106.808445900058004,-6.5183331002923],[106.808279600123996,-6.51829580001112],[106.808185700110002,-6.51821849968394],[106.808137400221,-6.51742440011594],[106.808089100331998,-6.51627320044781],[106.807987199948997,-6.51572420031152],[106.807635799752006,-6.51466629990978],[106.807501700043005,-6.51417319983324],[106.807246899625,-6.51321390020127],[106.807136999772993,-6.51271289958061],[106.807083300353995,-6.51229180012643],[106.807027000095999,-6.51174820041905],[106.806959899879999,-6.51112730038454],[106.806927699653997,-6.51082350040417],[106.806892900386998,-6.5097974998547],[106.806951900409999,-6.50890209975205],[106.807018899902005,-6.50823050043721],[106.807067199792002,-6.50762019981232],[106.806984099736994,-6.50742300007136],[106.806691699561995,-6.50700999991153],[106.806538800425002,-6.50679940027203],[106.806479800402997,-6.50661820036959],[106.806533499821001,-6.50635440043516],[106.806659500235995,-6.50566420044243],[106.806773300448,-6.50537249994085],[106.806951699861003,-6.50499809958257],[106.807163599920003,-6.50463700019736],[106.808599999790005,-6.50290639971053],[106.809047899941007,-6.50239340033511],[106.809070699553004,-6.50229080028015],[106.808992900101998,-6.50218689980551],[106.808806500320003,-6.50206960033177],[106.808723400264995,-6.50201099960788],[106.808582599706995,-6.50205630025801],[106.808380100261999,-6.50207359961689],[106.808107799935001,-6.50213890028999],[106.807929500346006,-6.50213359968581],[106.807509700411998,-6.50201499979238],[106.807229399717002,-6.50192440029082],[106.80708319963,-6.50174580032837],[106.806817699977003,-6.50141800014058],[106.806699699931002,-6.50128350023329],[106.806436800217995,-6.50106890040939],[106.805799799620999,-6.50052260003793],[106.805323700328998,-6.50013889979033],[106.804833399841996,-6.49971530022089],[106.804779800247999,-6.49971389997643],[106.804706000082007,-6.49978319993465],[106.804659100436993,-6.49983790029881],[106.804600100414007,-6.49988449956993],[106.804533000198006,-6.49984989995289],[106.804465999805998,-6.49977790022984],[106.804429800294997,-6.49967659969525],[106.80447130041,-6.49951410029547],[106.804585300271,-6.49910770026014],[106.804598700170004,-6.49877849982784],[106.804594699985998,-6.49825890032793],[106.804585300271,-6.49813089982115],[106.804582700330997,-6.49801899987688],[106.804622900026999,-6.49784309967924],[106.804758300155001,-6.4973901003728],[106.804884400394997,-6.49679710000612],[106.804884400394997,-6.49665590014962],[106.804833399841996,-6.49654529972577],[106.804700700376998,-6.49622809984686],[106.804608099884007,-6.49597900023065],[106.804542399911995,-6.49582310005599],[106.804465999805998,-6.49577509964109],[106.804156200448006,-6.49567380000582],[106.803964400237007,-6.49561649970167],[106.803719000431997,-6.49546459971145],[106.803630499948,-6.4954552998222],[106.803503100187996,-6.49551389964671],[106.803276399986004,-6.49557789990013],[106.803083300254002,-6.49561250041654],[106.802939799932005,-6.4955964996787],[106.802858000296993,-6.49556459982637],[106.802802999559006,-6.49556719976641],[106.802674300278994,-6.49569649979361],[106.802608499583002,-6.49583110042488],[106.802283099684999,-6.49650700029775],[106.802087300189001,-6.49674949978953],[106.802017500207995,-6.49677080023218],[106.801035800261999,-6.49578209996389],[106.800832000396994,-6.49564350004744],[106.800603999775007,-6.49552359973427],[106.800217800311003,-6.49537970011301],[106.800123900298004,-6.49538239987783],[106.800032700049002,-6.49561160019516],[106.799386299738003,-6.49721589989383],[106.798375100230999,-6.49679209977552],[106.797782300413004,-6.49654429967961],[106.797535500362997,-6.49646700025181],[106.796816700131004,-6.4963151002616],[106.796500199923997,-6.49614449976878],[106.796127400358998,-6.49618990024368],[106.795848400083997,-6.49599800020752],[106.795698199811994,-6.49596870029524],[106.795046499796001,-6.49605390026721],[106.794802400411001,-6.49607259987056],[106.794713899927004,-6.49605660003203],[106.794636099575996,-6.49583809984836],[106.794700400202998,-6.49543569999753],[106.794746000328004,-6.4951852001368],[106.794770200184999,-6.49498259996699],[106.794807700115001,-6.49479610035968],[106.794807700115001,-6.49445230033336],[106.794796999981997,-6.49396459978641],[106.794802400411001,-6.49330369970591],[106.794821100014005,-6.4926933999804],[106.794713899927004,-6.49218439989011],[106.794569000259003,-6.49166199990134],[106.794330300403004,-6.49168869987358],[106.794062100085995,-6.49169399957839],[106.793930700141999,-6.49159810037196],[106.793635600203004,-6.49092910009784],[106.793458600134002,-6.49099039968712],[106.793278900301004,-6.49072659975275],[106.793249399839993,-6.49068930037089]]]}},
{"type":"Feature","properties":{"FID":31,"Keterangan":"Trayek Angkot Ibukota Kabupaten Bogor","Nama":"Trayek 32 Terminal Cibinong - Terminal Laladon","id":null,"@id":null,"colour":null,"colour:back":null,"from":null,"name":null,"network":null,"old_ref":null,"operator":null,"ref":null,"roundtrip":null,"route":null,"to":null,"type":null,"via":null,"layer":"angkot-kabupaten-bogor","path":"C:/Users/Dzaka/Desktop/kuliah_smster_5/sig/tugas Akhir/frontend/public/rute/angkot-kabupaten-bogor.geojson"},"geometry":{"type":"MultiLineString","coordinates":[[[106.854205000261004,-6.46765199973993],[106.853925999984995,-6.4673559995797],[106.852986999850003,-6.46821000029121],[106.852271000106995,-6.46889799964293],[106.851159000088003,-6.46993499980033],[106.849769999886007,-6.47132500004869],[106.849040000396002,-6.47217100039131],[106.848553000421006,-6.47279200025059],[106.848260000398994,-6.47322899971852],[106.847933999754005,-6.47388700038471],[106.847595000308999,-6.47457299964418],[106.847128000357003,-6.47531499968744],[106.846879999712002,-6.47597200030754],[106.846588999782995,-6.47656599982099],[106.846136999622999,-6.47699799995769],[106.845542000063006,-6.47747000014033],[106.845169999996003,-6.47774600027765],[106.844997000112002,-6.47786899965456],[106.844882000203995,-6.47786300027718],[106.844878000020003,-6.47785900009274],[106.844803000157995,-6.47776100007008],[106.844798999974003,-6.47775499979338],[106.844693999628007,-6.47748800007111],[106.844692000435998,-6.47747799960996],[106.844692000435998,-6.47747400032483],[106.844691000389005,-6.47745999967918],[106.844689000296995,-6.47745300025571],[106.844540999767005,-6.47705499988831],[106.844403999744998,-6.47676600005082],[106.844300000345001,-6.47641800019051],[106.844120000138005,-6.47601300039958],[106.843962000046005,-6.47575500019303],[106.843771000231996,-6.47530500012562],[106.843658000415999,-6.47501300014977],[106.843678000438999,-6.47500599982698],[106.843690000093005,-6.47500199964253],[106.843693000231994,-6.4749990004035],[106.843636000301004,-6.47480200031203],[106.843580999563997,-6.47440199985238],[106.843496000139993,-6.47400699962327],[106.843450999864004,-6.47359300031667],[106.843366999587005,-6.47318899967257],[106.843294999864,-6.47286700011193],[106.843203000117995,-6.47253700018234],[106.843013000349998,-6.472249000391],[106.843007000073001,-6.47224700029875],[106.842792000051006,-6.47188599983895],[106.842617000074995,-6.47156300023221],[106.842610999797998,-6.47154899958662],[106.842464000213994,-6.47114299974959],[106.842466000306004,-6.47113899956514],[106.842318999821998,-6.47065299963617],[106.842320999913994,-6.47031400019091],[106.842323000006999,-6.47029900039848],[106.842301999937007,-6.46995499982336],[106.842254999568993,-6.46963000012437],[106.842215000422001,-6.469362000356],[106.842094000238006,-6.46907399966528],[106.841904999616006,-6.4687409995974],[106.841903999569993,-6.46873800035837],[106.841703000192993,-6.46862999987457],[106.841496999686996,-6.46858599964412],[106.841293000172001,-6.46858499959802],[106.841024000356995,-6.46847900010573],[106.841021000219001,-6.46847800005963],[106.840713000405003,-6.46829899989888],[106.840428999899004,-6.46815499955352],[106.840000999946,-6.46794299966967],[106.839808000039,-6.46780999983156],[106.839645999762993,-6.46759899999381],[106.839644999716995,-6.46758900043199],[106.839650999994006,-6.46738900020216],[106.839652000040005,-6.46737699964876],[106.839650999994006,-6.46736199985634],[106.839647999855003,-6.4673559995797],[106.839577000177997,-6.46712399967282],[106.839510999832996,-6.46666199995127],[106.839472999879007,-6.4664649998598],[106.839459000133004,-6.46624899979145],[106.839494999994002,-6.46542999979459],[106.839511999878994,-6.46532899963358],[106.839324000203007,-6.46531699997951],[106.839321000064004,-6.46531499988731],[106.839070000180001,-6.46531599993341],[106.838808999836004,-6.46531199974896],[106.838802999558993,-6.46531099970281],[106.838569999605994,-6.46528500030246],[106.838560000043998,-6.46528300021026],[106.838338999745005,-6.46518900037205],[106.838329000182995,-6.4651860002337],[106.838177000368006,-6.46513599972656],[106.838170000046006,-6.46512700021083],[106.838034000069001,-6.46495899965805],[106.837649000300999,-6.46484799993522],[106.837629000278,-6.46483800037339],[106.837367999932994,-6.46476999993553],[106.837107999634995,-6.46474100039683],[106.836928000327006,-6.46476000037364],[106.836911999589006,-6.46475900032755],[106.836664999890004,-6.46468799975133],[106.836537000281993,-6.46465099984374],[106.836408999775998,-6.46478899991234],[106.836228000421997,-6.46506600009576],[106.836222000145,-6.46507899979594],[106.836132999637996,-6.46526899956461],[106.836067000192003,-6.4656009995864],[106.835913000285004,-6.46619299990698],[106.835817000353998,-6.46645200015962],[106.835728999893007,-6.46667100036632],[106.835728999893007,-6.4666779997898],[106.835699000309006,-6.4668600000889],[106.835567999663994,-6.46708399962682],[106.835565999571003,-6.46708599971908],[106.835384000171999,-6.46737000022529],[106.834968999918999,-6.46788699978515],[106.834459999828994,-6.46846000012886],[106.834251000083995,-6.46868399966678],[106.834031999876998,-6.46875800038134],[106.833684000017001,-6.46884599994291],[106.833379000340997,-6.46892700008095],[106.833203000317994,-6.46900199994229],[106.833010999557999,-6.4691379999187],[106.832935999697,-6.46921499987229],[106.832932999557997,-6.46921900005674],[106.832869000203999,-6.46937099987173],[106.832705999881995,-6.46974900021615],[106.832540000321004,-6.47011800014553],[106.832503999560004,-6.47021600016825],[106.831984999908002,-6.47047300032864],[106.831854000161997,-6.47058600014373],[106.831565000325,-6.47088599958914],[106.831320999864005,-6.47116399981871],[106.831099999564998,-6.47151499981732],[106.830916000073003,-6.4718580003464],[106.830690000442999,-6.47237399986017],[106.830371000122,-6.47295000034222],[106.830022000214996,-6.47351000008638],[106.829824000078005,-6.4739169999695],[106.829639999685995,-6.47425999959927],[106.829558000400993,-6.47457199959808],[106.829411999963995,-6.47495900035756],[106.829243000264,-6.47539099959494],[106.829161000080006,-6.47562699968626],[106.829079999941996,-6.47576599980101],[106.828963999989,-6.47581800040035],[106.828642000428005,-6.47577500021606],[106.828180999853004,-6.47572699980117],[106.827749999763,-6.47566200040097],[106.827334000364004,-6.47558100026288],[106.826696999766995,-6.4754189999868],[106.826350999998994,-6.47533999994101],[106.825846000092994,-6.47521400042575],[106.825401000255994,-6.475097999573],[106.825029000187996,-6.47501900042647],[106.824676000097,-6.47499600026515],[106.824363000052003,-6.47495600021921],[106.824123999823001,-6.47494599975806],[106.823966999776999,-6.47492399964284],[106.823804000354002,-6.47490299957372],[106.823615999778994,-6.47486999985057],[106.823490000263007,-6.47477700005845],[106.823436999617996,-6.47467699994354],[106.823382999825995,-6.47449899982894],[106.823330000080006,-6.47433899964506],[106.823237000286994,-6.47405800017651],[106.823146999734007,-6.47372800024698],[106.823064000402994,-6.47341100001756],[106.823026999595996,-6.4731759999724],[106.822972999803994,-6.47294500011162],[106.822936999942996,-6.47276800004312],[106.822897999942995,-6.47255099992867],[106.822863000127001,-6.47247199988283],[106.822819999942993,-6.47241499995226],[106.822652000290006,-6.4722769998836],[106.822027000245996,-6.47182899990838],[106.821683999716996,-6.47156799956349],[106.821677000292993,-6.47156400027836],[106.821524999578997,-6.47148500023252],[106.821520000248,-6.47148100004807],[106.821362000156,-6.47145899993285],[106.821231999557,-6.4714959998405],[106.821221999995004,-6.47150100007104],[106.821071000226993,-6.47170100030087],[106.820891000019998,-6.47223699983761],[106.820805999697001,-6.47249900022865],[106.820655999973994,-6.47266199965151],[106.820390000298005,-6.47290900025013],[106.820138000368999,-6.47315499990327],[106.819989999838995,-6.47334000034067],[106.819933999954003,-6.47347600031713],[106.819935,-6.47347700036323],[106.819890999769996,-6.47363599960164],[106.819840000116002,-6.47383799992372],[106.819825000324002,-6.47418799987622],[106.81982600037,-6.47445699969074],[106.819781000093002,-6.4748079996894],[106.819728000346998,-6.47504199968847],[106.819627000186003,-6.47526400003352],[106.819497999633001,-6.47546200017115],[106.819246999748998,-6.47578899996233],[106.818797999728005,-6.47634200028301],[106.818490999960005,-6.47675300035064],[106.818442000397994,-6.47687499968146],[106.818432999983003,-6.47697199965802],[106.818412999960003,-6.47711900014167],[106.818248999592001,-6.4779210002539],[106.818225000284002,-6.47851999999796],[106.818154999754,-6.47922400008747],[106.818017999730998,-6.47996700017688],[106.8179740004,-6.48024300031415],[106.817897999593001,-6.48064600001283],[106.817802999709002,-6.48114499964197],[106.817715000147004,-6.48155799980179],[106.817668999825003,-6.48182899970851],[106.817686999754997,-6.48202999998449],[106.817734000124005,-6.48339700007148],[106.817725999754998,-6.4834079996794],[106.817613999985994,-6.48381499956253],[106.817424000217997,-6.4844419996985],[106.817201999871997,-6.48513600022619],[106.817032000127,-6.48585500010813],[106.816922999596997,-6.48647399987516],[106.816785000427998,-6.48701000031122],[106.816603000127998,-6.48775499959351],[106.816406000037006,-6.48839100014448],[106.816161999577005,-6.48906699984212],[106.815941000177006,-6.48958799958649],[106.815749000316004,-6.49002399990764],[106.815369999926006,-6.49058299960569],[106.815039999996003,-6.49088700013488],[106.814830000203997,-6.49106100006503],[106.814555000113003,-6.49119599999534],[106.814273999744998,-6.4913750001561],[106.814037999654005,-6.4915769995788],[106.813807999839,-6.49192999966971],[106.813604000324005,-6.49227800042934],[106.813317999725996,-6.49285400001202],[106.813115000257,-6.49321799971085],[106.812962000395999,-6.49336600024066],[106.812728000397001,-6.49352100019394],[106.812494000398004,-6.49359800014753],[106.812321999660995,-6.49372999993949],[106.812094999983998,-6.49407599970755],[106.811972999754005,-6.4943020002371],[106.811820999939002,-6.49462399979768],[106.811716999639998,-6.49491100044224],[106.811526999871006,-6.49543799956399],[106.811355000033004,-6.49598599965412],[106.811240000126006,-6.49652800036688],[106.811124000172995,-6.49698099967333],[106.811049000311002,-6.49742899964855],[106.810965000034997,-6.49795200038449],[106.810842999805004,-6.4984609995754],[106.810601000336007,-6.49942700005596],[106.810385000267999,-6.50046999959073],[106.810132000292,-6.50118400014145],[106.809557999901998,-6.50191299958522],[106.809160000434005,-6.50230000034469],[106.808814999812,-6.50273100043529],[106.808501999767998,-6.5030669997422],[106.808167999654003,-6.5034710003863],[106.807840999861995,-6.50385199996975],[106.807582999656006,-6.50415300036065],[106.807359000117998,-6.50447299982903],[106.807148000279994,-6.50478099964334],[106.806960999750004,-6.50511599980348],[106.806850000028007,-6.50542299957175],[106.806676000096999,-6.50580199996227],[106.806621000259,-6.50607900014569],[106.806588999683001,-6.50642299982155],[106.806589999728999,-6.50672600030464],[106.806694000028003,-6.50691800016551],[106.806857000350007,-6.50719000011839],[106.807034999566,-6.50744500018658],[106.807112000418996,-6.5076810002779],[106.807069000233994,-6.50820600020671],[106.807006000027002,-6.50872900004327],[106.806949000095997,-6.50941700029426],[106.806940999727004,-6.5097860002237],[106.806976999588997,-6.5109980003574],[106.807094999634998,-6.51201599963861],[106.807154999703997,-6.51251700025932],[106.807209000395005,-6.5129620000962],[106.807284000256004,-6.51334399972575],[106.807399000163997,-6.51366400009346],[106.807483999587006,-6.51408999995351],[106.807631000070998,-6.51453599983648],[106.807713000255006,-6.51485900034254],[106.807835999632005,-6.5152100003412],[106.807951999585001,-6.51555299997091],[106.808060000069005,-6.51599299957724],[106.808128999654002,-6.51649700033624],[106.808138000068993,-6.51694600035756],[106.808161000230001,-6.51763799989374],[106.808191999860995,-6.51811200016863],[106.808130999745998,-6.51865199988981],[106.808006000277004,-6.51931099970284],[106.807892000416004,-6.51969799956299],[106.807896999747001,-6.52004999960775],[106.807948000300001,-6.52040399974476],[106.807979999976993,-6.52073000038917],[106.808048000414999,-6.52158999957879],[106.808239000230003,-6.52248200024405],[106.808210999837996,-6.52330200028706],[106.808208999746,-6.52407499996122],[106.808256000114,-6.52423900032954],[106.808332000022006,-6.52430000044461],[106.808337000251996,-6.52430000044461],[106.808346999814006,-6.52430000044461],[106.808535000389995,-6.52437600035211],[106.808753999697004,-6.5244759995677],[106.808928999673995,-6.52485099977378],[106.809089999904003,-6.52531899977197],[106.809107999833998,-6.525702000347],[106.809191000064999,-6.52592499983882],[106.809319999717999,-6.52622800032191],[106.809496999787001,-6.52653199995177],[106.809555999810001,-6.52684099981224],[106.809496999787001,-6.52710500029548],[106.809493999647998,-6.52729299997191],[106.809525000178994,-6.52745100006354],[106.809646000363003,-6.52762099980924],[106.809946999854006,-6.52799299987697],[106.810117999645996,-6.52829899959909],[106.810166000061002,-6.52854200001326],[106.810173000383998,-6.52890499966594],[106.810156999645997,-6.52941899998683],[106.810072000223002,-6.53007499966145],[106.809970000015994,-6.53066599993588],[106.809821000338999,-6.53093199961205],[106.809529000363,-6.53125300002586],[106.809134000133994,-6.53148900011723],[106.808836999928005,-6.53161300043956],[106.808600999836003,-6.53167000037018],[106.808317000228996,-6.5317990000238],[106.808110999722999,-6.5320119999538],[106.807873999584999,-6.53246500015956],[106.807659999609001,-6.53303000013437],[106.807568999910004,-6.53337299976408],[106.807326000394994,-6.53367700029327],[106.807002999888994,-6.53393200036146],[106.806879999611994,-6.53403100043028],[106.806780000396998,-6.53414000006092],[106.806742000442995,-6.53427399994507],[106.80674299959,-6.53467400040472],[106.806764999704995,-6.53521700026431],[106.806758000282002,-6.53562900037804],[106.806752000005005,-6.53563299966316],[106.806659000213003,-6.53596000035367],[106.806670999866995,-6.53630900026013],[106.806761000419996,-6.53659199982087],[106.806777000257995,-6.5367910000046],[106.806723999612998,-6.53721199963405],[106.806593999913005,-6.53758599979403],[106.806488000420998,-6.53784900023112],[106.806369000328999,-6.53802300016127],[106.806213000330004,-6.53823900022962],[106.806187000029993,-6.53835500018306],[106.806163999869,-6.53865699972073],[106.806200999775996,-6.53895800011156],[106.806212000284006,-6.53932399990265],[106.806144999891998,-6.53965399983218],[106.805996000215004,-6.54020900024511],[106.805892999961998,-6.54080099966637],[106.805949999893002,-6.54126000014884],[106.805906999708,-6.5416059999169],[106.805883000400001,-6.54186500016959],[106.805890999870002,-6.54215800019153],[106.805923000446001,-6.54258400005153],[106.805961000400004,-6.54294999984256],[106.805940000331006,-6.54357299979404],[106.805909999847003,-6.54400900011524],[106.805852999915999,-6.54441399990611],[106.805863000377002,-6.54474199974345],[106.805860000238994,-6.54473600036607],[106.805866999662001,-6.54498800029592],[106.805894000007996,-6.54524899974149],[106.805879000215995,-6.54561999976312],[106.805930999916001,-6.54613500013011],[106.806033000122994,-6.54651499966747],[106.806090000053999,-6.54677600001236],[106.806097000375999,-6.54703700035725],[106.806067999937994,-6.54727899982595],[106.806062999708004,-6.54755399991711],[106.806081999685006,-6.54786800000812],[106.806173000284005,-6.54806700019185],[106.806293000422002,-6.54830899966055],[106.806474999821006,-6.54853900037455],[106.806602000281998,-6.54872700005097],[106.806737000211996,-6.54900999961177],[106.806783999681997,-6.54929800030243],[106.806768999889002,-6.54938299972559],[106.806782999635999,-6.54978800041585],[106.806865999866005,-6.55002000032272],[106.807105000096001,-6.55083800027347],[106.807210999587994,-6.55138400027136],[106.807256999911004,-6.55159400006301],[106.807313999841,-6.55184700003895],[106.807294999863998,-6.55205000040712],[106.807320000117997,-6.55218999966871],[106.807440000255994,-6.5524940001979],[106.807543999656005,-6.5527070001279],[106.807682999771004,-6.55291099964285],[106.807951999585001,-6.55342900014819],[106.808208999746,-6.55374300023925],[106.808368999929002,-6.55400399968477],[106.808455000297997,-6.55415000012238],[106.808547000044001,-6.55432800023698],[106.808750000412005,-6.55452600037455],[106.808944000365003,-6.55461099979777],[106.808946999604004,-6.55461299988997],[106.808952999881001,-6.55461399993612],[106.809121999580995,-6.55470399958989],[106.809127999856997,-6.55470999986653],[106.809311000202996,-6.55483000000447],[106.809319999717999,-6.55483200009667],[106.809481999994006,-6.55493700044218],[106.809641000132004,-6.55503300037265],[106.809864999669998,-6.55513100039531],[106.810120999784004,-6.55523499979535],[106.810338999945003,-6.55532000011789],[106.810703999690006,-6.55545700014039],[106.810937999689003,-6.55555099997861],[106.811187000380002,-6.55571200020859],[106.811448999871999,-6.55588500009264],[106.811661999801998,-6.55606800043785],[106.811863000076997,-6.55625099988367],[106.812179000260997,-6.55643999960626],[106.812384999868002,-6.55658199985936],[106.812611000396998,-6.55683099965086],[106.812705000235994,-6.55709099994965],[106.812761000120005,-6.55750200001722],[106.812822000235002,-6.5579580003614],[106.812771999728,-6.55834500022155],[106.812765000305006,-6.558775000266],[106.812764000257999,-6.55877600031209],[106.812664000143997,-6.55886800005811],[106.812666000236007,-6.55907299961922],[106.812744000235,-6.55934100028691],[106.812889999774001,-6.55968299987052],[106.813037000256998,-6.56012599961514],[106.813014000096004,-6.56039999966021],[106.812686000259006,-6.56058099991316],[106.812256000214006,-6.56092699968127],[106.811923000145995,-6.56119700044116],[106.811694000377997,-6.56142700025583],[106.811459000333002,-6.56178999990851],[106.811327999686995,-6.56213699972273],[106.811175999873001,-6.56256100038979],[106.811027000196006,-6.56301899992684],[106.810891000219996,-6.56334299957973],[106.810885999988997,-6.56334699976418],[106.810585999644005,-6.56349000006338],[106.810277999830006,-6.56350599990191],[106.809858000247004,-6.5633629996027],[106.809513999670997,-6.56310999962676],[106.809026999696002,-6.56278399988162],[106.808661999950999,-6.5625180002055],[106.808438999559996,-6.56238500036744],[106.808152999860994,-6.5621569997457],[106.807892999562,-6.56196499988477],[106.807521000394004,-6.56170699967822],[106.807060999865001,-6.56141299961018],[106.806743999635998,-6.56127500044084],[106.806325000098994,-6.56113500027999],[106.805849999778005,-6.56098899984244],[106.805365999941003,-6.56096699972721],[106.804949999643,-6.56099300002688],[106.804458000336993,-6.56108799991119],[106.804096999877004,-6.56115899958809],[106.803281000018004,-6.56138900030209],[106.803279999972005,-6.56138800025599],[106.802785999674001,-6.56150300016327],[106.801886000438998,-6.56171400000108],[106.800969000419002,-6.56199799960797],[106.800347999661,-6.5621209998842],[106.798729999689996,-6.56252599967507],[106.797884000246,-6.56266799992818],[106.797431000041001,-6.56273899960507],[106.796860999835005,-6.56273300022775],[106.795992000230996,-6.56258100041282],[106.795383000024998,-6.56242400036729],[106.794568000213005,-6.56218099995311],[106.793713000354998,-6.56192099965438],[106.792958999758,-6.56168100027787],[106.791860000339,-6.56135399958737],[106.791289000087005,-6.56117600037209],[106.790438999559996,-6.56093500005017],[106.789709000070005,-6.56074300018923],[106.788901999727997,-6.56047000019032],[106.788023999708003,-6.5602350001451],[106.787207999849002,-6.55998300021525],[106.786226999576002,-6.55958799998615],[106.785578000225001,-6.55929900014871],[106.784728999744004,-6.5589470001039],[106.783830999700996,-6.55846400031334],[106.783008000419002,-6.55801100010751],[106.781788999962004,-6.55728699999503],[106.780996000265006,-6.55686700041167],[106.780113000015007,-6.55653200025154],[106.779336000155993,-6.55624100032185],[106.779008000318996,-6.55621099983773],[106.778010000161004,-6.55636799988326],[106.776757999981996,-6.55662099985921],[106.775676000447007,-6.55679199965101],[106.773996000314995,-6.55711300006487],[106.772708000273994,-6.55733200027157],[106.771970999562001,-6.55744400004051],[106.771572000047996,-6.5575139996713],[106.771092000395996,-6.55765900006276],[106.770614999982001,-6.55787199999276],[106.770031000030997,-6.55829999994501],[106.769496999686993,-6.5587679999432],[106.768871999642997,-6.55919099966485],[106.768128000407003,-6.55977399957038],[106.767577000177994,-6.5602360001912],[106.766993000227004,-6.56069699986659],[106.766452999606003,-6.56113000004939],[106.765843000253994,-6.56164400037028],[106.765376000301998,-6.5620809998382],[106.76505199975,-6.56243399992911],[106.764736999613007,-6.56277899965107],[106.764152999660993,-6.56334999990253],[106.763551999824998,-6.56387199969299],[106.763545000402004,-6.56387900001579],[106.763307000218006,-6.56416100042981],[106.762815000011997,-6.56443699966775],[106.762339999690994,-6.56479800012755],[106.761810999578003,-6.56527100035635],[106.761400000410006,-6.56566100035485],[106.760994999719998,-6.56615299966114],[106.760393999882993,-6.56695199963502],[106.759919999608002,-6.56772500020855],[106.759693999977998,-6.5680119999538],[106.759042999635,-6.56839200039047],[106.757617999570996,-6.56928400015642],[106.756692000035997,-6.56999100038433],[106.755829999854996,-6.57067300035862],[106.755124999719001,-6.57119600019519],[106.754170999791995,-6.57177299982402],[106.753530999955998,-6.57220099977627],[106.752726999751005,-6.57272999988953],[106.752066999891994,-6.57314200000326],[106.751791999801,-6.57331499988732],[106.751606000216995,-6.57345500004817],[106.751528000216993,-6.57357600023215],[106.751590000378002,-6.57376800009308],[106.752004999731,-6.57434499972192],[106.752438999960006,-6.57497099981174],[106.752899999635005,-6.57564999964774],[106.753183000095007,-6.5761029998535],[106.753138999865001,-6.57630400012948],[106.752934000303995,-6.57655199987482]]]}},
{"type":"Feature","properties":{"FID":32,"Keterangan":"Trayek Angkot Ibukota Kabupaten Bogor","Nama":"Trayek 33 Terminal Cibinong - Terminal Cileungsi","id":null,"@id":null,"colour":null,"colour:back":null,"from":null,"name":null,"network":null,"old_ref":null,"operator":null,"ref":null,"roundtrip":null,"route":null,"to":null,"type":null,"via":null,"layer":"angkot-kabupaten-bogor","path":"C:/Users/Dzaka/Desktop/kuliah_smster_5/sig/tugas Akhir/frontend/public/rute/angkot-kabupaten-bogor.geojson"},"geometry":{"type":"MultiLineString","coordinates":[[[106.854269638133005,-6.46768963906555],[106.853887688865996,-6.46731339419773],[106.854363112767004,-6.4668220630877],[106.854859964816001,-6.46627366189995],[106.855422515935999,-6.46541125162793],[106.856062906077995,-6.464286938991],[106.856187545818997,-6.46392592773935],[106.856338979060993,-6.46392989824614],[106.856389875293004,-6.46405765863398],[106.855788532814998,-6.46517731368203],[106.855698462114006,-6.46535474182781],[106.855795674331006,-6.46551583019135],[106.856622190861003,-6.46641281040286],[106.857112263819999,-6.46685144843553],[106.858240826653002,-6.46785268525315],[106.859354542578004,-6.46882073079206],[106.860452364785004,-6.46958608083293],[106.861240030603,-6.47008722084854],[106.861530735554993,-6.47039542660758],[106.862394955262999,-6.47182403565068],[106.862998030735,-6.47305883809486],[106.863328211427998,-6.47389928872116],[106.863541589072994,-6.47485863331923],[106.863538455834998,-6.47663405062087],[106.863481779660006,-6.47963249104657],[106.863516212902994,-6.4798572882832],[106.863615328085004,-6.48001221898869],[106.863819066797006,-6.48015314994785],[106.864010693438999,-6.48026333398565],[106.864302537832003,-6.48031888420911],[106.865106092871997,-6.48005004537328],[106.865642195831001,-6.47986267881953],[106.865980556756995,-6.47987856534348],[106.866207785761006,-6.48002302164508],[106.866779863399998,-6.48045509013025],[106.867125582580002,-6.48068048181875],[106.867375864804004,-6.48080053771457],[106.867736304087003,-6.48069807165865],[106.867954719734996,-6.48052233243965],[106.8682113152,-6.48040429372315],[106.868508008738004,-6.48041303693208],[106.868754647808998,-6.48065202636985],[106.869643713985994,-6.48182896463499],[106.869927950114999,-6.48239790723756],[106.870159452696996,-6.48307334755691],[106.870400206604003,-6.48366491980016],[106.870575703005997,-6.48409517705073],[106.870837929127006,-6.48433750207403],[106.871417632117996,-6.48462029658936],[106.873731810774999,-6.48542565566942],[106.874841969881004,-6.48576834323438],[106.876084448038995,-6.4861855387316],[106.876315384047999,-6.4862632131767],[106.876863999273993,-6.48583097741761],[106.877197725993994,-6.48535561736782],[106.877331169198001,-6.48487648825926],[106.877441616737002,-6.48466868461208],[106.878228992074,-6.48421821779647],[106.879402912214999,-6.4836656563449],[106.880601328988007,-6.48299482235314],[106.881493002300004,-6.48236092891369],[106.882306344661998,-6.48176131583199],[106.882953566954001,-6.48136304566799],[106.882915036399993,-6.48119726374267],[106.882863159907004,-6.48100472428854],[106.882836920388002,-6.48091097086456],[106.882732643995993,-6.48046227031745],[106.882656061328007,-6.4800650523602],[106.882487731623996,-6.47955723937503],[106.882668408121006,-6.47879892383122],[106.883272798400995,-6.47772683932215],[106.883949222579005,-6.47674699557734],[106.884761162896993,-6.47557336861604],[106.887134694110998,-6.47201399135258],[106.888151159149004,-6.47062918468907],[106.890042836307998,-6.46769239009166],[106.890582625587996,-6.46669204989814],[106.891086906035994,-6.46580035590165],[106.891678490870007,-6.4644204712277],[106.891947798252005,-6.46357838833188],[106.891991570954005,-6.46260511773193],[106.892235217082003,-6.46239256476503],[106.893252636300005,-6.46220513705737],[106.893829169181004,-6.4621725564183],[106.894197356123001,-6.46198634099682],[106.894494877935998,-6.46133492786458],[106.894923093726007,-6.46006894142846],[106.895074142057993,-6.45988526659176],[106.896859057998995,-6.45878007084355],[106.898374074803996,-6.45788235498662],[106.900135102953001,-6.45686976512752],[106.900508851303002,-6.45663166961583],[106.901235761620995,-6.45619642562451],[106.902282596765005,-6.45534834964656],[106.903849846194007,-6.45406763681194],[106.905103484937996,-6.45307863257278],[106.906119316852994,-6.45230401501823],[106.907466056114004,-6.45133836167599],[106.908872890770994,-6.4502843022787],[106.909470141333998,-6.44986466871944],[106.910102359335994,-6.44906485126182],[106.910674089837002,-6.44773701305269],[106.911060994368995,-6.44701048404653],[106.911613903859006,-6.44629058933919],[106.912026475041998,-6.44606410677307],[106.912476886999002,-6.44597101435079],[106.912950193895995,-6.44593479055811],[106.914642162205993,-6.44594707799519],[106.915450784925994,-6.44564873600029],[106.916113728265998,-6.44527137507384],[106.917080048006,-6.44453622336795],[106.918210970659999,-6.44338070065874],[106.919702224678005,-6.44127644984826],[106.922040444911005,-6.43807906769479],[106.923960553236995,-6.43582046534215],[106.925640934680999,-6.43473177665015],[106.926897183258006,-6.43410049843919],[106.927315767308997,-6.4336584348888],[106.927995402966005,-6.43254215139911],[106.928300142737001,-6.43185117798942],[106.929104409141004,-6.42982795519595],[106.929430118404994,-6.42870725963229],[106.929691131341002,-6.42758246316009],[106.929958446724996,-6.42667419196033],[106.930188641692993,-6.42601281883646],[106.930576634404005,-6.42517354182547],[106.930833987099007,-6.42467036934204],[106.931240880862006,-6.42414451955386],[106.931781017280002,-6.42332284137598],[106.933173425014004,-6.42099763163537],[106.933597070448997,-6.42028885524644],[106.934050978970006,-6.41967435119028],[106.934703554924994,-6.41900940416065],[106.935394703702997,-6.41838821724241],[106.936204738358001,-6.41758689701766],[106.936676952579006,-6.41718992907192],[106.937144770014996,-6.41692844489177],[106.938481652706002,-6.41639854185917],[106.939337272196994,-6.41604898617175],[106.940196846008007,-6.41571893228286],[106.940835020220007,-6.41543773406414],[106.941225670427997,-6.41519401868897],[106.941503319922006,-6.41496999936595],[106.941767790751001,-6.41465287682877],[106.942075200610006,-6.41434187507741],[106.942400408951997,-6.41397781962064],[106.942634970127997,-6.41375843810141],[106.942875483917007,-6.4136836846543],[106.943404316756002,-6.41359392062287],[106.943807130294999,-6.41332104473037],[106.944107457992999,-6.4130037045573],[106.944423424901004,-6.41255563173695],[106.945245008650005,-6.41103172693261],[106.945908741595005,-6.40974846541928],[106.946248060299993,-6.40904635660405],[106.946488205365995,-6.40868335515268],[106.947009731213996,-6.40807333061969],[106.947632545006002,-6.4073745456987],[106.948058480114994,-6.40694724631834],[106.948928906944005,-6.4061926647596],[106.949553495996994,-6.40577788843876],[106.950226980291006,-6.40546235590296],[106.950921611243004,-6.40513370855376],[106.951610278790994,-6.40456855659357],[106.952024554190004,-6.40405044637095],[106.952326396345995,-6.40381676113458],[106.952662007146003,-6.40379565404618],[106.952961581211994,-6.40390115801199],[106.953228467619994,-6.40399726136445],[106.953474291904996,-6.40389182934439],[106.953739153040004,-6.40372874898253],[106.953998214446003,-6.40360676314157],[106.954309424840005,-6.40368243569583],[106.954673393063004,-6.40388697390466],[106.955651700765003,-6.40439007893895],[106.956136894902002,-6.40467882606691],[106.956339986101995,-6.4047294489049],[106.956487855329996,-6.40458592969685],[106.956756980150999,-6.40399903392824],[106.957136060581007,-6.40320787963987],[106.957507500370994,-6.40230994704638],[106.957826009662995,-6.40183374343246],[106.958072190080003,-6.40160891292095],[106.958411030345005,-6.40143168802194],[106.958702064449,-6.40139098560547],[106.959248350430997,-6.40141311792098],[106.960032482813006,-6.4014177278458],[106.960068399937001,-6.40217778987307],[106.960115144897998,-6.40253600423318],[106.960217689195005,-6.4028675339095],[106.960346517077994,-6.40308202401616],[106.960586672036996,-6.40330309086488],[106.961660319567997,-6.40379464590615],[106.965567488049004,-6.40541950680478],[106.966471535132996,-6.40578169077236],[106.966732773798995,-6.40597796780889],[106.967606461569005,-6.4063785618211],[106.968172706206005,-6.40658503267309],[106.968910887727006,-6.40684774083053],[106.968808079029998,-6.40719297617488],[106.968748880256996,-6.40739218590062],[106.968802744250993,-6.40748872812225],[106.968918520274002,-6.40757552708885],[106.969144911108998,-6.40764005794227]]]}},
{"type":"Feature","properties":{"FID":33,"Keterangan":"Trayek Angkot Ibukota Kabupaten Bogor","Nama":"Trayek 34 Bambu Kuning - Simpang Ccm","id":null,"@id":null,"colour":null,"colour:back":null,"from":null,"name":null,"network":null,"old_ref":null,"operator":null,"ref":null,"roundtrip":null,"route":null,"to":null,"type":null,"via":null,"layer":"angkot-kabupaten-bogor","path":"C:/Users/Dzaka/Desktop/kuliah_smster_5/sig/tugas Akhir/frontend/public/rute/angkot-kabupaten-bogor.geojson"},"geometry":{"type":"MultiLineString","coordinates":[[[106.803426999555995,-6.47975300020073],[106.804618999666999,-6.48004800031492],[106.805129999849996,-6.48025900015267],[106.805572999594006,-6.48045600024415],[106.805906999708,-6.48059600040506],[106.806189000122004,-6.48070900022015],[106.806496999936996,-6.48077699975869],[106.806808999935001,-6.48081799985079],[106.807132000441996,-6.48083000040413],[106.807466999702001,-6.48085199962003],[106.807672000162995,-6.4808840001964],[106.807868000208003,-6.48094500031147],[106.808099000069006,-6.4810560000343],[106.808391000045006,-6.48122499973391],[106.808706000181999,-6.48137200021756],[106.809108999881005,-6.48157599973257],[106.809369000179004,-6.48168700035473],[106.809589999579003,-6.48174200019309],[106.810014000245999,-6.48182699961632],[106.810440000105999,-6.48185500000818],[106.811366999686996,-6.48193400005403],[106.811951999684993,-6.48199600021519],[106.812397999568006,-6.48205100005356],[106.813057000279997,-6.4820960003301],[106.813624000347005,-6.48217500037595],[106.813960999700001,-6.48218599998387],[106.814242000068006,-6.48225000023729],[106.814490999859999,-6.48228800019103],[106.815406999833002,-6.4823430000294],[106.816350000151999,-6.48245199965999],[106.817559000147995,-6.48255900009775],[106.818021999915004,-6.48261099979777],[106.818291999775994,-6.48268000028173],[106.818928000327006,-6.48275700023532],[106.819275000141005,-6.48283100005057],[106.819280000372004,-6.48283000000447],[106.819650000346996,-6.48283700032727],[106.819911999838993,-6.48280199961255],[106.820349000205994,-6.48250300021323],[106.821160999879993,-6.48192100035385],[106.822007000222996,-6.48133500030997],[106.822127000360993,-6.48125700031028],[106.822327999736999,-6.48118899987242],[106.822832999642998,-6.48105299989601],[106.824050000008,-6.4810610002649],[106.826399000414,-6.48109800017255],[106.828166000061003,-6.48114699973422],[106.828305000176002,-6.48117400007999],[106.828430999690994,-6.48120299961869],[106.829368999780002,-6.48157999991702],[106.830183999591995,-6.48193400005403],[106.831002999589003,-6.48233000032923],[106.832166000160996,-6.48293500034993],[106.832776000411997,-6.48327499984134],[106.8339869996,-6.48390700020786],[106.834995000218996,-6.48436799988326],[106.835790000008998,-6.48467899983592],[106.836787000119998,-6.48506599969608],[106.836917999866003,-6.4850869997652],[106.836919999957999,-6.4850869997652],[106.837126999611002,-6.48511700024932],[106.837597999747999,-6.48515800034141],[106.837606000117006,-6.48515800034141],[106.838009999861995,-6.48515900038751],[106.838572999744002,-6.48517900041048],[106.839067000041993,-6.48516499976489],[106.839658000317002,-6.4850889998574],[106.840803000058003,-6.48498499955804],[106.841279999571995,-6.48494400036526],[106.841666000285997,-6.48491099974279],[106.841845999593005,-6.4849099996967],[106.842121999731006,-6.48491299983505],[106.842473999774995,-6.48490799960445],[106.842991000235003,-6.48494000018081],[106.843275999887993,-6.48496000020379],[106.843504999656005,-6.48497299990396]]]}},
{"type":"Feature","properties":{"FID":34,"Keterangan":"Trayek Angkot Ibukota Kabupaten Bogor","Nama":"Trayek 35 Terminal Cibinong - Terminal Bojong Gede","id":null,"@id":null,"colour":null,"colour:back":null,"from":null,"name":null,"network":null,"old_ref":null,"operator":null,"ref":null,"roundtrip":null,"route":null,"to":null,"type":null,"via":null,"layer":"angkot-kabupaten-bogor","path":"C:/Users/Dzaka/Desktop/kuliah_smster_5/sig/tugas Akhir/frontend/public/rute/angkot-kabupaten-bogor.geojson"},"geometry":{"type":"MultiLineString","coordinates":[[[106.793346999663996,-6.49089799974286],[106.793447999825005,-6.49107799994971],[106.793670000169996,-6.49102100001909],[106.794045000376997,-6.49167200036249],[106.794600999935994,-6.49160800010907],[106.794590000328,-6.49104100004206],[106.794725000259007,-6.49060599976701],[106.795819000346995,-6.48699899980397],[106.796429999745001,-6.48632300010632],[106.796905000066005,-6.48623799978384],[106.799374999755997,-6.48335599997938],[106.801611000346995,-6.48114300044904],[106.803151000317996,-6.47966099955545],[106.804539999620999,-6.47999699976168],[106.804973999850006,-6.48014400024539],[106.806046999868997,-6.48059799959793],[106.806596000005001,-6.48073999985104],[106.807222000094995,-6.48080900033506],[106.808110999722999,-6.48104400038028],[106.808821000088997,-6.48139300028669],[106.809427000156006,-6.48162300010131],[106.810000999645993,-6.48175199975492],[106.811929000423007,-6.48195600016925],[106.813894000207995,-6.48217100019144],[106.815117999996005,-6.482308000214],[106.817537000032999,-6.48253299979808],[106.817706999777997,-6.48249599989043],[106.817651999939997,-6.48187500003115],[106.817896000399998,-6.48038699976019],[106.817953000331002,-6.48001499969246],[106.818150999568999,-6.47900499988077],[106.818184000192005,-6.47813100004555],[106.818237999984007,-6.47753200030155],[106.818396000074998,-6.47688700023485],[106.818459000282999,-6.47671999972818],[106.819350000002999,-6.47559099982476],[106.819527000071005,-6.47534099998711],[106.819638999839995,-6.47509999966519],[106.819724000163006,-6.47470300024321],[106.819712999654996,-6.4740339999691],[106.819744000186006,-6.47370500008566],[106.819846000392999,-6.47343200008669],[106.820060000368997,-6.47315599994937],[106.820306000022001,-6.47290800020397],[106.820686999605002,-6.47256899985939],[106.820746999674,-6.47246100027491],[106.820932000111995,-6.4718940002079],[106.821041999789003,-6.47159399986316],[106.821245000157006,-6.47148300014032],[106.821471999832994,-6.47145199961005],[106.821918999762005,-6.47171299995495],[106.822487999920995,-6.47212299997642],[106.822844000150994,-6.47242599956019],[106.823001000196001,-6.47291799976586],[106.823151999965006,-6.47367599964764],[106.823389000101997,-6.47453399964434],[106.823509000239994,-6.4747810002429],[106.823651999640006,-6.47486799975832],[106.824151000168996,-6.47490299957372],[106.824604000373995,-6.47494599975806],[106.825344000325003,-6.47505899957315],[106.826438999559997,-6.47534099998711],[106.82722599988,-6.47554699959431],[106.828254999668999,-6.47571500014709],[106.828899999735,-6.47580399975476],[106.829090000402999,-6.47571099996264],[106.829357000125995,-6.47490999989651],[106.829758999777994,-6.47392100015401],[106.830280999568998,-6.47298900034207],[106.830722000120005,-6.47211000027625],[106.831184999887995,-6.47127200030252],[106.831582000208996,-6.47072500025848],[106.831878000369997,-6.47048900016716],[106.832289999584006,-6.47025300007584],[106.832615000182003,-6.46988300010031],[106.832834000388999,-6.46948299964066],[106.832982000019001,-6.46920700040272],[106.833300000294997,-6.46898299996542],[106.833600999786,-6.46885699955084],[106.834010999808001,-6.4687540001969],[106.834217000313998,-6.46867099996661],[106.835114000310995,-6.46765199973993],[106.835554999962994,-6.4670669997422],[106.835707999823995,-6.46652199979042],[106.835916000422998,-6.46589499965444],[106.836054999639003,-6.46535199979491],[106.836308999661,-6.46484399975077],[106.836529999960007,-6.46468200037396],[106.837015999889005,-6.46473500012013],[106.837396000325001,-6.46477400011997],[106.837899000139004,-6.46492399984265],[106.838164999815007,-6.46511000032621],[106.838312000298998,-6.46522300014129],[106.838859000343007,-6.46528600034861],[106.839412999809994,-6.46530300023323],[106.839550999878995,-6.46532700044065],[106.839504000408994,-6.46571400030081],[106.839503000362996,-6.46622699967622],[106.839594000063002,-6.46687900006577],[106.839668999924001,-6.46736700008694],[106.839749000015999,-6.46764899960158],[106.839888000130998,-6.46785800024645],[106.840174999875998,-6.46805000010738],[106.840807000243004,-6.4683569998756],[106.841490000262993,-6.46857600008229],[106.841784000331003,-6.4686770002433],[106.842061999661993,-6.46894500001167],[106.842167000006995,-6.46920999964175],[106.842282999961,-6.46972700010093],[106.842333999613999,-6.47008200028404],[106.842346000168007,-6.47045999972914],[106.842335999707004,-6.47066700028177],[106.842514999867007,-6.47116099968036],[106.842761000419998,-6.47182499972394],[106.842865999866007,-6.47202900013821],[106.843029000187997,-6.4722830001603],[106.843186000233999,-6.47251500006718],[106.843268000418007,-6.47266199965151],[106.843370999772006,-6.47310300020325],[106.843426999656003,-6.47360499997075],[106.843583999702005,-6.47439599957568],[106.843733000277993,-6.47513400033381],[106.843820999838996,-6.47542100007905],[106.843919999907996,-6.475602000332],[106.844081000138004,-6.47589600040004],[106.844236000091001,-6.47622100009903],[106.844316000182999,-6.47650899989037],[106.844430000044994,-6.47679100030439],[106.844520999744006,-6.47702700039571],[106.844707000227999,-6.47741700039421],[106.844804000205002,-6.47768400011648],[106.844959000157999,-6.47781800000064],[106.845421999924994,-6.47744699997901],[106.845962999693,-6.47698200011917],[106.846316999829995,-6.47669799961295],[106.846564000428003,-6.47633700005247],[106.846717000289004,-6.47598700009991],[106.846956999666006,-6.47549199975595],[106.847193999802997,-6.47499600026515],[106.847468999894005,-6.47455599975956],[106.847832999592995,-6.47393900008473],[106.848118000146002,-6.47331199994881],[106.848513000374993,-6.47265300013578],[106.848982999566005,-6.47202599999986],[106.850055000438005,-6.47091900021167],[106.851092999741994,-6.46986300007734],[106.852258000405996,-6.4687419996435],[106.853878999616001,-6.46729799960298],[106.854582999705997,-6.46801999962321],[106.854649000050998,-6.46823200040643],[106.853842999755003,-6.46854899973653],[106.853493999847998,-6.46877700035822],[106.852935000149998,-6.46923099971082],[106.852833999989002,-6.46932699964128],[106.852739000105004,-6.46951900040148],[106.852637999943994,-6.46975799973188],[106.852622000105001,-6.46977399957035],[106.852392000291005,-6.47001800003062],[106.852074000014994,-6.47027100000662],[106.851702999994004,-6.47053599963664],[106.851595000409006,-6.4705989998439],[106.851055999834998,-6.46990500021553]]]}},
{"type":"Feature","properties":{"FID":35,"Keterangan":"Trayek Angkot Ibukota Kabupaten Bogor","Nama":"Trayek 37 Pangkalan Pasar Ciluar - Pangkalan Cilebut","id":null,"@id":null,"colour":null,"colour:back":null,"from":null,"name":null,"network":null,"old_ref":null,"operator":null,"ref":null,"roundtrip":null,"route":null,"to":null,"type":null,"via":null,"layer":"angkot-kabupaten-bogor","path":"C:/Users/Dzaka/Desktop/kuliah_smster_5/sig/tugas Akhir/frontend/public/rute/angkot-kabupaten-bogor.geojson"},"geometry":{"type":"MultiLineString","coordinates":[[[106.800379299664996,-6.53084159975998],[106.800454400250004,-6.52985019972687],[106.800465200209004,-6.52950910036464],[106.800293499844997,-6.52891219963823],[106.800239800425999,-6.5271853996864],[106.801130300123006,-6.52719609982012],[106.801237600034995,-6.52731330036846],[106.801430699766996,-6.52741989970855],[106.801527300445002,-6.52763310018736],[106.801419999632998,-6.52785699990056],[106.801409300399001,-6.52797420044897],[106.801580999863006,-6.52803819980301],[106.801698999908993,-6.52814480004247],[106.801698999908993,-6.5287949999892],[106.801784799729006,-6.52908280013105],[106.802138899691002,-6.52926400003355],[106.802310500228998,-6.5291680999278],[106.802471399734998,-6.5290614996884],[106.803115200106006,-6.52913610025075],[106.803544299929996,-6.52914669966043],[106.803791099978994,-6.5292959997106],[106.803962800343001,-6.52941320025894],[106.804241699895002,-6.52953049973274],[106.804788899588004,-6.52991419998028],[106.805282399863003,-6.53061770004678],[106.805464800359999,-6.53084690036411],[106.805791999801002,-6.5309534997042],[106.805947599602007,-6.53108670009107],[106.806108500006999,-6.53126789999357],[106.806280200371006,-6.53142249974854],[106.806607399811995,-6.53166230037482],[106.806741500420003,-6.53182219983461],[106.806703999589999,-6.53196610035519],[106.806618099944998,-6.53216330009616],[106.806256800010999,-6.53261070022359],[106.806170900366993,-6.53283979981688],[106.806181599601004,-6.53311169994493],[106.806229900389994,-6.53338879995312],[106.806288900412,-6.53352739986957],[106.806525000329003,-6.53375650036213],[106.806616199678004,-6.53391110011711],[106.806685899833994,-6.53408159988589],[106.806744899856994,-6.53416159997784],[106.807485200182001,-6.53358069998927],[106.807646099688,-6.5333302001286],[106.807753399600003,-6.53293579974729],[106.807796299958994,-6.53263199976692],[106.808000199649996,-6.53220030000381],[106.808236199741003,-6.53186450034639],[106.808499100353004,-6.53173129995946],[106.808863900448998,-6.53165129986758],[106.809357399823995,-6.5313794995642],[106.809679199735001,-6.53114500044137],[106.809947499876998,-6.53073470004631],[106.810092299719997,-6.52995649959274]]]}},
{"type":"Feature","properties":{"FID":36,"Keterangan":"Trayek Angkot Ibukota Kabupaten Bogor","Nama":"Trayek 37 Pangkalan Pasar Ciluar - Pangkalan Cilebut","id":null,"@id":null,"colour":null,"colour:back":null,"from":null,"name":null,"network":null,"old_ref":null,"operator":null,"ref":null,"roundtrip":null,"route":null,"to":null,"type":null,"via":null,"layer":"angkot-kabupaten-bogor","path":"C:/Users/Dzaka/Desktop/kuliah_smster_5/sig/tugas Akhir/frontend/public/rute/angkot-kabupaten-bogor.geojson"},"geometry":{"type":"MultiLineString","coordinates":[[[106.810092299719997,-6.52995649959274],[106.810167400305005,-6.52939189981629],[106.810178100439003,-6.52884830010891],[106.810135200079003,-6.52833660025385],[106.809888499853997,-6.5279954999923],[106.809541900238997,-6.52748299974058],[106.809531200104999,-6.52730179983814],[106.809552700197003,-6.52679550041199],[106.809525799675995,-6.52663560005283],[106.809354200035997,-6.52634779991098],[106.808998900378995,-6.52562400034731],[106.809031099706004,-6.5254107998685],[106.808966700152993,-6.52512299972659],[106.808859400241005,-6.52469659966829],[106.808752100329002,-6.52454740034222],[106.808612600190997,-6.52438749998311],[106.808408800326006,-6.52432349972969],[106.808247899921,-6.5242808997437],[106.808215699694998,-6.52413170041757],[106.808226399828996,-6.52266070003122],[106.808215699694998,-6.52250079967212],[106.808108399782995,-6.52195710014001],[106.808044000231007,-6.52145620024339],[106.808011800005005,-6.52092319994569],[106.807890600171007,-6.51982399997758],[106.807944199765004,-6.51956279998319],[106.808056900105996,-6.51924839969382],[106.808223200040999,-6.51823570011743],[106.808550400380994,-6.51846490043477],[106.808673799955997,-6.51864079973308],[106.808770399734001,-6.51867810001426],[106.808974199600001,-6.51875269967729],[106.809033199623002,-6.51884859978298],[106.809113699738006,-6.51956279998319],[106.809194100027995,-6.51975470001935],[106.80983249997,-6.52047949962918],[106.810122200378999,-6.52073539991875],[106.810261699617996,-6.52092190042532],[106.810267000221998,-6.5210232000606],[106.810267000221998,-6.52136960002696],[106.810352899866004,-6.52150280041388],[106.810444100115006,-6.52156679976793],[106.810615699755004,-6.52155609963427],[106.812071099601994,-6.52137169994393],[106.812189200370995,-6.52141959963478],[106.812234799595998,-6.52149160025709],[106.812253500099004,-6.52160350020131],[106.812269599762004,-6.52178739986857],[106.812291099853994,-6.52190460041692],[106.812374199909002,-6.52201390042114],[106.812519099577003,-6.52208049971523],[106.812948200299004,-6.52213379983493],[106.814214200224995,-6.52220309979316],[106.814369800026,-6.52229370019404],[106.814654100007004,-6.52250689977353],[106.814933100282005,-6.5224856002302],[106.815093999788004,-6.52241630027197],[106.815346100442,-6.52234700031374],[106.816090999899998,-6.52228090014336],[106.816616700400004,-6.52229160027707],[106.816926800131995,-6.52240600033662],[106.817130599997,-6.52260060013754],[106.817305000125998,-6.5227977998785],[106.817476599765001,-6.52297899978095],[106.817836100156001,-6.52328810036551],[106.817978200233995,-6.52345860013423],[106.818195499823005,-6.52399160043194],[106.818251800081001,-6.52418079980401],[106.818313499867998,-6.52430609964671],[106.818402600200002,-6.52447350035169],[106.818842499981002,-6.5247507001846],[106.819223399739997,-6.52495319963043],[106.819475500394006,-6.52510239985583],[106.819738400106999,-6.52512909982806],[106.819872499816,-6.52499049991161],[106.820011999954005,-6.52478269986165],[106.820151400266994,-6.52458550012068],[106.820199700155996,-6.52443620007051],[106.820172900358997,-6.52420709957795],[106.820140700132995,-6.52398849956956],[106.820242599615995,-6.52386600021566],[106.820607399712003,-6.52361009992615],[106.820677199692994,-6.52362609976467],[106.820725399756995,-6.52365810034104],[106.820382099753999,-6.52573669978881],[106.820248000044998,-6.52708510009722],[106.820205099686007,-6.52763400040874],[106.820194399551994,-6.5287585999294],[106.820209300418995,-6.5299482995743],[106.820198600284996,-6.53024140032034],[106.820439999906,-6.53051860015324],[106.820820799840007,-6.53083839997214],[106.820890599820999,-6.531014200345],[106.820863800024,-6.5314192999607],[106.820831599799007,-6.53211750032233],[106.820895900425995,-6.53281559995992],[106.821003200337003,-6.53310340010177],[106.821539699897002,-6.53371100006257],[106.821689900169005,-6.53394550008471],[106.821657699943003,-6.53433989956665],[106.821625499717001,-6.53456370035445],[106.821496800437004,-6.53480889961099],[106.821217800160994,-6.53510739988656],[106.820928099751995,-6.53552309981114],[106.820820799840007,-6.53585349993904],[106.820677699716001,-6.53786900025409],[106.820624000297002,-6.53803950002288],[106.820237799935001,-6.53846590008118],[106.819754999793005,-6.54121590009368],[106.819776499886004,-6.54153569991257],[106.820001799842998,-6.54177019993472],[106.820463099891995,-6.54233510008476],[106.820976600189994,-6.54284550041945],[106.821089199807005,-6.54301069958405],[106.821201900147997,-6.54335179984565],[106.821561299813993,-6.54425239982834],[106.821674000154999,-6.54447630044086],[106.822285499575997,-6.54562740028428],[106.822424999714002,-6.54586729983595],[106.822473299603004,-6.54603779960473],[106.822500100298996,-6.54626699992207],[106.822612699915993,-6.54732750026386],[106.822623499874993,-6.54749809985736],[106.822752200053998,-6.54766859962615],[106.822999000104005,-6.54794039992947],[106.823084799924004,-6.54799899975399],[106.824345400319999,-6.54670929999418],[106.825053500419003,-6.54575530006702],[106.825418299614995,-6.54498789957188],[106.825965500208,-6.54422049997606],[106.826469699716995,-6.54424180041872],[106.826963299816995,-6.5443270003907],[106.827134900355006,-6.54450820029314]]]}},
{"type":"Feature","properties":{"FID":37,"Keterangan":"Trayek Angkot Ibukota Kabupaten Bogor","Nama":"Trayek 40a Terminal Cileungsi - Pangkalan Limusnunggal","id":null,"@id":null,"colour":null,"colour:back":null,"from":null,"name":null,"network":null,"old_ref":null,"operator":null,"ref":null,"roundtrip":null,"route":null,"to":null,"type":null,"via":null,"layer":"angkot-kabupaten-bogor","path":"C:/Users/Dzaka/Desktop/kuliah_smster_5/sig/tugas Akhir/frontend/public/rute/angkot-kabupaten-bogor.geojson"},"geometry":{"type":"MultiLineString","coordinates":[[[106.968918899786999,-6.40835090007391],[106.968704299964003,-6.40826029967303],[106.968623899673005,-6.40815370033295],[106.968564899650005,-6.40799370014912],[106.968935000350001,-6.40684759963699],[106.966628299556007,-6.40594129975113],[106.962980500049994,-6.40454459955356],[106.965877299997004,-6.40149529976821],[106.969396400223999,-6.39880849961253],[106.970469199693994,-6.39782760006364],[106.970426300233996,-6.39718789970175],[106.969997200411001,-6.39586580006659],[106.969825500046994,-6.39497020031445],[106.969610900223003,-6.39266720023107],[106.968752599853005,-6.39061999971318],[106.969010100036002,-6.3889993998024],[106.968495099668999,-6.38746399986366],[106.967980100201999,-6.38494770037602],[106.967422300199004,-6.38302850036496],[106.968023100386006,-6.38012839990569],[106.969739700226995,-6.37654580034837],[106.971027100420002,-6.37526629979988],[106.972057100255,-6.37356030026757],[106.972915399726006,-6.37108659986666],[106.973344600272995,-6.36903940024808],[106.974374500283005,-6.36733329999174],[106.974889499751001,-6.36622439993607],[106.974889499751001,-6.36473159998332],[106.975447399578002,-6.3634095003481],[106.976091100123995,-6.36362269992759],[106.976992399778993,-6.36375070043442],[106.977979400329005,-6.36392130002793],[106.980511400181001,-6.364347799911],[106.982571399850002,-6.36375070043442],[106.983773000224005,-6.36353740013084],[106.985017500058007,-6.36383600023117],[106.985360899886004,-6.36460370020058],[106.985532500424995,-6.36554199976342],[106.985618400069001,-6.3665656000224],[106.985789999708999,-6.36767450007807],[106.985940199980007,-6.36799439972174],[106.987517400407995,-6.36944449986373],[106.987356400178001,-6.36966839957694],[106.987903599871004,-6.37015889971343],[106.987962599894004,-6.3700362996355],[106.988069899806007,-6.36999900025359],[106.988343499652999,-6.3702442004095],[106.988498999629002,-6.3703828003259],[106.988547300418006,-6.37045749981371]]]}},
{"type":"Feature","properties":{"FID":38,"Keterangan":"Trayek Angkot Ibukota Kabupaten Bogor","Nama":"Trayek 44a Pangkalan Jl. Sirojul Munir - Pangkalan Wangun","id":null,"@id":null,"colour":null,"colour:back":null,"from":null,"name":null,"network":null,"old_ref":null,"operator":null,"ref":null,"roundtrip":null,"route":null,"to":null,"type":null,"via":null,"layer":"angkot-kabupaten-bogor","path":"C:/Users/Dzaka/Desktop/kuliah_smster_5/sig/tugas Akhir/frontend/public/rute/angkot-kabupaten-bogor.geojson"},"geometry":{"type":"MultiLineString","coordinates":[[[106.823805700072995,-6.48926149981833],[106.823730600386995,-6.48947199963305],[106.823738699681002,-6.48962660028735],[106.823776199611999,-6.48983979986684],[106.823733300152,-6.49020760010063],[106.823650200097006,-6.49046339966611],[106.823432899609003,-6.4906473002327],[106.823247800245994,-6.49108169976057],[106.823148599627999,-6.49135359988867],[106.823011800155001,-6.49164140003052],[106.822837499851005,-6.49227030043397],[106.822762400165004,-6.49249949985199],[106.822724800409006,-6.4926994002571],[106.822652399589003,-6.49290460036696],[106.822520999644993,-6.49309650040311],[106.822475400418995,-6.49349619958991],[106.822469999991,-6.49385870011889],[106.822427099631,-6.49407189969838],[106.822368099607999,-6.4942370997623],[106.822343899751004,-6.49441829966474],[106.822394900304005,-6.49470879957141],[106.822491400258002,-6.49529240022406],[106.822558499574995,-6.49564950032413],[106.822561200238994,-6.49609459998578],[106.822569199708994,-6.49624649997594],[106.822529000013006,-6.49634509984645],[106.822550500106004,-6.49655299972113],[106.822703300317002,-6.49683280039335],[106.823017199684003,-6.49728850036394],[106.823231699683006,-6.49758959968023],[106.823363200350997,-6.49777350024681],[106.823567000216997,-6.49824789982068],[106.823556300082998,-6.49835719982485],[106.823451699936001,-6.49857570000853],[106.823408799576995,-6.49871959962979],[106.823392699913001,-6.49886879985519],[106.823277299807998,-6.49912730008481],[106.823239799877001,-6.49927660013492],[106.823210300314997,-6.49955110020306],[106.823196900417003,-6.49965770044247],[106.823194199753004,-6.49991619977277],[106.823156599997006,-6.50021999975314],[106.823127100435002,-6.50045180001052],[106.823110999872995,-6.50067299995891],[106.823215600020006,-6.50105410026646],[106.823749399815,-6.50147519972063],[106.823733300152,-6.50165109991826],[106.823687700026994,-6.50176829956735],[106.823628700005003,-6.50186159973299],[106.823569699982002,-6.50197349967721],[106.823526799622002,-6.50209339999037],[106.823518700327995,-6.5021681003775],[106.823516100388005,-6.50221869983307],[106.823516100388005,-6.50228270008648],[106.823524099856996,-6.50235989968957],[106.823526799622002,-6.5024052003397],[106.823532100226004,-6.5024824997675],[106.823542900185004,-6.50255450038981],[106.823550899653995,-6.50261579997914],[106.823567000216997,-6.5026824001726],[106.823604599972001,-6.50277570033825],[106.823620699635995,-6.50285299976611],[106.823652800036996,-6.50295419957661],[106.823676999894005,-6.50303419966855],[106.823676999894005,-6.50309550015714],[106.823668899699996,-6.50322599987993],[106.823631399768999,-6.50354319975884],[106.823556300082998,-6.50387359988667],[106.823494600296002,-6.50438000003692],[106.823553600317993,-6.50460379992541],[106.823588500309,-6.50477970012304],[106.823642099902997,-6.50526470000585],[106.823668899699996,-6.50547259988053],[106.823658199565998,-6.50564309964926],[106.823674300128999,-6.50580300000837],[106.823776199611999,-6.50590960024783],[106.823894199658,-6.50594700035373],[106.824012300427,-6.50593630022001],[106.824119600339003,-6.50595759976335],[106.824194700025004,-6.50609089997499],[106.824248299619001,-6.50620279991921],[106.824301900112999,-6.50630940015867],[106.824393100360993,-6.50636799998318],[106.824511200231996,-6.50641600039808],[106.824597000051995,-6.50646929961846],[106.824634499981997,-6.50661320013904],[106.824650599646006,-6.50676779989402],[106.824763299986003,-6.50688500044237],[106.824913500258006,-6.50701829975469],[106.825031500303993,-6.5071248999941],[106.825128100081997,-6.50724740024725],[106.825219300331,-6.50738600016371],[106.82531049968,-6.50756720006621],[106.825299699721,-6.50772179982118],[106.825358699744001,-6.5078336997654],[106.825401600104001,-6.5079883004197],[106.825455300422007,-6.50809489975978],[106.825455300422007,-6.50819620029438],[106.825476699790002,-6.50845729956467],[106.825659100286998,-6.50864919960083],[106.825680600379002,-6.50879839982622],[106.825637700019996,-6.50901160030509],[106.825573299568006,-6.50917149976488],[106.825465999656004,-6.5093421002577],[106.825283600058,-6.50951260002643],[106.825208500372,-6.50962990039955],[106.825197800238001,-6.50984309997904],[106.825229999564996,-6.51005629955853],[106.825229999564996,-6.51024809976997],[106.825133399787006,-6.51053599973653],[106.825187100104998,-6.51079180020139],[106.825208500372,-6.51095169966118],[106.825165600012994,-6.51111160002029],[106.825154899878996,-6.51121820025969],[106.825229999564996,-6.51133539990872],[106.825272899924002,-6.51219890015909],[106.825197800238001,-6.51220949956871],[106.825219300331,-6.51243340018124],[106.825208500372,-6.51275320000013],[106.825165600012994,-6.51304100014198],[106.825079800192995,-6.51321149991077],[106.825026099875004,-6.51355260017232],[106.824940300055005,-6.51380849956257],[106.824875899603001,-6.51393640024463],[106.824811599875005,-6.51406430002737]]]}},
{"type":"Feature","properties":{"FID":39,"Keterangan":"Trayek Angkot Ibukota Kabupaten Bogor","Nama":"Trayek 44a Pangkalan Jl. Sirojul Munir - Pangkalan Wangun","id":null,"@id":null,"colour":null,"colour:back":null,"from":null,"name":null,"network":null,"old_ref":null,"operator":null,"ref":null,"roundtrip":null,"route":null,"to":null,"type":null,"via":null,"layer":"angkot-kabupaten-bogor","path":"C:/Users/Dzaka/Desktop/kuliah_smster_5/sig/tugas Akhir/frontend/public/rute/angkot-kabupaten-bogor.geojson"},"geometry":{"type":"MultiLineString","coordinates":[[[106.824811599875005,-6.51406430002737],[106.825471099712004,-6.51429849967599],[106.826243500437002,-6.51438380037206],[106.826758499904997,-6.5145117001548],[106.827230599911999,-6.51498070019909],[106.827573899916004,-6.51521520022129],[106.827895799651998,-6.51521520022129],[106.828496599838004,-6.51502340000985],[106.829075999758004,-6.51495939975644],[106.829505099580999,-6.51489550022711],[106.830063000307007,-6.51498070019909],[106.830406300310997,-6.51491679977045],[106.830590399626999,-6.51500840021743],[106.830670899742003,-6.51502969976082],[106.830681599876002,-6.51574919966578],[106.830670899742003,-6.5158665000389],[106.830654800079003,-6.51598900029211],[106.830676300171007,-6.51620760030045],[106.830646900434004,-6.51662130013284],[106.830700500028001,-6.51715960013542],[106.830657599668996,-6.51835880021844],[106.830619999912997,-6.51859869977011],[106.830550299756993,-6.51873190015704],[106.830485900203996,-6.51891310005948],[106.830448400273994,-6.5191316002431],[106.830400100383997,-6.51930750044073],[106.830335699933002,-6.51984580044331],[106.830673700231003,-6.51991510040153],[106.831000899672006,-6.51994180037372],[106.831365699767005,-6.51993639994487],[106.831569600357,-6.51993639994487],[106.831757299659998,-6.51984580044331],[106.832293700294002,-6.51978719971942],[106.832610199601007,-6.5197925003236],[106.833066199944994,-6.51981920029579],[106.833404200244004,-6.51985649967764],[106.833817200403999,-6.51987250041549],[106.834133699711003,-6.51986180028183],[106.834348300434002,-6.51983520013431],[106.834541400166003,-6.51984580044331],[106.834739900325999,-6.51989909966369],[106.834868700330006,-6.51991510040153],[106.836021999915005,-6.51844410001513],[106.836284899627998,-6.5183960996003],[106.839589400031002,-6.52108770033703],[106.841338200097994,-6.5218870996099],[106.843526800122007,-6.52271319975432],[106.843832600194006,-6.52289439965676],[106.844202799819001,-6.52319289993233],[106.844808899710998,-6.52385909971764],[106.845404400193004,-6.52442399986768],[106.845742299766997,-6.52487709989822],[106.846160800180996,-6.52535139964732],[106.846659699984997,-6.52577779970562],[106.848247499821994,-6.52689699969676],[106.849942700295003,-6.52814949989943],[106.849969500092001,-6.52819739959028],[106.850259199601993,-6.52869309960681],[106.851375000155997,-6.5307823002629],[106.851922199849994,-6.53183220029575],[106.852195699871999,-6.532338600446]]]}},
{"type":"Feature","properties":{"FID":40,"Keterangan":"Trayek Angkot Ibukota Kabupaten Bogor","Nama":"Trayek 44a Pangkalan Jl. Sirojul Munir - Pangkalan Wangun","id":null,"@id":null,"colour":null,"colour:back":null,"from":null,"name":null,"network":null,"old_ref":null,"operator":null,"ref":null,"roundtrip":null,"route":null,"to":null,"type":null,"via":null,"layer":"angkot-kabupaten-bogor","path":"C:/Users/Dzaka/Desktop/kuliah_smster_5/sig/tugas Akhir/frontend/public/rute/angkot-kabupaten-bogor.geojson"},"geometry":{"type":"MultiLineString","coordinates":[[[106.852236100116002,-6.53246049995204],[106.852195699871999,-6.532338600446],[106.852375600254007,-6.53255640005779],[106.852751099583998,-6.53263110044486],[106.853019299901007,-6.53258839973483],[106.853126599812995,-6.5323326001693],[106.853244599858002,-6.53219400025284],[106.853491399907995,-6.53224730037255],[106.853609399953996,-6.53234330030301],[106.853555800359999,-6.53258839973483],[106.853362599904003,-6.53290819955373],[106.853298300175993,-6.53344119985144],[106.853008599766994,-6.53424060002362],[106.852836900303004,-6.53472030020163],[106.852718900257003,-6.53533849957205],[106.852761799717001,-6.5355623003598],[106.852772499851,-6.53575420039596],[106.852826200169005,-6.53609529975824],[106.852890599720993,-6.5364897001395],[106.852997899632996,-6.53713990008629],[106.853287500218002,-6.53803520036416],[106.853545000400999,-6.53906920038327],[106.853491399907995,-6.53955949997089],[106.853480699775005,-6.53997519989554],[106.853491399907995,-6.54032689956671],[106.853362599904003,-6.54070000040463],[106.853362599904003,-6.54110500019556],[106.853276800084004,-6.5413395002177],[106.853244599858002,-6.54162730035955],[106.853223199591,-6.54188309992509],[106.853158800038997,-6.54242669963242],[106.853137299945999,-6.54318349981861],[106.853062200259998,-6.54343930028341],[106.852847600435993,-6.54406819978755],[106.852611600345,-6.54468640005729],[106.852482900165995,-6.54545390037714],[106.852493600298999,-6.54580560004837],[106.852836900303004,-6.54657310036822],[106.852965700306996,-6.54699939970249],[106.852987099675005,-6.54739380008374],[106.852976400440994,-6.54770289976898],[106.853051500126995,-6.54794809992484],[106.852997899632996,-6.54813990013622],[106.852922799946995,-6.54831049972972],[106.852804700077002,-6.54845969995512],[106.852579400118998,-6.54876879964036],[106.852161000430002,-6.54917380033055],[106.852021500291997,-6.54951489969284],[106.851882099978994,-6.54989859994038],[106.851828399661002,-6.55042090010443],[106.851742599841003,-6.55075130023226],[106.851753299975002,-6.55110309972821],[106.851785500201004,-6.5515827000815],[106.851839099795001,-6.55209430011183],[106.851849899753006,-6.55294700040372],[106.851742599841003,-6.55385299991599],[106.851678200289001,-6.55439659962332],[106.851688900422005,-6.55488690011032],[106.851581599610995,-6.55552639992339],[106.851109600328002,-6.55693340005632],[106.850787699693001,-6.557945999808],[106.850412200362996,-6.55893720019157],[106.853641600179998,-6.56017359983173],[106.854778800101997,-6.56064259987602],[106.856441800349003,-6.56116490004007],[106.856849499904996,-6.56127139955538],[106.857149900447993,-6.56137799979479],[106.857686400006997,-6.56141000037115],[106.858190600415995,-6.56136740038517],[106.858834300062995,-6.56125010001205],[106.859327900162995,-6.56115419990636],[106.859596099580003,-6.56130340013175],[106.859832099672005,-6.56142069960555],[106.860261300218994,-6.56146329959154],[106.860475900042999,-6.56152720002024],[106.860829900179994,-6.56188959982512],[106.861151799916001,-6.56243320043183],[106.861344899646994,-6.56274230011701],[106.861570199604998,-6.56292350001945],[106.861881300281993,-6.5631580000416],[106.862224700110005,-6.56325390014735],[106.863329699806002,-6.56341379960713],[106.863683799767998,-6.56354170028919],[106.863984200310995,-6.56355240042291],[106.864627899957995,-6.56385079997438],[106.865239500103002,-6.56403199987682],[106.865786599971997,-6.56418120010227],[106.866387400158004,-6.56439439968176],[106.866773700346002,-6.56458619989314],[106.867117000348998,-6.5647247998096],[106.867320800214998,-6.56498060027445],[106.867535400039003,-6.56525770028259],[106.867910900268001,-6.56550290043845],[106.868275700363,-6.56583329966702],[106.868586899966004,-6.56615299966114],[106.868897999742998,-6.56650480005641],[106.869005299655001,-6.56682450005059],[106.869058900148005,-6.56717630044585],[106.869037499881003,-6.56745339955472]]]}},
{"type":"Feature","properties":{"FID":41,"Keterangan":"Trayek Angkot Ibukota Kabupaten Bogor","Nama":"Trayek 44a Pangkalan Jl. Sirojul Munir - Pangkalan Wangun","id":null,"@id":null,"colour":null,"colour:back":null,"from":null,"name":null,"network":null,"old_ref":null,"operator":null,"ref":null,"roundtrip":null,"route":null,"to":null,"type":null,"via":null,"layer":"angkot-kabupaten-bogor","path":"C:/Users/Dzaka/Desktop/kuliah_smster_5/sig/tugas Akhir/frontend/public/rute/angkot-kabupaten-bogor.geojson"},"geometry":{"type":"MultiLineString","coordinates":[[[106.869001199645993,-6.56752139999259],[106.869076300231001,-6.56764929977533],[106.869441100326995,-6.56779859982549],[106.869687900375993,-6.56793709991717],[106.870084899798002,-6.56811829981962],[106.870320899890004,-6.56822490005902],[106.870589100206999,-6.56835279984182],[106.870803700031004,-6.56842740040418],[106.870953900301998,-6.56851270020093],[106.871544000355001,-6.56862989984995],[106.871863800173998,-6.56872629997872],[106.872158900113007,-6.56880089964176],[106.872330499753005,-6.56885419976146],[106.872491499982999,-6.56886489989518],[106.872609500028005,-6.56888620033783],[106.872711400411006,-6.56892880032382],[106.872818700322995,-6.56897150013458],[106.872915200275997,-6.56901410012057],[106.87304939981,-6.56904609979762],[106.873167399856001,-6.56906740024027],[106.873280000372006,-6.56911000022626],[106.873408800375998,-6.56917399958036],[106.873553600218997,-6.56919530002301],[106.873741400244995,-6.56925919955239],[106.873934499976997,-6.56931790010094],[106.874089999953995,-6.5693657997918],[106.874304599778,-6.56942980004521],[106.874467899574,-6.56950989996187],[106.874628799979007,-6.56956320008158],[106.874757599982999,-6.56962720033499],[106.874827300139998,-6.5696325000398],[106.874977500411006,-6.56967510002579],[106.875385199966999,-6.5698350003849],[106.875707099703007,-6.56998419971097],[106.876045000177001,-6.57020799959946],[106.876270300133996,-6.57042649978308],[106.876586800341002,-6.57068769977747],[106.876806799693995,-6.57095409965194],[106.876883799647999,-6.57101879957787],[106.877138699891006,-6.57110139960986],[106.877506099927004,-6.57124799989521],[106.877830700326996,-6.57140249982547],[106.878026499822994,-6.57157310031829],[106.878125700441004,-6.57165830029027],[106.878233000353006,-6.57168500026251],[106.878393899859006,-6.57173030001331],[106.878530700232005,-6.57176229969031],[106.878619199816001,-6.57183149982382],[106.878702399695996,-6.57195939960656],[106.878838000372994,-6.5722292996424],[106.878929199723004,-6.57249580024092],[106.879165199813997,-6.5727196001294],[106.879503200113007,-6.57296480028526],[106.879846500116003,-6.573092700068],[106.880087899737006,-6.5733217996613],[106.880297100031001,-6.57355629968345],[106.880661900126995,-6.57386009966382],[106.880871100421004,-6.57399859975556],[106.881176899593996,-6.57407859984744],[106.881563099957006,-6.57416920024832],[106.882088799559,-6.57438230000309],[106.882244400258998,-6.57439829984162],[106.882381199733004,-6.57434239978187],[106.882598400396006,-6.57432100041382],[106.882732500105007,-6.57430770034006],[106.883011500381002,-6.57441159991538],[106.883657899791999,-6.57464349999748],[106.883958300334996,-6.57472869996946],[106.884304300102997,-6.57479530016292],[106.884631500443007,-6.57491519957677],[106.884843399603,-6.5751043998481],[106.885066099621,-6.57527760028097],[106.885336999703,-6.57535219994401],[106.885518199605002,-6.57533870022081],[106.885802499586006,-6.57530669964444],[106.886076100332005,-6.57533339961663],[106.886295999861005,-6.57541329988385],[106.886765400103002,-6.57573569964279],[106.887250900008993,-6.5760367998584],[106.887570099979996,-6.57615939993633],[106.887836499854998,-6.57624969996363],[106.888212000083996,-6.57631370021704],[106.888675999897998,-6.57640159995384],[106.889083700352998,-6.57646290044244],[106.889266099951001,-6.57647359967683],[106.889491399907996,-6.57640159995384],[106.889915200027005,-6.57640689965865],[106.890312200348006,-6.57653480034071],[106.890757399834001,-6.57676399975873],[106.891004199883994,-6.57679059990619],[106.891460200227996,-6.57668940009569],[106.892195100123999,-6.5765454995751],[106.892414999652999,-6.57638560011532],[106.892554499789995,-6.57629499971444],[106.892758299655995,-6.57629499971444],[106.892915000227006,-6.57630569984815],[106.893145699713997,-6.57623639988992],[106.893352200243996,-6.57606060041633],[106.893601600234007,-6.57573280022848],[106.893872500315993,-6.5754157001744],[106.894017399982999,-6.57535450040984],[106.894202400420994,-6.57534380027613],[106.894492099931,-6.57531179969976],[106.896661399604,-6.57491780041613],[106.897128100082,-6.57520020012908],[106.897219300331003,-6.57539210016523],[106.897364199997995,-6.57548269966679],[106.897616299752002,-6.57566389956924],[106.897798700249993,-6.57575449997017],[106.898142000253003,-6.57576510027911],[106.898388800302996,-6.57587700022333],[106.898538999674997,-6.57584510037106],[106.899037900379,-6.57590370019557],[106.899410699943999,-6.57609289956764],[106.899753999946995,-6.57630069961755],[106.900783999782007,-6.57713740007091],[106.901095099559001,-6.57747839960842],[106.901427700328,-6.5777715003544],[106.901572500171,-6.57802200021507],[106.901636899723002,-6.57824580010356],[106.901851500446,-6.57871480014785],[106.902076800404004,-6.57911450023397],[106.902291400227995,-6.57934359982721]]]}},
{"type":"Feature","properties":{"FID":42,"Keterangan":"Trayek Angkot Ibukota Kabupaten Bogor","Nama":"Trayek 44b  Pangkalan Citeureup - Pangkalan Cipanas","id":null,"@id":null,"colour":null,"colour:back":null,"from":null,"name":null,"network":null,"old_ref":null,"operator":null,"ref":null,"roundtrip":null,"route":null,"to":null,"type":null,"via":null,"layer":"angkot-kabupaten-bogor","path":"C:/Users/Dzaka/Desktop/kuliah_smster_5/sig/tugas Akhir/frontend/public/rute/angkot-kabupaten-bogor.geojson"},"geometry":{"type":"MultiLineString","coordinates":[[[106.881174199829999,-6.49020180037275],[106.880895300277999,-6.49092669980729],[106.880680699555001,-6.49127850020255],[106.880519700223999,-6.49142770042801],[106.879886699810996,-6.49156630034446],[106.879468300121999,-6.49161959956484],[106.879307399717007,-6.49168349999349],[106.879103500027,-6.49185409958699],[106.877569299783005,-6.49402879968932],[106.876485700355005,-6.49518000025677],[106.876099499991994,-6.49563839999212],[106.875766900122002,-6.49612880030384],[106.870810099606004,-6.50292489966432],[106.87008060014,-6.50359649987854],[106.867956299843001,-6.50581370014209],[106.867312500371995,-6.5065173000333],[106.866647399558005,-6.50766849970148],[106.864580000266997,-6.51076339961116],[106.864193799904001,-6.51212789958288],[106.863035099889998,-6.51477140008001],[106.861876399875996,-6.516647500082],[106.861275599688994,-6.5176281999814],[106.860503100038002,-6.5182677996192],[106.859902299851001,-6.51954689996938],[106.859473100203004,-6.52082600031963],[106.859215600019994,-6.52155089975418],[106.858099800366006,-6.52453549961359],[106.856082799980996,-6.52696579963191],[106.852907099583007,-6.53412879990412],[106.852735400119002,-6.53515209978951],[106.852821199938006,-6.53660169990849],[106.853422000124993,-6.53864829967927],[106.853422000124993,-6.53958629976785],[106.853126900185998,-6.54204699956932],[106.853126900185998,-6.54281440006446],[106.853126900185998,-6.54336869990556],[106.8525261,-6.54503149960397],[106.8525261,-6.54562840033037],[106.852654800178996,-6.54626790014345],[106.852955199823,-6.54677950017373],[106.853083999827007,-6.54758959958031],[106.852912300361993,-6.54835709990022],[106.852397299995005,-6.54899659971323],[106.851925299813004,-6.54946559975758],[106.851796499808998,-6.5510430996593],[106.851925299813004,-6.55279110022906],[106.851839400168004,-6.5545390998995],[106.851453199804993,-6.55594610003243],[106.850981099798005,-6.55731040035465],[106.850466100329996,-6.5588452004456],[106.854530400157998,-6.56046430028721],[106.856890699646002,-6.56131699967972],[106.857706099656994,-6.56140219965175],[106.858778999850998,-6.56114640008627],[106.859379800037999,-6.56114640008627],[106.860066400044005,-6.56144490036184],[106.860796000234998,-6.56195650039211],[106.861096399879003,-6.56234019974039],[106.861611400246005,-6.56293709956742],[106.862512600076997,-6.56332079981502],[106.865602499755994,-6.56404549960007],[106.866847100312995,-6.56464240032648],[106.867447899601004,-6.56515400035676],[106.868048699788005,-6.56549509971904],[106.868520799794993,-6.56600669974932],[106.868992799978002,-6.56668880044771],[106.869164500341,-6.5672857002748],[106.869379100165006,-6.5677121003331],[106.871653599834005,-6.56877790037976],[106.872683499844001,-6.56886320017651],[106.874357200225006,-6.56946000017882],[106.875558900423002,-6.56992900022311],[106.876288399890001,-6.57039800026746],[106.87706090044,-6.57095220028378],[106.877751200258004,-6.57134339997788],[106.878116000353003,-6.57172710022547],[106.878609499728995,-6.57181240002223],[106.878824099553,-6.5720681995877],[106.879017200183995,-6.57251580026394],[106.879317599827004,-6.57277159982942],[106.879575100010996,-6.57298480030823],[106.879918499838993,-6.57309139964832],[106.880819699669004,-6.5739866999262],[106.881356100304004,-6.57411459970894],[106.882278800226999,-6.57439169971713],[106.882772299601996,-6.57430639992037],[106.883459000333005,-6.57464750018193],[106.883930999615998,-6.57469010016791],[106.884574799987007,-6.5748605999367],[106.884785600174993,-6.57500510030508],[106.884978699906995,-6.57520759975085],[106.885220100427006,-6.57534619966731],[106.885568799959998,-6.57537820024368],[106.885885300167004,-6.57530890028545],[106.886239400128005,-6.57539949978701],[106.886521600191998,-6.57558250013221],[106.887074200314004,-6.57592890009863],[106.887530099933997,-6.57616340012078],[106.888141700079004,-6.57631260034617],[106.889155600251001,-6.57649380024861],[106.889590099602998,-6.5763819003044],[106.890110399674995,-6.57644050012891],[106.890904400317993,-6.57680289993385],[106.891129700275002,-6.57673889968044],[106.891526599873004,-6.57665359988368],[106.892181100377996,-6.57653640023466],[106.892352700017,-6.57642979999525],[106.892524400381006,-6.57630190021246],[106.892792599798995,-6.57626989963609],[106.893028699715003,-6.5762805997698],[106.893275399939995,-6.57617400042972],[106.893575799583999,-6.57584360030188],[106.893876200126996,-6.57539599962564],[106.894584300225006,-6.57528940028556],[106.895410500194004,-6.57510820038311],[106.896633599761003,-6.57491630034696],[106.896837399625994,-6.5747138000018],[106.896939300008995,-6.57450070024709],[106.896976899763999,-6.57429819990193],[106.897019800123999,-6.57398369978785],[106.897105599943998,-6.57374929959047],[106.897336300329997,-6.57366399979372],[106.897733299752005,-6.57347750018641],[106.898323299980007,-6.57310440024781],[106.898328700408996,-6.57296590015613],[106.898328700408996,-6.57276339981098],[106.898441399850995,-6.57267810001423],[106.899067899963995,-6.57226829964225],[106.899430000294004,-6.57216709983175],[106.899765200104,-6.57197519979559],[106.899987900121999,-6.5718792996899],[106.900189000221999,-6.57186859955618],[106.900714699823993,-6.57199650023824],[106.901186799830995,-6.57210850000723],[106.901422799922003,-6.57211910031617],[106.901589099857006,-6.57207650033018],[106.901814399814995,-6.57201789960635],[106.902039699772004,-6.57196460038597],[106.902120199886994,-6.57183669970391],[106.902248999891,-6.57177800005462],[106.902560099669003,-6.57171409962592],[106.902769299962998,-6.57169809978745],[106.903412999609998,-6.57170879992111],[106.903837899598997,-6.57191519972662],[106.904116899875007,-6.57208299973058],[106.904470900012001,-6.57227489976674],[106.904674799701993,-6.57228020037093],[106.904859800140002,-6.57225620016345],[106.905026100075006,-6.5722109004127],[106.905366399938998,-6.57212509969355],[106.905656100349006,-6.57228500005266],[106.906106700264004,-6.57234889958198],[106.906428500174997,-6.57231699972971],[106.906643099999002,-6.57239160029207],[106.906868399957006,-6.57238090015835],[106.907168799600001,-6.5725301003838],[106.907276100412005,-6.57271130028624],[106.907919899884007,-6.57313770034455],[106.908134399882996,-6.57321230000758],[106.908370499799005,-6.57319099956493],[106.908638700116001,-6.57322290031652],[106.908853299940006,-6.57330820011327],[106.908992700252995,-6.57340410021902],[106.909142899624996,-6.57346809957306],[106.909293099896999,-6.57354270013548],[106.909411199767007,-6.57364930037488],[106.909486300352995,-6.57374519958125],[106.909614999633007,-6.57378779956724],[106.910655699600994,-6.57377720015762],[106.910848800232003,-6.57384109968695],[106.911047300392994,-6.57382509984842],[106.911240400124001,-6.57379310017137],[106.911465700082005,-6.57387310026331],[106.911648099679994,-6.57393699979264],[106.911862700403006,-6.57401160035505],[106.912045100000995,-6.57406489957543],[106.912420600231002,-6.57424079977307],[106.912543999806005,-6.57429409989277],[106.912704900210997,-6.57429409989277],[106.912946299832001,-6.57432070004023],[106.913177000217999,-6.574363399851],[106.913375500379004,-6.57437939968952],[106.913627600134006,-6.57440070013217],[106.913852900091001,-6.57450189994268],[106.914212299758006,-6.57473110026001],[106.914330299804007,-6.5748909997198],[106.914351799895996,-6.57497089998702],[106.914357200325,-6.57509879976976],[106.914394700255002,-6.57518409956651],[106.914464400412001,-6.57524270029035],[106.914582500281995,-6.57532790026232],[106.914695099899006,-6.57537060007309],[106.914797000280998,-6.57538659991161],[106.914909699722998,-6.57544519973612],[106.914925800285999,-6.57556240028453],[106.914909699722998,-6.57565299978609],[106.914941899949,-6.57570629990579],[106.915027699768999,-6.5757648997303],[106.915129600151005,-6.57582889998372],[106.915285199951995,-6.57587679967452],[106.915462200020997,-6.57595140023688],[106.916159599986003,-6.57645239995827],[106.916540499744002,-6.57683079960168],[106.916728199947002,-6.57713449975734],[106.916771100305994,-6.57727309967379],[106.916781900264994,-6.57741159976547],[106.916814099590994,-6.57752349970968],[106.916846199991994,-6.57761410011057],[106.917087599612998,-6.57793919963433],[106.917227099751003,-6.57810439969825],[106.917393399686006,-6.57831760017706],[106.917586500317,-6.57862130033271],[106.917736699689002,-6.57873859980651],[106.917860100164006,-6.57877049965879],[106.918058600324002,-6.57885049975073],[106.918198099563,-6.57898899984241],[106.918358999968007,-6.57906360040477],[106.918536000035999,-6.57914890020152],[106.918745200331003,-6.57918089987857],[106.918938399886997,-6.57917560017376],[106.919099300292999,-6.57914359959739],[106.919265600227007,-6.57921289955561],[106.919555299736999,-6.57936209978101],[106.919598200096999,-6.57949530016794],[106.919619600364001,-6.57960190040734],[106.919692100109998,-6.57974310026384],[106.919783300359001,-6.57992160040146],[106.919882500076994,-6.58009479993501],[106.919858400045001,-6.58024939968999],[106.919845000147006,-6.58042789982767],[106.919877099648005,-6.58055850027455],[106.920064899674998,-6.58067040021876],[106.920327699563998,-6.58070230007104],[106.920499399926996,-6.58064899995134],[106.920671100291003,-6.58061710009906],[106.921325500072001,-6.58075029958661],[106.921459599781002,-6.58086750013496],[106.921631300144,-6.58095809963652],[106.921888800328006,-6.58101139975622],[106.922081900059993,-6.58100610005141],[106.922419900357994,-6.58093150038837],[106.922816799955001,-6.58086750013496],[106.923294300392001,-6.58087289966454],[106.923637600394997,-6.58097949990395],[106.923801199666002,-6.58103270019893],[106.923932599609998,-6.58115259961272],[106.924243800111,-6.58159229974478],[106.924345699593999,-6.58164030015968],[106.925002999688999,-6.58199669968792],[106.925469700167,-6.58215130034222],[106.925780899768995,-6.58227910030018],[106.925931100040003,-6.58237510023065],[106.926059800220003,-6.58246569973221],[106.926108100109005,-6.58263089979613],[106.926145600039007,-6.58278010002158],[106.926145600039007,-6.58290799980432],[106.926199300357993,-6.58301989974854],[106.926242199818006,-6.58316380026912]]]}},
{"type":"Feature","properties":{"FID":43,"Keterangan":"Trayek Angkot Ibukota Kabupaten Bogor","Nama":"Trayek 45 Mall Cileungsi Trade Center - Gandoang","id":null,"@id":null,"colour":null,"colour:back":null,"from":null,"name":null,"network":null,"old_ref":null,"operator":null,"ref":null,"roundtrip":null,"route":null,"to":null,"type":null,"via":null,"layer":"angkot-kabupaten-bogor","path":"C:/Users/Dzaka/Desktop/kuliah_smster_5/sig/tugas Akhir/frontend/public/rute/angkot-kabupaten-bogor.geojson"},"geometry":{"type":"MultiLineString","coordinates":[[[106.969114623741007,-6.40764481085927],[106.968927427159002,-6.40756040588798],[106.968827536760998,-6.40749272470941],[106.968741265697005,-6.40735717978998],[106.968922499773996,-6.40683961905313],[106.967611716307999,-6.40638785901245],[106.966184161269993,-6.40569502670405],[106.963963388,-6.40475025561977],[106.962622106724993,-6.4051053601242],[106.962242082906002,-6.40543417294867],[106.961688373019996,-6.40606036459411],[106.961484871729994,-6.40652341022718],[106.961332865618999,-6.40706321209751],[106.961275649851004,-6.40735329112147],[106.961402831974993,-6.40784192966129],[106.961418187899,-6.40823561508154],[106.961496080879996,-6.40890065384207],[106.961623983359999,-6.41036442008186],[106.961725261411999,-6.41106360879849],[106.961776693640005,-6.41138976862288],[106.961906188819995,-6.41199326767514],[106.962032284562,-6.41247324574363],[106.962112390773996,-6.41278075722613],[106.962111971690007,-6.41303051964275],[106.962302611775996,-6.41322836239897],[106.962682012364994,-6.41359081256593],[106.962990524793,-6.41384930739957],[106.963248943183999,-6.41400668426104],[106.964102142599998,-6.41464363359677],[106.964579847181994,-6.41501788466758],[106.965557108073995,-6.41572558187005],[106.966121858937001,-6.41609103936992],[106.966591964247996,-6.41628005617963],[106.967323795656995,-6.4165414243472],[106.967945857615007,-6.41677270299778],[106.968284979367994,-6.41701264931425],[106.968477944201993,-6.41727965623113],[106.969049670206005,-6.41833735608407],[106.969458498411001,-6.41900262237306],[106.969738835078999,-6.4193587206284],[106.970216147556997,-6.41969315871228],[106.970929432247999,-6.42041824520578],[106.971731266885001,-6.42124898765059],[106.972269609155006,-6.42176472366305],[106.972640558815002,-6.42216891586276],[106.973029842952997,-6.42257173030106],[106.973328753318995,-6.42284579689596],[106.973784662832003,-6.42322738643469],[106.974331958752998,-6.4237013336496],[106.974567385976002,-6.42389503412846],[106.974990518797,-6.42417934939743],[106.975369810567997,-6.424456070791],[106.975818816884995,-6.42473267707135],[106.976281548654995,-6.42487722870112],[106.976850690006998,-6.42499674140646],[106.977415687283994,-6.42511507330192],[106.977868855663004,-6.42513203181778],[106.978403159078994,-6.42509579093797],[106.978825949257995,-6.42504152224842],[106.979601995834997,-6.42484014515651],[106.980076185867006,-6.42475046386278],[106.980595150446007,-6.42464522339827],[106.980993488058999,-6.42450882772016],[106.983404292573994,-6.42407777007298],[106.985162734273004,-6.42373482979849],[106.986269134213003,-6.42349395358303],[106.987509052901004,-6.42326055792836],[106.988679899158001,-6.42307725271297],[106.989973639572,-6.42280010324214],[106.991041237363007,-6.4226229466916],[106.991935545689003,-6.422456180908],[106.993256226194006,-6.42221263640403],[106.994298150139997,-6.42202057898646],[106.995072514984997,-6.42184911334584],[106.995850680364995,-6.42165937438057],[106.997156743288997,-6.42141284592606],[106.998295537708998,-6.421140091442],[106.999600551124999,-6.42089586525191],[107.00093986828,-6.4206291308297],[107.002170640862005,-6.42041146791485],[107.003188731874999,-6.42023517471347],[107.004276500559996,-6.42001036038977],[107.005441083939004,-6.41974329231903],[107.005923472191,-6.41958404037109],[107.005840078956993,-6.42006905644178],[107.005408523084995,-6.42061241962739],[107.004873957068,-6.42127614807572],[107.004571513265006,-6.42179816135604],[107.004535748126003,-6.42201243472601],[107.004509355722007,-6.42227270931801],[107.004446396884006,-6.4224797647293],[107.004404620676993,-6.42262741362418],[107.004459028761005,-6.42271748162642],[107.004618439889001,-6.42296534377556],[107.004959518567006,-6.42347988368965],[107.005155916112997,-6.4237792733947],[107.005236665339993,-6.42399721060275],[107.005313369416996,-6.42420045108992],[107.005344881661003,-6.42446847244202],[107.005371908986007,-6.42466578279959],[107.005519024582995,-6.42473234881879],[107.005782799336998,-6.42479584994845],[107.005855603952995,-6.42483896074941],[107.005897730895995,-6.42494107517041],[107.005934410644997,-6.42508370584829],[107.005879557396,-6.42519671015998],[107.005840411706004,-6.42532911734486],[107.005812378038996,-6.42541854323116],[107.005804069202995,-6.42552537819358],[107.005858630172,-6.42557638414274],[107.005954794678004,-6.42566626598534],[107.006110502398002,-6.42586840570232],[107.006134855140004,-6.42595361736551],[107.006139039684996,-6.42604443540233],[107.006089837776003,-6.42614069523683],[107.005631569342,-6.42710935681134],[107.005341859938994,-6.42692644999562],[107.005206409447993,-6.42686224469679],[107.005075388118996,-6.42685243489188],[107.004995304389993,-6.4268829677747],[107.004945010704006,-6.42698444637506],[107.004879479804003,-6.42710915086656],[107.004658451626,-6.42762583926105],[107.004066376661996,-6.4291461305894],[107.003958360889996,-6.42930603364647],[107.003856482090995,-6.42934852481454],[107.003692370207006,-6.42938700770418],[107.003574467288004,-6.42944719483211],[107.003483882175004,-6.42958190518073],[107.003414290837,-6.42972615283964],[107.003089577121997,-6.43086994838939],[107.002985207202002,-6.43113786182283],[107.002918115078998,-6.43128575083671],[107.002847098315002,-6.4314101900282],[107.002812701945004,-6.43157704574401],[107.002844987605997,-6.4317052243166],[107.002926035407995,-6.43183266994174],[107.003012385613005,-6.43200458164608],[107.003051821783998,-6.43212426971923],[107.003172667285,-6.4323116713465],[107.003117250160997,-6.43245953338072],[107.003057838249006,-6.43268240786676],[107.003020799669997,-6.43282869878539],[107.003032004323998,-6.43303510758409],[107.003039975015,-6.43317386488189],[107.003001451656004,-6.43329463034286],[107.002844715112005,-6.43381641969199],[107.002750511127005,-6.43414257591911],[107.002740718409001,-6.43425331843588],[107.002746563103003,-6.43436962325944],[107.002750794413998,-6.43442681204772],[107.003495308961007,-6.43440356187483],[107.003427500078999,-6.43545606184773],[107.003368735679004,-6.43638563169151],[107.00326408427,-6.43780546874734],[107.003147881070007,-6.43884951059641],[107.003107318947997,-6.43912330289805],[107.003092515207001,-6.43934992395975],[107.003139905881994,-6.43980373535408],[107.003194560381004,-6.44097127120716],[107.003209967565994,-6.44119592994815],[107.003207523208999,-6.44155161721329],[107.003170097921995,-6.44236201069816],[107.003139029042998,-6.44268984685891],[107.003148844243995,-6.44304108337923],[107.003160136131001,-6.4432995970987],[107.003137162949997,-6.44352589980036],[107.003086424998997,-6.44377749683395],[107.003103247716993,-6.44415039172714],[107.003112157299995,-6.44431946337249]]]}},
{"type":"Feature","properties":{"FID":52,"Keterangan":"Trayek Angkot Ibukota Kabupaten Bogor","Nama":"Trayek 71 Terminal Cibinong - Pangkalan Kp Bulak","id":null,"@id":null,"colour":null,"colour:back":null,"from":null,"name":null,"network":null,"old_ref":null,"operator":null,"ref":null,"roundtrip":null,"route":null,"to":null,"type":null,"via":null,"layer":"angkot-kabupaten-bogor","path":"C:/Users/Dzaka/Desktop/kuliah_smster_5/sig/tugas Akhir/frontend/public/rute/angkot-kabupaten-bogor.geojson"},"geometry":{"type":"MultiLineString","coordinates":[[[106.854211999683997,-6.46765399983218],[106.853890000123002,-6.46733500040989],[106.851670000270005,-6.46940200040194],[106.851035999811998,-6.46994800039983],[106.849426000210002,-6.47169900020867],[106.848825000374006,-6.47234000009087],[106.848232000007002,-6.47324200031801],[106.847858999893006,-6.4739519997849],[106.847430999940997,-6.47479299989698],[106.846809000034995,-6.47604500007662],[106.846427999553001,-6.47674700007394],[106.845944999761997,-6.4771679997034],[106.845493999647999,-6.47751400037078],[106.844999000203998,-6.47788999972369],[106.844879000066001,-6.47790999974666],[106.844814999812002,-6.47782999965472],[106.844549000135999,-6.47718799972637],[106.844237000137994,-6.47627399984515],[106.843806000046996,-6.47544600033262],[106.843618000370995,-6.47477199982791],[106.843447999725001,-6.47379799987772],[106.843274999841,-6.47297599974257],[106.84316099998,-6.47254899983642],[106.842795000189,-6.47197899963106],[106.842461000075005,-6.47115000007238],[106.842290000283,-6.47052600007481],[106.842277999730001,-6.46977300042357],[106.842159999684,-6.46925599996439],[106.842048999960994,-6.4689609998502],[106.841920000307994,-6.46876499980488],[106.841504000010005,-6.46861199994379],[106.841039000150005,-6.46852200029002],[106.840251999830002,-6.46812299987647],[106.839853000315998,-6.46788599973905],[106.839761999716998,-6.46777700010841],[106.839756000338994,-6.46775800013154],[106.839752000155002,-6.46775199985484],[106.839680999579002,-6.46750900034004],[106.839548999786999,-6.46678500022756],[106.839481000248,-6.46621199988385],[106.839480000202002,-6.46596100000011],[106.839486999624995,-6.46573400032384],[106.839493999948004,-6.4655720000477],[106.839510999832996,-6.465352999841],[106.839608999855997,-6.46487999961227],[106.839694000178,-6.46431100035233],[106.839812000224001,-6.46369399977823],[106.839905000016003,-6.46327500024103],[106.839997999808006,-6.46268199987435],[106.840042000037997,-6.46227099980678],[106.840083000129994,-6.46188099980827],[106.840129999599995,-6.46162699978618],[106.840181000152995,-6.46123100041029],[106.840232999853001,-6.46074400043523],[106.840230999761005,-6.46046600020571],[106.840231999807003,-6.46008899990738],[106.840240000175996,-6.45984799958546],[106.840208999645995,-6.45960900025511],[106.840178000015001,-6.45930299963368],[106.840111999669006,-6.45899299972712],[106.840029000338006,-6.45869000014335],[106.839955999669996,-6.45852599977502],[106.839829000107997,-6.45823599989143],[106.839660000408998,-6.45793000016931],[106.839485000432006,-6.4576519999398],[106.839430999740998,-6.4574689995946],[106.839374999856005,-6.45721699966475],[106.839359000018007,-6.4570429997346],[106.839369999626001,-6.45685199991982],[106.839390999694999,-6.45667699994357],[106.839430999740998,-6.45648299999039],[106.839451999809995,-6.45625800040637],[106.839500000225001,-6.45599299987697],[106.839570999901994,-6.4555520002246],[106.839606999763006,-6.45531199994878],[106.839664999739995,-6.45503899994986],[106.839717000338993,-6.45470900002027],[106.839722999716997,-6.45444500043635],[106.839701999648,-6.45423999997598],[106.839699999554995,-6.45393800043831],[106.839695000223998,-6.45374799977031],[106.839680999579002,-6.45359700000148],[106.839644999716995,-6.45333100032536],[106.839637000246995,-6.45319100016445],[106.839640000385998,-6.45309800037239],[106.839642999624999,-6.45309700032624],[106.839637000246995,-6.45301900032655],[106.839580000317,-6.45288300035014],[106.839547999740006,-6.45276600035061],[106.839558000202004,-6.45257100035133],[106.839633000063003,-6.45238099968333],[106.839707999924002,-6.45214300039908],[106.839816999554998,-6.45195499982333],[106.839867000062,-6.45179200040047],[106.839928000176997,-6.4515890000323],[106.840004000085003,-6.45133399996411],[106.840053999692003,-6.4511650002645],[106.840111999669006,-6.45095799971188],[106.840129999599995,-6.45081000008139],[106.840103000152993,-6.45055600005929],[106.840076999854006,-6.45043699996751],[106.839893000361997,-6.45007999969221],[106.839669999970994,-6.44975299990097],[106.839490999809996,-6.44946600015572],[106.839240999972006,-6.44914399969576],[106.838863999674004,-6.44869899985889],[106.838555999860006,-6.44837400015996],[106.838198999583994,-6.44811399986116],[106.837627000186004,-6.44756699981713],[106.837051999750003,-6.44708700016486],[106.836728000096997,-6.44667400000503],[106.836573000144,-6.44643599982146],[106.836502999613998,-6.44623100026041],[106.836328999684,-6.44565799991671],[106.836094999685002,-6.44500200024208],[106.835940999776994,-6.44449700033624],[106.835783999732001,-6.44397799978481],[106.835754000147006,-6.44387500043086]]]}},
{"type":"Feature","properties":{"FID":53,"Keterangan":"Trayek Angkot Ibukota Kabupaten Bogor","Nama":"Trayek 72 Terminal Cibinong - Pangkalan Kp. Sawah","id":null,"@id":null,"colour":null,"colour:back":null,"from":null,"name":null,"network":null,"old_ref":null,"operator":null,"ref":null,"roundtrip":null,"route":null,"to":null,"type":null,"via":null,"layer":"angkot-kabupaten-bogor","path":"C:/Users/Dzaka/Desktop/kuliah_smster_5/sig/tugas Akhir/frontend/public/rute/angkot-kabupaten-bogor.geojson"},"geometry":{"type":"MultiLineString","coordinates":[[[106.854185000238004,-6.46764400027035],[106.853913000285004,-6.46733999974117],[106.852417999690999,-6.46870499973591],[106.851799999969998,-6.46929399991814],[106.851091999695996,-6.4699650002845],[106.850019999723003,-6.47104299963468],[106.849237999633999,-6.47187200009267],[106.848589000282004,-6.47269600032013],[106.848142000352993,-6.47337200001772],[106.847953999777005,-6.47382700031574],[106.847460000379002,-6.47478899971253],[106.847155999850003,-6.47531699977969],[106.846783999782005,-6.47614900037604],[106.846557000106003,-6.47661100009753],[106.846070000129998,-6.47706799958849],[106.845432000387007,-6.47756399997854],[106.845017000135002,-6.47788200025406],[106.844922000249994,-6.4779200002078],[106.844846000342997,-6.47791299988501],[106.844808000388994,-6.47787199979291],[106.844648000204998,-6.47731400014095],[106.844293000022006,-6.47639299993693],[106.844035999862001,-6.47593999973117],[106.843867000162007,-6.47559399996305],[106.843663999794003,-6.47510199975744],[106.843580000417006,-6.47471099971284],[106.843486999725002,-6.47423100006057],[106.843448999771994,-6.4739169999695],[106.843424999563993,-6.47364600006279],[106.843335999955997,-6.47323600004131],[106.843255999864994,-6.47282700006593],[106.843128000256996,-6.472502000367],[106.842852000120004,-6.47207499956153],[106.842626999635996,-6.47161399988613],[106.842520000098006,-6.4712550004179],[106.842321999960006,-6.47065499972842],[106.842323000006999,-6.47019300000687],[106.842217999661003,-6.46947099998664],[106.842033000122996,-6.46894500001167],[106.841896000099993,-6.46876299971262],[106.841770999732006,-6.46867600019721],[106.841545000102002,-6.46862899982841],[106.841001000196002,-6.4685000001748],[106.840550000082004,-6.46830300008332],[106.840281000268007,-6.46815300036064],[106.839911000292005,-6.46792000040767],[106.839752000155002,-6.46774999976265],[106.839680000431997,-6.46761499983234],[106.839679000385999,-6.46760800040886],[106.839643999670997,-6.46740399999453],[106.839637000246995,-6.46724799999515],[106.839552999971005,-6.46675899992783],[106.839469999740999,-6.46636299965269],[106.839484000385994,-6.46584700013892],[106.839504000408994,-6.4655370002323],[106.839515000017002,-6.46540400039424],[106.839509999786998,-6.46532899963358],[106.838666999582003,-6.46530100014098],[106.838319999768004,-6.46526200014114],[106.838202999768995,-6.46519299965718],[106.838047999815004,-6.46501599958867],[106.837925999584996,-6.46497000016535],[106.837580999862993,-6.46486900000429],[106.837375000256003,-6.46482099958939],[106.837365999840998,-6.46482000044261],[106.837208999796005,-6.4647849997279],[106.837086999565003,-6.46477500016607],[106.836966000280995,-6.46479900037355],[106.836956999866004,-6.46480599979702],[106.836787000119998,-6.46478599977405],[106.836774000419993,-6.46477500016607],[106.836763999959004,-6.46476699979718],[106.836526999821004,-6.46467700014341],[106.836432999983003,-6.46474100039683],[106.836339000145003,-6.46490499986578],[106.836334999960002,-6.46491899961211],[106.836328999684,-6.46492299979656],[106.836202000122,-6.46512500011863],[106.836106000192004,-6.46534200023308],[106.836098999868994,-6.46551600016323],[106.836099999915007,-6.46552299958671],[106.836052000400002,-6.46571200020861],[106.835917999616001,-6.46606999963075],[106.835840999661997,-6.46633500016009],[106.835706999777997,-6.46671000036616],[106.835683999617004,-6.46690200022709],[106.835687999800996,-6.46691399988112],[106.835685999709,-6.46691900011172],[106.835592999916997,-6.46705400004203],[106.835387000310007,-6.46734600001781],[106.835138999665006,-6.46766600038558],[106.834870999897007,-6.46799200013066],[106.834620000013004,-6.46825699976068],[106.834356000428997,-6.46858399955187],[106.834138000268993,-6.46872599980497],[106.833758999878,-6.46885200021961],[106.833491000110001,-6.46890800010408],[106.833246999649006,-6.4689939995734],[106.833122000179998,-6.46907899989589],[106.833110999672996,-6.46908700026478],[106.833107000387997,-6.46909000040313],[106.832997999857994,-6.46919099966488],[106.832996999811996,-6.46919799998767],[106.832899999835007,-6.46935299994095],[106.832799999719995,-6.46959200017062],[106.832692000136007,-6.46987299963917],[106.832560000344003,-6.4701790002606],[106.83227799993,-6.47032699989109],[106.832026,-6.47027900037551],[106.831730999886005,-6.47004500037644],[106.831565000325,-6.46983200044645],[106.831524000231994,-6.46972600005483],[106.831474999771999,-6.46960299977854],[106.831381999979001,-6.46948100044779],[106.831220999748993,-6.46934200033303],[106.831063999704,-6.46925700001049],[106.830880000212005,-6.46919099966488],[106.830653999681999,-6.46914999957278],[106.830455000398004,-6.46914700033375],[106.830292000076,-6.46904400008049],[106.830241000422006,-6.46894500001167],[106.830196000144994,-6.46879400024289],[106.830099000169,-6.46860999985154],[106.829963000191995,-6.46850300031315],[106.829761999916002,-6.46835899996785],[106.829579999616996,-6.46824600015276],[106.829326999640998,-6.46804099969233],[106.829160000033994,-6.46795400017692],[106.828966000080996,-6.46780200036199],[106.828748999965995,-6.46768000013185],[106.828624999644006,-6.46765599992443],[106.828617000174006,-6.46765900006278],[106.828460000128999,-6.4677240003623],[106.828455999943998,-6.46772699960133],[106.828452999806004,-6.46773299987797],[106.828269000313995,-6.46781800020051],[106.828082999830997,-6.4678889998774],[106.827893000062005,-6.4678970002463],[106.827684000315998,-6.46790799985428],[106.827456999741003,-6.46790000038465],[106.827175000226006,-6.4678600003387],[106.826865000319998,-6.46779199990084],[106.826496000389994,-6.4677119998089],[106.826073999814994,-6.46772899969352],[106.825854999609007,-6.46771599999335],[106.825851000322999,-6.46771900013169],[106.825616000278004,-6.46777299992397],[106.825459000232996,-6.46785700020035],[106.825288999587997,-6.46798399976171],[106.825186000233998,-6.46809400033777],[106.825154999703997,-6.46820700015292],[106.825093999588006,-6.46836900042899],[106.825056999680996,-6.46844400029033],[106.824872000143003,-6.46846799959843],[106.824605999566998,-6.46842000008292],[106.824321999960006,-6.46838300017527],[106.824016000238004,-6.46834100003707],[106.823755999940005,-6.46828500015261],[106.823767999593997,-6.46828300006035],[106.823779000100998,-6.46828200001426],[106.823451000264001,-6.46822500008364],[106.823322999756996,-6.46816199987637],[106.823304999825993,-6.46799000003841],[106.823318999571995,-6.4677109997628],[106.823352000195001,-6.46741799974086],[106.823416000448006,-6.46683900001978],[106.823461999871,-6.4662509998837],[106.823492000355998,-6.4660729997691],[106.823541999962998,-6.46579200030055],[106.823572999594006,-6.46542699965625],[106.823613999686003,-6.4651759997725],[106.823712999755003,-6.4647439996358],[106.823740000100997,-6.46451699995953],[106.823786000423993,-6.4643310003753],[106.823899000238995,-6.46423899973001],[106.824111000122997,-6.46407300016875],[106.824296999707002,-6.46390599966213],[106.824336999753001,-6.46376899963957],[106.824337999798999,-6.46376000012384],[106.824338999844997,-6.46375699998549],[106.824359999913995,-6.46360099998611],[106.824448000375,-6.463357999572],[106.824551999774997,-6.46318200044891],[106.824631999866995,-6.46309600008027],[106.824760000373999,-6.46270800017402],[106.824758000282003,-6.46261000015136],[106.824791000005007,-6.46243900035955],[106.824818000350007,-6.46234699971421],[106.824871000097005,-6.46222899966853],[106.824873000189001,-6.4622250003834],[106.824928000027001,-6.46211799994569],[106.824930000118997,-6.46211599985344],[106.824935000349996,-6.4621099995768],[106.825009000164997,-6.46197599969258],[106.825086000119001,-6.4618340003388],[106.825088000210997,-6.46181999969321],[106.825090000303007,-6.46181100017748],[106.825129000302994,-6.46172099962439],[106.825186000233998,-6.46160100038583],[106.825188000325994,-6.46159700020138],[106.825284000256005,-6.46145900013272],[106.825415000001996,-6.46129399971829],[106.825541999563995,-6.46114199990331],[106.825610000002001,-6.46101899962707],[106.825613000139995,-6.4610110001575],[106.825616000278004,-6.4610049998808],[106.825666999931997,-6.46088399969676],[106.825670000070005,-6.46087600022719],[106.825701999748006,-6.4607560000893],[106.825710000116004,-6.46062999967472],[106.825817999701002,-6.46012399972278],[106.825911000391997,-6.45970800032393],[106.826044000229999,-6.45921400002601],[106.826152999860994,-6.45886300002741],[106.826212999929993,-6.4586520001896],[106.826281000367999,-6.45838300037514],[106.826279000276003,-6.45809899986892],[106.826332000022006,-6.45792399989261],[106.826345999767994,-6.45771900033157],[106.826378000345002,-6.45760999980161],[106.826306999767993,-6.4574800001019],[106.826279000276003,-6.45736300010231],[106.826307999814006,-6.4572330004026],[106.826353000091004,-6.45695400012698],[106.826434000229,-6.45659699985163],[106.826447999975002,-6.45640199985235],[106.826445999883006,-6.4562209995994],[106.826438000413006,-6.45608399957689],[106.826437000366994,-6.45608200038396],[106.826352000045006,-6.4559669995773],[106.826349999952996,-6.45596400033827],[106.826256000114,-6.45583899996984],[106.826256000114,-6.45573899985493],[106.826286999744994,-6.45561999976314],[106.826310999952995,-6.45539700027132],[106.826313000045005,-6.45538899990237],[106.826321000413998,-6.45524100027188],[106.826320000368,-6.45523299990299],[106.826339000345001,-6.45501099955794],[106.82634299963,-6.45500300008831],[106.826360000413999,-6.45479999972014],[106.826359000368001,-6.45479300029666],[106.826401999653001,-6.45467300015878],[106.826513000275,-6.45466499978988],[106.826636999697996,-6.45462799988223],[106.826703000044006,-6.45453800022847],[106.826704000090004,-6.45452999985957],[106.826728000296995,-6.45432800043682],[106.826728000296995,-6.45432500029847],[106.826731000435004,-6.45415499965344],[106.826756999835993,-6.45399200023059],[106.826848000435007,-6.45392399979272],[106.826850999673994,-6.45392199970047],[106.827046999719002,-6.45380499970094],[106.827048999812007,-6.45380199956259],[106.827060000318994,-6.45379200000076],[106.827065999696003,-6.45378699977016],[106.827260999695,-6.45373900025459],[106.827370000225002,-6.4537010003009],[106.827416999695004,-6.45356300023224],[106.827420999878996,-6.45355599990944],[106.827405000040997,-6.45325400037177],[106.827408000179005,-6.45261499968245],[106.827394999579994,-6.45231800037539],[106.827328000086993,-6.45216999984558],[106.827206999902998,-6.45207600000737],[106.827199000434007,-6.45207299986902],[106.827077000203005,-6.45200000009987],[106.827006999673003,-6.45191699986958],[106.826792999697005,-6.45178199993927],[106.826783000134995,-6.45177999984708],[106.826776999859007,-6.45177799975483],[106.826620999859003,-6.45174199989333],[106.826615999628999,-6.45174199989333],[106.826601999882001,-6.45174199989333],[106.826592000321,-6.45174199989333],[106.826501999767999,-6.45171400040073],[106.826496000389994,-6.45154199966351],[106.826498999628996,-6.45153100005558],[106.826504999906007,-6.4513360000563],[106.826594000412996,-6.45100400003452],[106.826639999836004,-6.45082099968931],[106.826658999813006,-6.45065300003586],[106.826610000250994,-6.45057900022061],[106.826602999928994,-6.45056999980562],[106.826595999605999,-6.45055800015155],[106.826497000436007,-6.45047700001351],[106.826388999952002,-6.45041399980619],[106.826332000022006,-6.45031699982962],[106.826309999906996,-6.4501579996919],[106.826343999675998,-6.44998899999229],[106.826391000045007,-6.44981299996994],[106.826425999860007,-6.44967199976293],[106.826456000343995,-6.44945399960233],[106.826492000206002,-6.44936600004081],[106.826516000412994,-6.44927799957998],[106.826586000044003,-6.44918299969561],[106.826652000389998,-6.44912000038767],[106.826701999996999,-6.4488699996507],[106.826709000319994,-6.44872200002021],[106.826782000088997,-6.44855300032066],[106.826930999766006,-6.44847400027487],[106.827038000203999,-6.44839500022903],[106.827233000202995,-6.44833400011396],[106.827238999580004,-6.44833099997561],[106.827416999695004,-6.44825600011427],[106.827628999579005,-6.44818400039128],[106.827703000292999,-6.44806200016114],[106.827708999671003,-6.44804999960775],[106.827769999786,-6.44786900025412],[106.827825999669997,-6.44771500034693],[106.827902999624001,-6.44758199960955],[106.827917000268997,-6.44757700027827],[106.827920000408,-6.44757700027827],[106.828033000223002,-6.44748100034786],[106.828051000154005,-6.44747600011726],[106.828151000269003,-6.44736000016383],[106.828174000429996,-6.44723499979534],[106.828215999668998,-6.44713999991103],[106.828319999968002,-6.4469520002346],[106.828328000336995,-6.4469419997734],[106.828406000336997,-6.44675300005088],[106.828408999575998,-6.44674599972808],[106.828462000220995,-6.44656699956732],[106.828459000083001,-6.44644300014431],[106.828467999598999,-6.44631499963748]]]}},
{"type":"Feature","properties":{"FID":54,"Keterangan":"Trayek Angkot Ibukota Kabupaten Bogor","Nama":"73","id":null,"@id":null,"colour":null,"colour:back":null,"from":null,"name":null,"network":null,"old_ref":null,"operator":null,"ref":null,"roundtrip":null,"route":null,"to":null,"type":null,"via":null,"layer":"angkot-kabupaten-bogor","path":"C:/Users/Dzaka/Desktop/kuliah_smster_5/sig/tugas Akhir/frontend/public/rute/angkot-kabupaten-bogor.geojson"},"geometry":{"type":"MultiLineString","coordinates":[[[106.876329826260999,-6.4862645702537],[106.876853183128006,-6.48583312679733],[106.877184184002999,-6.48535921555532],[106.877362544746006,-6.48482607586266],[106.877447013568997,-6.48466882760425],[106.877996508332004,-6.4843420787239],[106.878843268601997,-6.48394085428697],[106.880133884770999,-6.48323816540898],[106.88092148314,-6.48277318083757],[106.881647643424003,-6.48222948310411],[106.882246877891006,-6.4818398985924],[106.882957282052999,-6.48137026722401],[106.882849738424994,-6.48092545444609],[106.882600093818994,-6.47997558690378],[106.882489057224007,-6.47956040498866],[106.882649796650995,-6.47883825478158],[106.882963259847003,-6.47823631335513],[106.884040218680994,-6.47662224432105],[106.886743669785005,-6.4726680493909],[106.887195446012996,-6.47200021283953],[106.887624594399995,-6.47223745309594],[106.887907504027993,-6.47237555209],[106.888169775115003,-6.47242534035712],[106.888961762175995,-6.47242622978661],[106.889227655732,-6.47244642136519],[106.889635570224996,-6.47261063577219],[106.889889467724998,-6.47275054690016],[106.890020749857996,-6.47290259527853],[106.890297610646002,-6.4734162421658],[106.890362494933001,-6.47351784127528],[106.890490374031998,-6.47361171790641],[106.890791580366994,-6.47375336742391],[106.891124324128,-6.47386700036174],[106.891447847140995,-6.47392188688554],[106.891731659688006,-6.47404370994923],[106.892182103121996,-6.47425278164053],[106.892514229048999,-6.47450139922017],[106.893029457842999,-6.47492397805911],[106.893403743088001,-6.47522918817646],[106.893618890599001,-6.47542506501469],[106.893828821143003,-6.47552411544552],[106.893979078971,-6.47569170141082],[106.894061360642993,-6.47583004771849],[106.896919549996994,-6.47512642444491],[106.897633965135,-6.47497488058622],[106.898074474656994,-6.47485225262932],[106.898503623043993,-6.4746297927307],[106.899113759992005,-6.47430694960599],[106.899643425603998,-6.47421974144788],[106.900090147642004,-6.47426919516715],[106.900381516294004,-6.47425763168428],[106.900905141159001,-6.47420675433818],[106.901079203142999,-6.47412325678283],[106.901470616875997,-6.47405822590633],[106.902125191124995,-6.47387771218661],[106.902434046194003,-6.47378281842231],[106.903165589820006,-6.47363803296878],[106.905864759251003,-6.47300989069385],[106.906995341062,-6.47271861107498],[106.907131249307994,-6.47276813134414],[106.907348778224005,-6.47302348574522],[106.907562696360998,-6.47327285515809],[106.907737565036996,-6.47341561264034],[106.907883915309995,-6.4734936782906],[106.908429883832,-6.4736877313037],[106.908964664788002,-6.47390431143475],[106.909291035053002,-6.47408813915627],[106.909485491862,-6.47423804265151],[106.909556690288994,-6.47438424993317],[106.909617272218995,-6.4746569360687],[106.909581624891999,-6.47485940583687],[106.909550630656994,-6.4750587459643],[106.909598646361005,-6.47547281361943],[106.909705174653993,-6.47562670021199],[106.909946811696003,-6.47580435588628],[106.910293227850005,-6.4759295127368],[106.911149449887006,-6.47632526389975],[106.911348093040004,-6.47676147466228],[106.911572774264002,-6.47762587333534],[106.911745980093002,-6.47843426762728],[106.911912065989,-6.4794121121792],[106.911990434711001,-6.47996429771411],[106.911980680664001,-6.48055761464218],[106.912030711748002,-6.4809029363214],[106.912122695305996,-6.48121121312693],[106.912381584941997,-6.48180335014445],[106.912504550145002,-6.48196441512562],[106.912651603689,-6.4821043127638],[106.912868582219005,-6.4822082051445],[106.913180523761994,-6.48229757797083],[106.913345427050004,-6.48238769183848],[106.913475969041002,-6.48252269986267],[106.913861964358006,-6.48318383916279],[106.914426101882995,-6.48400010162334],[106.915014492325,-6.48483293858919],[106.916264013073999,-6.4866583078346],[106.916895589860005,-6.48762833907654],[106.916768650552996,-6.4878640217072],[106.916620807404001,-6.48809282812147],[106.916381883617007,-6.4886243598263],[106.916248604090001,-6.48930965401729],[106.916115190564,-6.49024121226211],[106.916044716990001,-6.49083726312915],[106.915837183139999,-6.4920763724266],[106.915705643801004,-6.49272984680493],[106.915628542223004,-6.49322242167739],[106.915609345294996,-6.49348809579891],[106.915558358232005,-6.49386564288506],[106.915483686623006,-6.49417348621739],[106.915296865957998,-6.49514460743762]]]}},
{"type":"Feature","properties":{"FID":55,"Keterangan":"Trayek Angkot Ibukota Kabupaten Bogor","Nama":"Trayek 74","id":null,"@id":null,"colour":null,"colour:back":null,"from":null,"name":null,"network":null,"old_ref":null,"operator":null,"ref":null,"roundtrip":null,"route":null,"to":null,"type":null,"via":null,"layer":"angkot-kabupaten-bogor","path":"C:/Users/Dzaka/Desktop/kuliah_smster_5/sig/tugas Akhir/frontend/public/rute/angkot-kabupaten-bogor.geojson"},"geometry":{"type":"MultiLineString","coordinates":[[[106.876351828173995,-6.48627017213067],[106.876841705979999,-6.48585781768406],[106.877180292635998,-6.48536466274896],[106.877334424744006,-6.48490136080909],[106.877425853419993,-6.48471304636996],[106.877579274164006,-6.4845836177397],[106.878227224007006,-6.4842478099884],[106.878906631236006,-6.48391145005331],[106.879894996957006,-6.4833669654131],[106.880808752221995,-6.48285503533157],[106.881046231697994,-6.48269037665949],[106.881594125668002,-6.48226762425139],[106.882137673214999,-6.48191068872728],[106.882534671738,-6.48163345741807],[106.882761597669997,-6.48146293966289],[106.882958221845001,-6.48137368374847],[106.882623549038001,-6.48005158231462],[106.882466581368007,-6.47952491324412],[106.882527675012,-6.47928154230931],[106.882622674896993,-6.47888563196631],[106.882944803059999,-6.47826691638505],[106.883820891121005,-6.47691762934505],[106.885709338815005,-6.47420027472288],[106.886623267649995,-6.47279612723941],[106.887192563686,-6.47199461815706],[106.887432988442001,-6.47212827180226],[106.887719863181005,-6.47229262740279],[106.887872764117006,-6.47235333074156],[106.887956609710002,-6.47239077401497],[106.888157753876996,-6.4724198490967],[106.888380214674996,-6.47242654994528],[106.889074520972002,-6.47244053530244],[106.889229986775007,-6.47245413934701],[106.889677502015005,-6.47263001616227],[106.889893351897001,-6.47275607233485],[106.890031794432005,-6.47291712202753],[106.890174243447007,-6.47318839532812],[106.890286502219993,-6.47340323257311],[106.890361791662997,-6.47351972175773],[106.890484781148004,-6.47360369865174],[106.890640597685007,-6.47368488494942],[106.890966833952007,-6.47381199782541],[106.891152912677001,-6.47387883004393],[106.891368775149004,-6.47390922173315],[106.891495936588001,-6.47395031625405],[106.891806261149995,-6.47405674112565],[106.891981572291996,-6.47413959836371],[106.892220793755001,-6.47428978694404],[106.892474934969997,-6.47447857082932],[106.892793437967001,-6.47473055637005],[106.893367814273006,-6.47519635392854],[106.893483251250998,-6.47530534366661],[106.893634054068002,-6.47543755659791],[106.893832670242006,-6.47552318914381],[106.893967830251,-6.47567576632349],[106.894064183615001,-6.47582570669096],[106.895006078668004,-6.47562116218683],[106.896018592084005,-6.47535584419683],[106.896898617377005,-6.47515428813983],[106.897765982015002,-6.47494444303158],[106.898108308950995,-6.47484412185867],[106.898547168216993,-6.47460635819681],[106.898964666786,-6.47439867955535],[106.899158652349996,-6.47428891010509],[106.899567932913996,-6.47423134270224],[106.899678209582007,-6.47422568596659],[106.899917833941004,-6.47425503444225],[106.899461112341001,-6.47225216420594],[106.899387104431,-6.47170711838874],[106.899286737392998,-6.47124156274788],[106.899180034631001,-6.47104247622923],[106.899537504351997,-6.47066369167601],[106.900099588724999,-6.47005775725967],[106.900417341687003,-6.46977166043371],[106.900778778317999,-6.4695671078357],[106.900693858034998,-6.4693147904452],[106.900694517237994,-6.46883838178587],[106.900718503956,-6.46856668130727],[106.900767773314001,-6.46839605473411],[106.901105869839995,-6.46839008683298],[106.901421904198003,-6.46829137634592],[106.901844378714998,-6.46816953529577],[106.902195356231005,-6.46804518423784],[106.902408381341999,-6.46797377626871],[106.902780153880997,-6.4678500061728],[106.902981602018997,-6.46752602540568],[106.903252430156002,-6.46734167787611],[106.903506789006997,-6.46705511160405],[106.903735343611004,-6.4668335312424],[106.904025118663995,-6.46666551540119],[106.904207705320999,-6.4666437509083],[106.904556368881003,-6.46657984958034],[106.904832499419996,-6.46637988982002],[106.905284468104,-6.46603291158954],[106.905743497364995,-6.46567026537042],[106.905942540715998,-6.46551885910799],[106.906224128340995,-6.46537453770469],[106.906461354208005,-6.46531217511677],[106.906715884830007,-6.46532127535653],[106.907037860109,-6.46533684082249],[106.907308281751995,-6.46536034100689],[106.907598886879001,-6.46538658142555],[106.907754306816003,-6.46538669563944],[106.907936582307997,-6.46533256004955],[106.908125841035002,-6.46531028743976],[106.908296484695001,-6.4653250066437],[106.908492362432995,-6.4654026073444],[106.908918355997002,-6.46559038758625],[106.909210677030998,-6.4657212857087],[106.909498963706,-6.46591588640899],[106.909762697990004,-6.46606535912895],[106.910042699211004,-6.46616398777775],[106.910337881887997,-6.46623359620344],[106.910408311395003,-6.46626368032452],[106.910505472349996,-6.46610899243598],[106.910537313746005,-6.46592783210372],[106.910545423832005,-6.46563884125948],[106.910577945116003,-6.4654074322072],[106.910627351171001,-6.46524939884063],[106.910740148638993,-6.46513006060377],[106.910859689223003,-6.46502801183323],[106.911143562025998,-6.46486887319992],[106.911366832214,-6.46473401176519],[106.911520431023007,-6.46461824203817],[106.911693548718006,-6.46454942141861],[106.911862657236,-6.46451445757612],[106.912033925925002,-6.46455524542819],[106.912249195743996,-6.46463469873231],[106.912420349320001,-6.46469196036566],[106.912556909573993,-6.46470059026001],[106.912959089091004,-6.4647313200943],[106.913355156815001,-6.46477032998672],[106.913599392898007,-6.4648637821378],[106.913803357339006,-6.46492915835393],[106.913978876223993,-6.46497203533113],[106.914155825031003,-6.46497236088572],[106.914326815829995,-6.46497393200133],[106.914578414662003,-6.46500824383531],[106.914775109882996,-6.46506417087471]]]}},
{"type":"Feature","properties":{"FID":59,"Keterangan":"Trayek Angkot Ibukota Kabupaten Bogor","Nama":"Trayek 88 Kodim 0621 - Terminal Bojong Gede","id":null,"@id":null,"colour":null,"colour:back":null,"from":null,"name":null,"network":null,"old_ref":null,"operator":null,"ref":null,"roundtrip":null,"route":null,"to":null,"type":null,"via":null,"layer":"angkot-kabupaten-bogor","path":"C:/Users/Dzaka/Desktop/kuliah_smster_5/sig/tugas Akhir/frontend/public/rute/angkot-kabupaten-bogor.geojson"},"geometry":{"type":"MultiLineString","coordinates":[[[106.824075000261004,-6.4812390003795],[106.823669999570996,-6.48124099957244],[106.823276000286995,-6.48125400017193],[106.823449000170996,-6.48177900010074],[106.823578999871003,-6.48214099970733],[106.823719000032,-6.48257599998237],[106.823826999616003,-6.48287400023486],[106.823845000445999,-6.4832299995648],[106.823890999870002,-6.48336200025608],[106.824112000168995,-6.48365999960924],[106.824248000145005,-6.48391499967744],[106.824255999615005,-6.48421199988383],[106.824165999960996,-6.48454399990561],[106.824036000261003,-6.4848739998352],[106.824045999822999,-6.48519600029511],[106.824017000284002,-6.48535699962577],[106.824008999914994,-6.4857390001547],[106.823969999916002,-6.48596099960042],[106.823841000261993,-6.48625299957621],[106.823652999686004,-6.48643299978306],[106.823558999848004,-6.48683300024271],[106.823504000010004,-6.48721299978007],[106.823434000378995,-6.48748799987123],[106.823341999733998,-6.48778500007762],[106.823318999571995,-6.48802300026119],[106.823435999571998,-6.48829200007572],[106.823696999917004,-6.48855699970574],[106.823739000054999,-6.48886400037327],[106.823823000331004,-6.48921200023358],[106.823747999570998,-6.48951599986344],[106.823787999616997,-6.48981300006983],[106.823673999755002,-6.49046400041323],[106.823400999756004,-6.4907320001816],[106.823239000379999,-6.49118400034132],[106.823107999734006,-6.49146499980986],[106.822923000195999,-6.49194899964658],[106.822824000127994,-6.49231300024474],[106.822785000127993,-6.49249899982891],[106.822689000197002,-6.4928299998046],[106.822577999575003,-6.4930130001498],[106.822517000358999,-6.49326900026409],[106.822476000267002,-6.49354500040141],[106.822496000290002,-6.4938360003311],[106.822466999851997,-6.4940419999383],[106.822362000406002,-6.49429499991425],[106.822398000267995,-6.4946880000511],[106.822441999598993,-6.49487999991203],[106.822516000313001,-6.49522699972619],[106.822557000404998,-6.49551699960978],[106.822594000313003,-6.49602299956172],[106.822608000059006,-6.49646800029791],[106.822826000220005,-6.49690599981199],[106.823132999988005,-6.49734899955666],[106.823388000055999,-6.49775899957814],[106.823483999987005,-6.49801299960018],[106.823572000447996,-6.49824200026808],[106.823495999640997,-6.49854499985179],[106.823401999802996,-6.49889399975825],[106.823268999964,-6.49925300012581],[106.823226999826005,-6.49974200019312],[106.823184999687996,-6.5003579998218],[106.823153000011004,-6.50062300035114],[106.823246999849005,-6.5009750003959],[106.823416999594997,-6.50117699981865],[106.823668000378007,-6.50139199984085],[106.823743000239006,-6.50155600020918],[106.823706000331995,-6.501778999701],[106.823550000332006,-6.50212000013784],[106.823556999755994,-6.5024649998598],[106.823613999686003,-6.50271899988189],[106.823653999732002,-6.50298999978861],[106.823671999663006,-6.50326599992593],[106.823651999640006,-6.5035110004323],[106.823575999732995,-6.503925999785],[106.823512000378997,-6.5042870002448],[106.823541999962998,-6.50454999978263],[106.823591999570993,-6.50481200017362],[106.823662000100995,-6.50524200021806],[106.823669999570996,-6.50560099968635],[106.823759000077999,-6.50584300005437],[106.823885999639003,-6.50592999956979],[106.824100999660999,-6.50595099963886],[106.824212000284007,-6.50612799970736],[106.824339999890995,-6.50632099961439],[106.824346000168006,-6.50632299970664],[106.824501000121003,-6.50639500032895],[106.824641000282,-6.50647599956767],[106.824685999658996,-6.50680799958946],[106.824923999842994,-6.50700899986538],[106.825167000256997,-6.5072900002333],[106.825323000256006,-6.50759499990926],[106.825381000232994,-6.50789100006955],[106.825470999887003,-6.50805300034563],[106.825489999864004,-6.50833199972198],[106.825587999885997,-6.50854699974417],[106.825688000000994,-6.50875400029685],[106.825630000025001,-6.50900800031889],[106.825584999748003,-6.509141000157],[106.825454000001997,-6.50935700022535],[106.825241000071998,-6.50963799969389],[106.825177999865005,-6.5099869996003],[106.825151999564994,-6.51038099978325],[106.825169000349007,-6.51068899959762],[106.825175999772995,-6.51105600033412],[106.825227000325995,-6.51135799987173],[106.825307999564998,-6.5116319999168],[106.825217999911004,-6.51201699968476],[106.825208000348994,-6.51230200023707],[106.825164000119003,-6.51303299977309],[106.825035999611998,-6.51336599984097],[106.824923999842994,-6.51380200016212],[106.824851000074005,-6.51411500020703],[106.824687999751006,-6.51400399958487],[106.824405000191007,-6.51385299981604],[106.824140999706998,-6.51378300018524],[106.823825000423,-6.51370400013946],[106.823636999848006,-6.51361699972472],[106.823384999918005,-6.51350199981738],[106.823056000034001,-6.51341500030196],[106.822744000035996,-6.51326200044093],[106.822531000105997,-6.51305599993441],[106.822170999692005,-6.51292400014245],[106.821856999600996,-6.51280900023511],[106.821488999717999,-6.51272399991262],[106.821113000365003,-6.51288300005035],[106.820765999651002,-6.51307299981903],[106.820438999860002,-6.51325099993363],[106.819881000207999,-6.51381399981619],[106.819285999748999,-6.51450100002109],[106.818443999590997,-6.5154640003633],[106.817752000054995,-6.51598300001541],[106.817634000008994,-6.51614000006089],[106.817583000355,-6.51644899992135],[106.817522000240004,-6.51681399966628],[106.817443000194004,-6.51729900044847],[106.817359999963998,-6.51787099984671],[106.817262999988003,-6.51859600000535],[106.817192000310996,-6.51912900030305],[106.817085999919001,-6.51974700002398],[106.816980000426994,-6.52053400034379],[106.816893000012001,-6.52143699971771],[106.816881000357995,-6.52202900003829],[106.816780000196999,-6.52221999985306],[106.816671999712995,-6.52229299962221],[106.816415999599002,-6.52226300003736],[106.815661999900996,-6.52229299962221],[106.815082000133998,-6.52242000008289],[106.814655000228001,-6.52243599992141],[106.814385000368006,-6.52232100001407],[106.814181999998993,-6.52220299996844],[106.813728999793994,-6.52217100029139],[106.813199999679995,-6.52214800013007],[106.812677999889999,-6.52210700003798],[106.812440999751999,-6.52199500026899],[106.812269999961003,-6.52178300038509],[106.812265999776002,-6.52155099957895],[106.812199000283996,-6.52139400043274],[106.811916999869993,-6.52137999978709],[106.810506999598005,-6.52156400017844],[106.810381000082998,-6.52148300004035],[106.810328000336995,-6.52126099969536],[106.810290000383006,-6.52099399997309],[106.809971000062006,-6.52063599965163],[106.809741000247001,-6.52042399976773],[106.809191000064999,-6.51973999970119],[106.809024999604006,-6.51895699956583],[106.808953999926999,-6.51873400007401],[106.808713999651005,-6.51862999977465],[106.808477000413006,-6.51835499968342],[106.808304999675997,-6.51828600009878],[106.808208999746,-6.51825699966076],[106.808186999629996,-6.51786499957001],[106.808174999976004,-6.51722699982611],[106.808147999631004,-6.51644899992135],[106.807938999884996,-6.5154859995792],[106.807697000415999,-6.51472499955901],[106.807405999587004,-6.51366099995516],[106.807268000418006,-6.51318000025674],[106.807189000372006,-6.51272099977427],[106.807144000096002,-6.51223299975311],[106.807093999588005,-6.51186900005428],[106.807014000395995,-6.51109700042616],[106.806967000027001,-6.51023400019892],[106.806972000258,-6.50954800004013],[106.807015000441993,-6.50878900011225],[106.807004999981004,-6.50865999955931],[106.807070000280007,-6.50834600036757],[106.807116999749994,-6.50769800016252],[106.806909000049998,-6.50725100023345],[106.806638000144005,-6.50681599995841],[106.806603000327996,-6.50651999979812],[106.806627999683002,-6.50615600009928],[106.806786999820005,-6.5055770003782],[106.806996999611997,-6.50505200044944],[106.807268000418006,-6.50462399959787],[106.807591000024999,-6.50417699966874],[106.808046000323003,-6.50363199971696],[106.808520999744005,-6.50305700018038],[106.809147999879997,-6.50229900029859],[106.808815999858993,-6.50205099965388],[106.808649000250995,-6.50201899997683],[106.808467999998001,-6.50207099967685],[106.808060000069005,-6.50211599995339],[106.808049999608002,-6.50211599995339],[106.807705999931997,-6.50206600034557],[106.807530999956001,-6.50202900043797],[106.807380000186996,-6.50196400013846],[106.807178999911002,-6.50185799974685],[106.806880999658006,-6.50146100032487],[106.806584000350995,-6.50116500016458],[106.806280999867994,-6.50094099972733],[106.805875000030994,-6.5005840003513],[106.805667000331994,-6.50042700030576],[106.805229999964993,-6.50004899996134],[106.804800999966005,-6.49971699993955],[106.804632000267006,-6.49988499959301],[106.804481999645006,-6.4997549998933],[106.804497000335999,-6.49961100044726],[106.804598999644,-6.49925100003355],[106.804633000313004,-6.49894600035759],[106.804635000405,-6.49850599985194],[106.804635999552005,-6.4980810000381],[106.804759999873994,-6.49754699969424],[106.804842000058002,-6.49711200031851],[106.804903000172999,-6.49662500034344],[106.804747000174004,-6.49632299990645],[106.804585999943995,-6.49583699997754],[106.804207999599996,-6.49569000039315],[106.803739999601007,-6.49547100018646],[106.803415999948996,-6.49556199988632],[106.803065999995994,-6.49563000032418],[106.802905999811998,-6.49558099986319],[106.802764999605003,-6.49563499965547],[106.802552999721001,-6.49599700016137],[106.802371000321003,-6.4963549995835],[106.802205999907002,-6.49666000015884],[106.802054000091999,-6.49677500006618],[106.801704000140006,-6.49642199997527],[106.801297000256,-6.49600200039197],[106.801032999773,-6.49577199967797],[106.800610000052004,-6.49552600002482],[106.800150000421993,-6.49535900041747],[106.799786999869994,-6.49629000018331],[106.799487000425003,-6.49703699955785],[106.799397999918,-6.49719399960333],[106.798553999667007,-6.49684699978917],[106.797897999992998,-6.49656600032063],[106.797279000225998,-6.49641200041344],[106.796718000435007,-6.49627300029869],[106.796548999837,-6.49615200011465],[106.796100999860997,-6.49616799995317],[106.795828999907997,-6.49598799974632],[106.795143999795997,-6.49604699976919],[106.794690999590003,-6.49608699981513],[106.794712999704998,-6.49538099963337],[106.794803000258,-6.4948700003502],[106.794806000397003,-6.49417099959192],[106.794815999958004,-6.49355099977879],[106.794835999981998,-6.49276300031215],[106.794553999567,-6.49173599971658],[106.794542999960001,-6.49164099983221],[106.794070999777006,-6.49169599967058],[106.793764000009006,-6.49112999964973]]]}},
{"type":"Feature","properties":{"FID":63,"Keterangan":"Trayek Angkot Ibukota Kabupaten Bogor","Nama":"Trayek 112 Pangkalan Jampang - Pangkalan Pabuaran","id":null,"@id":null,"colour":null,"colour:back":null,"from":null,"name":null,"network":null,"old_ref":null,"operator":null,"ref":null,"roundtrip":null,"route":null,"to":null,"type":null,"via":null,"layer":"angkot-kabupaten-bogor","path":"C:/Users/Dzaka/Desktop/kuliah_smster_5/sig/tugas Akhir/frontend/public/rute/angkot-kabupaten-bogor.geojson"},"geometry":{"type":"MultiLineString","coordinates":[[[106.680533700370006,-6.38518159965105],[106.680651700416007,-6.38559740029973],[106.680946699630994,-6.38607189969838],[106.681515299590998,-6.38672230019392],[106.683510899707997,-6.38937719959802],[106.683543099933999,-6.38962239975388],[106.683468000247998,-6.38975040026071],[106.682695499697999,-6.3907312998096],[106.682802799610002,-6.39089120016871],[106.686600800286996,-6.39635020010161],[106.691879399814994,-6.40394149980034],[106.694282700385997,-6.40714009963585],[106.694926400032998,-6.4080783002733],[106.695655900399998,-6.4087607004459],[106.695917499692996,-6.40918580008457],[106.695960499877003,-6.40942030010672],[106.695799499646995,-6.41093429977809],[106.695509800137003,-6.4145379003038],[106.695391800091997,-6.41481510013671],[106.694696699692997,-6.41630179998805],[106.693988599593993,-6.41777309984866],[106.693816900130003,-6.41839139994312],[106.693237600035005,-6.42186709978677],[106.692851299848002,-6.42338099963337],[106.692808400386994,-6.42790150035393],[106.692808400386994,-6.42965000004745],[106.693087399763996,-6.43041760019207],[106.69521170006,-6.43510849995727],[106.695233100327002,-6.43570560033317],[106.695190199967996,-6.44148390006188],[106.695737600209995,-6.4431734995573],[106.696166799858005,-6.44421830043416],[106.696445700308999,-6.44470869984656],[106.697947800150999,-6.44605200009966],[106.698312500422006,-6.44645709971536],[106.698484199885996,-6.44696879957041],[106.699857499724004,-6.45236330012614],[106.699943300442996,-6.45272569993108],[106.700286600446006,-6.4527897001845],[106.701638500016998,-6.45304559957469],[106.702646999758997,-6.45317350025681],[106.704063199957005,-6.45398370038743],[106.704406499960001,-6.45436749956042],[106.705479400154005,-6.45624380011122],[106.705629600425993,-6.45660629974088],[106.705565199974004,-6.45690480001645],[106.705479400154005,-6.45809880021943],[106.705543799707002,-6.45863179961782],[106.705801299889998,-6.45920749972629],[106.706187500252994,-6.4599110996175],[106.706757799933001,-6.46065909993746],[106.706800700292007,-6.46114950024918],[106.706779200200003,-6.46166120010423],[106.706886500112006,-6.46238610043815],[106.707165399664007,-6.46285520030722],[106.710491400158006,-6.46526450025641],[106.711178000165006,-6.46566959987212],[106.711371199721,-6.466031999677],[106.711564300351995,-6.46633049995256],[106.711735899991993,-6.46679959982163],[106.711950499815998,-6.46741789991609],[106.712165099640004,-6.4679722995819],[106.712572800095003,-6.46822810004676],[106.713299099774005,-6.46839620042425],[106.714253999921993,-6.46858809956109],[106.715085499596,-6.46875860022919],[106.716898600289994,-6.46970740027626],[106.718030499608005,-6.4703736998863],[106.718159299611997,-6.47061890004216],[106.718169999745996,-6.47089609987506],[106.718127100285997,-6.47205810040094],[106.718624800393997,-6.47254279991023],[106.720019499599999,-6.47316110000469],[106.721242600066006,-6.47356619962039],[106.723431299915006,-6.47429109995426],[106.728001800243007,-6.47574089972272]]]}},
{"type":"Feature","properties":{"FID":66,"Keterangan":"Trayek Angkot Ibukota Kabupaten Bogor","Nama":"Trayek 33 Pasar Citeureup","id":null,"@id":null,"colour":null,"colour:back":null,"from":null,"name":null,"network":null,"old_ref":null,"operator":null,"ref":null,"roundtrip":null,"route":null,"to":null,"type":null,"via":null,"layer":"angkot-kabupaten-bogor","path":"C:/Users/Dzaka/Desktop/kuliah_smster_5/sig/tugas Akhir/frontend/public/rute/angkot-kabupaten-bogor.geojson"},"geometry":{"type":"MultiLineString","coordinates":[[[106.876351837168002,-6.4862701640368],[106.876351828173995,-6.48627017213067],[106.877522025120996,-6.4867437740059],[106.877782249351,-6.48684718165208],[106.877861046150002,-6.48687849334772],[106.877945809051994,-6.48691217565636],[106.878967946114003,-6.48731834996181],[106.879563339577004,-6.4875516179128],[106.880023989416003,-6.48770223906701],[106.880615002281004,-6.4878885516153],[106.881051928903005,-6.48803273452302],[106.881669147113001,-6.48823641208071],[106.881674693232995,-6.4882189859174],[106.882006555657995,-6.4871761896294],[106.882008963142994,-6.48716862543165],[106.882330984288004,-6.48615675503015],[106.882510408029006,-6.48546296854113],[106.882724281201007,-6.48480168894673],[106.882816423039998,-6.48435407837798],[106.883048851922993,-6.48317496735081],[106.883110294505002,-6.48273923232966],[106.883113107583995,-6.4823198703657],[106.883095728184998,-6.48184911664339],[106.883047691797998,-6.48167307075556],[106.882994522979004,-6.48147821464784]]]}},
{"type":"Feature","properties":{"FID":null,"Keterangan":null,"Nama":null,"id":"relation/2216572","@id":"relation/2216572","colour":null,"colour:back":null,"from":null,"name":"09","network":"Angkot","old_ref":null,"operator":null,"ref":null,"roundtrip":null,"route":"bus","to":null,"type":"route","via":null,"layer":"angkot-kota-bogor","path":"C:/Users/Dzaka/Desktop/kuliah_smster_5/sig/tugas Akhir/frontend/public/rute/angkot-kota-bogor.geojson|geometrytype=MultiLineString"},"geometry":{"type":"MultiLineString","coordinates":[[[106.8091722,-6.5682625],[106.8091986,-6.56809],[106.8092562,-6.5679211],[106.8093322,-6.5677421],[106.809467,-6.5673722],[106.8095382,-6.5671981],[106.8096287,-6.566973],[106.8097003,-6.5667935],[106.8099037,-6.5662839],[106.8100242,-6.5659366],[106.8101985,-6.5654691],[106.8102005,-6.5654622],[106.8103189,-6.5650416],[106.8103995,-6.5647564],[106.810479,-6.5645401],[106.810525,-6.5644214],[106.8105396,-6.5643699],[106.8105659,-6.5642739],[106.8106333,-6.5639413],[106.8106725,-6.5638103]],[[106.8047056,-6.5926847],[106.8046731,-6.5926414],[106.8046906,-6.5921871],[106.8046958,-6.5916901],[106.8046953,-6.591457],[106.8046879,-6.5911812],[106.8046899,-6.5910801],[106.8046918,-6.5907716],[106.8046946,-6.590294],[106.8047087,-6.5900049],[106.8047302,-6.5897611],[106.804765,-6.5895013],[106.8048509,-6.5891063],[106.8049175,-6.5888441],[106.8049866,-6.5885718],[106.8050062,-6.5885022],[106.8051016,-6.5881624],[106.8051566,-6.5879839],[106.8052238,-6.587732],[106.805449,-6.5870126],[106.8055053,-6.5868209],[106.8056073,-6.5864538],[106.805639,-6.5863398],[106.805685,-6.5861746],[106.8057427,-6.5858202],[106.8058204,-6.5854033],[106.805972,-6.5845906],[106.8060725,-6.5840816],[106.8060968,-6.5839464],[106.8061068,-6.5838907],[106.806141,-6.5837006],[106.8061874,-6.5834535],[106.8064353,-6.5822611],[106.8066372,-6.5811757],[106.8066995,-6.5808676],[106.8067176,-6.5807891]]]}},
{"type":"Feature","properties":{"FID":null,"Keterangan":null,"Nama":null,"id":"relation/15587765","@id":"relation/15587765","colour":"#04ff00","colour:back":null,"from":"Mall Yogya Cimanggu","name":"Cimanggu–Pasar Anyar","network":"Angkutan Kota Bogor","old_ref":null,"operator":null,"ref":"12","roundtrip":null,"route":"bus","to":"Pasar Anyar","type":"route","via":"Cimanggu Barata","layer":"angkot-kota-bogor","path":"C:/Users/Dzaka/Desktop/kuliah_smster_5/sig/tugas Akhir/frontend/public/rute/angkot-kota-bogor.geojson|geometrytype=MultiLineString"},"geometry":{"type":"MultiLineString","coordinates":[[[106.789718,-6.5958196],[106.7897767,-6.5958335],[106.7898403,-6.5958486],[106.7899681,-6.5958788],[106.7900398,-6.5958957],[106.7900558,-6.5958995],[106.7905077,-6.5960063],[106.790561,-6.5960184],[106.7906135,-6.59603],[106.791057,-6.5961231],[106.7911277,-6.5961377],[106.7915712,-6.5962295],[106.7915786,-6.5962043],[106.7915835,-6.5961818],[106.7916224,-6.5960007],[106.7916851,-6.5957088],[106.7917123,-6.5955819],[106.7917686,-6.5953199],[106.7919297,-6.5945702],[106.7919308,-6.5945649],[106.7920163,-6.5941669],[106.7920393,-6.59406],[106.7920993,-6.593784],[106.7922356,-6.5931567],[106.7923195,-6.5927558],[106.7923621,-6.5925535],[106.7924844,-6.591988],[106.7926309,-6.5919909],[106.7938075,-6.5919486],[106.7941443,-6.5919383],[106.7943479,-6.5919321],[106.7946008,-6.5919244],[106.79498,-6.5919128],[106.7950918,-6.5919094],[106.7956191,-6.5918933],[106.7961539,-6.591877],[106.7969085,-6.591854],[106.7969189,-6.5918537],[106.796981,-6.5918524],[106.7970489,-6.5918507],[106.7971212,-6.5918487],[106.7971139,-6.5916262],[106.797111,-6.5915363],[106.7971064,-6.5913976],[106.7970922,-6.5909622],[106.7970817,-6.5906405],[106.7970806,-6.5906077],[106.7970648,-6.5901243],[106.7970615,-6.5900234],[106.7970591,-6.5899501],[106.7970458,-6.5895413],[106.7970431,-6.5894601],[106.7970369,-6.5892709],[106.7970179,-6.5886874],[106.7970163,-6.5886389],[106.7970075,-6.5883711],[106.7970031,-6.5882369],[106.7970014,-6.5881837],[106.7969965,-6.5880353],[106.7969909,-6.5878638],[106.7969839,-6.5876498],[106.7969787,-6.5874896],[106.7969782,-6.5874751],[106.7969681,-6.587166],[106.7969632,-6.587014],[106.796958,-6.5868557],[106.7969522,-6.5866793],[106.7969481,-6.5865537],[106.7969203,-6.5857039],[106.7969106,-6.5854067],[106.7969047,-6.5852239],[106.7969017,-6.5851326],[106.7968943,-6.5849072],[106.7968877,-6.5847047],[106.7968866,-6.5846718],[106.7968517,-6.5836021],[106.7968486,-6.5835075],[106.7968466,-6.5834472],[106.7968187,-6.5825935],[106.7968063,-6.5822145],[106.7967907,-6.5817381],[106.7967883,-6.581664],[106.7966967,-6.5814162],[106.7966255,-6.5813376],[106.7965625,-6.5812919],[106.7964582,-6.5812583],[106.7964099,-6.5812681],[106.7962768,-6.5812949],[106.7962047,-6.5813095],[106.796076,-6.5813355],[106.7959835,-6.5813542],[106.7958897,-6.5813731],[106.7956818,-6.5814151],[106.7953632,-6.5814795],[106.7950984,-6.5815329],[106.7949079,-6.5815714],[106.7947383,-6.5816092],[106.7946857,-6.5816195],[106.7946276,-6.581631],[106.7941529,-6.5817209],[106.7937492,-6.5818275],[106.7934622,-6.5819301],[106.7933455,-6.5819927],[106.7932409,-6.582098],[106.7932127,-6.5821552],[106.7931966,-6.5822445],[106.7931886,-6.5824537],[106.7931752,-6.5825429],[106.7931215,-6.5826509],[106.7930451,-6.5827401],[106.7928949,-6.582876],[106.7927407,-6.5829693],[106.7926146,-6.5830359],[106.7924201,-6.5831078],[106.7922405,-6.5831491],[106.792181,-6.5831619],[106.7921483,-6.5831637],[106.7920353,-6.5831631],[106.7917212,-6.583153],[106.7916416,-6.5831504],[106.791586,-6.5831465],[106.7915331,-6.5831407],[106.7915161,-6.5831388],[106.7914641,-6.5831373],[106.7913875,-6.5831245],[106.7912896,-6.5830872],[106.7912765,-6.5830806],[106.7911553,-6.5830197],[106.7910462,-6.5829766],[106.7909597,-6.5829579],[106.7908001,-6.5829246],[106.7906325,-6.5829126],[106.7905818,-6.5829112],[106.7903749,-6.5829053],[106.7903404,-6.5829061],[106.7902918,-6.5829073],[106.7901507,-6.582905],[106.7889869,-6.5828707],[106.7883509,-6.5828457],[106.7877636,-6.5828244],[106.7877642,-6.5827796],[106.7877736,-6.5820116],[106.7877725,-6.5819134],[106.7878014,-6.5813634],[106.7878433,-6.5799302],[106.7878533,-6.5795761],[106.7878582,-6.5791647],[106.787874,-6.5786178],[106.7878755,-6.5785672],[106.7878771,-6.578513],[106.7878867,-6.5780416],[106.7879015,-6.5773241],[106.7879237,-6.576176],[106.7879269,-6.5760875],[106.787965,-6.5750596],[106.787979,-6.5742981],[106.7879945,-6.5740836],[106.7879949,-6.5740697],[106.7879971,-6.5740005],[106.7880056,-6.5737349],[106.788026,-6.5732756],[106.7880257,-6.5730518],[106.7880133,-6.5729958],[106.7879985,-6.5728107],[106.7879583,-6.5725762],[106.7879083,-6.5723481],[106.7878717,-6.5720853],[106.7878698,-6.571928],[106.7878517,-6.5718208],[106.7877878,-6.5711883],[106.7877624,-6.5709496],[106.7877613,-6.5709359],[106.7876646,-6.5701314],[106.787893,-6.5701489],[106.7884183,-6.5701621],[106.7884746,-6.5701581],[106.788593,-6.5701084],[106.7887576,-6.5700368],[106.7888314,-6.5699949],[106.7888934,-6.5699629],[106.7893316,-6.5697431],[106.789547,-6.5696352],[106.7898952,-6.5694959],[106.7901459,-6.569477],[106.7906138,-6.569468],[106.7908715,-6.5694714],[106.7910857,-6.5694693],[106.7911654,-6.5694669],[106.7912598,-6.5694549],[106.7915367,-6.5694426],[106.7917184,-6.569416],[106.7917516,-6.5694058],[106.7919213,-6.5693534],[106.79243,-6.5689595],[106.7927068,-6.5686879],[106.7928023,-6.568602],[106.7927823,-6.5685706],[106.7927198,-6.568482],[106.792669,-6.5684287],[106.7926355,-6.5683885],[106.7926143,-6.5683667],[106.7923996,-6.5682418],[106.7923197,-6.5682177],[106.7921739,-6.5681117],[106.7920506,-6.5680527],[106.7917161,-6.5679704],[106.7913694,-6.5679424],[106.7902938,-6.5677419],[106.7902436,-6.5677346],[106.7898922,-6.5676872],[106.7897111,-6.567656],[106.7896293,-6.5676114],[106.7894975,-6.5674515],[106.7894963,-6.5674166],[106.78953,-6.567172],[106.7895654,-6.5668118],[106.7896006,-6.5661292],[106.7896166,-6.5657709],[106.7897573,-6.5647407],[106.7897896,-6.5644378],[106.7898263,-6.5640123],[106.7898674,-6.5636204],[106.7898938,-6.5633706],[106.7899096,-6.5632154],[106.7899404,-6.5628637],[106.7899807,-6.5624565],[106.7899867,-6.5621369],[106.7899907,-6.5620376],[106.7900644,-6.561644],[106.7901564,-6.5609864],[106.7901667,-6.5608809]],[[106.7877636,-6.5828244],[106.7877616,-6.5829744],[106.7877419,-6.5834698],[106.7877319,-6.5840014],[106.7877282,-6.5841951],[106.7877244,-6.5844348],[106.7877137,-6.5849622],[106.7877105,-6.5851288],[106.7877066,-6.5852634],[106.7876959,-6.585636],[106.7876795,-6.5857925],[106.7876646,-6.5860241],[106.7876617,-6.5863208],[106.7876659,-6.5866822],[106.7876786,-6.5868921],[106.7876905,-6.5870811],[106.7877013,-6.5872322],[106.7877182,-6.5874849],[106.7877215,-6.5875345],[106.7877381,-6.5877832],[106.7877477,-6.5879273],[106.7877785,-6.5889831],[106.7877759,-6.5890357],[106.7877806,-6.5892931],[106.7877799,-6.5894374],[106.7877787,-6.5895629],[106.7877772,-6.5896172],[106.7877718,-6.5897776],[106.7877737,-6.5900282],[106.7877759,-6.5903153],[106.7887764,-6.5903462],[106.7894409,-6.5903959],[106.7895911,-6.5904157],[106.7897949,-6.5904512],[106.7899381,-6.5904775],[106.7900164,-6.5904931],[106.790199,-6.5905296],[106.7903904,-6.5905678],[106.7905379,-6.5905924],[106.7906243,-6.5906069],[106.7906166,-6.5906435],[106.7905292,-6.5910589],[106.790444,-6.5914637],[106.7904423,-6.5914718],[106.7904251,-6.5915534],[106.7903981,-6.5916815],[106.7903876,-6.5917315],[106.7903793,-6.5917654],[106.7902407,-6.5923326],[106.7902106,-6.5924555],[106.7900281,-6.5933698],[106.7899868,-6.5935945],[106.789927,-6.5939204],[106.7899222,-6.5939431],[106.7898165,-6.5944455],[106.7896011,-6.5954824],[106.78958,-6.5955823],[106.7896269,-6.5957108],[106.7897767,-6.5958335]]]}},
{"type":"Feature","properties":{"FID":null,"Keterangan":null,"Nama":null,"id":"relation/20236061","@id":"relation/20236061","colour":"#04ff00","colour:back":null,"from":"Cipinang Gading","name":"Cipinang Gading–Perumahan Yasmin","network":"Angkutan Kota Bogor","old_ref":null,"operator":null,"ref":"01","roundtrip":"yes","route":"bus","to":"Perumahan Yasmin","type":"route","via":null,"layer":"angkot-kota-bogor","path":"C:/Users/Dzaka/Desktop/kuliah_smster_5/sig/tugas Akhir/frontend/public/rute/angkot-kota-bogor.geojson|geometrytype=MultiLineString"},"geometry":{"type":"MultiLineString","coordinates":[[[106.7674866,-6.5703835],[106.767466,-6.5703482],[106.7674483,-6.5703178],[106.7672777,-6.5703995],[106.7673326,-6.5704722],[106.767393,-6.5705406],[106.7676865,-6.5709102],[106.7677327,-6.5709684],[106.7680114,-6.5713371],[106.7686327,-6.5721551],[106.7688098,-6.5723669],[106.7688981,-6.5724755],[106.7689207,-6.5725034],[106.7691517,-6.5727878],[106.7694795,-6.573207],[106.7696857,-6.5734708],[106.7699361,-6.5738025],[106.7701728,-6.5740932],[106.7703763,-6.5743522],[106.7704585,-6.5744568],[106.7705745,-6.5746023],[106.7708776,-6.5750024],[106.7710285,-6.575196],[106.7710636,-6.5752409],[106.7713233,-6.5755742],[106.7714105,-6.5756876],[106.771544,-6.5758737],[106.7717064,-6.576064],[106.7719665,-6.5764016],[106.7721115,-6.5765443],[106.7721603,-6.576601],[106.772282,-6.5767536],[106.7723968,-6.5769012],[106.7725558,-6.5771218],[106.7725964,-6.5771791],[106.7726277,-6.5772146],[106.772679,-6.5772768],[106.7727244,-6.5773275],[106.7729002,-6.5775238],[106.7729108,-6.5775563],[106.7729198,-6.5775762],[106.7729305,-6.5775951],[106.7729473,-6.5776135],[106.7733409,-6.577934],[106.7737486,-6.5782657],[106.7741751,-6.5786147],[106.7743977,-6.5788073],[106.7750515,-6.5793595],[106.7753519,-6.57959],[106.7756832,-6.5798278],[106.7758256,-6.5798851],[106.7759706,-6.5800487],[106.7761196,-6.5801838],[106.7763168,-6.5803554],[106.7766511,-6.5807134],[106.7767389,-6.5807923],[106.7768355,-6.5808699],[106.7769616,-6.5809692],[106.777339,-6.5812622],[106.7773709,-6.5812851],[106.7774064,-6.5813087],[106.7779441,-6.5815747],[106.7780264,-6.581618],[106.7783674,-6.5818082],[106.7784412,-6.5818541],[106.7785042,-6.5818888],[106.7785498,-6.5819208],[106.7785974,-6.5819567],[106.7786443,-6.5819987],[106.7787255,-6.5820667],[106.7789622,-6.5823095],[106.7790712,-6.5824196],[106.7790975,-6.5824495],[106.7795474,-6.5829281],[106.7797787,-6.5831741],[106.7799451,-6.5833567],[106.7800198,-6.5834455],[106.7801759,-6.5836274],[106.7804191,-6.5839013],[106.7812746,-6.5848854],[106.7814195,-6.5850196],[106.7814588,-6.5850601],[106.7817131,-6.5853223],[106.7820073,-6.5855662],[106.7820646,-6.5856203],[106.7827587,-6.5862094],[106.7829181,-6.5863521],[106.7830283,-6.5864352],[106.7831345,-6.5865224],[106.783199,-6.5865818],[106.783854,-6.5870913],[106.7845325,-6.587582],[106.7846254,-6.5876614],[106.7846739,-6.5877088],[106.7847226,-6.5877533],[106.7847725,-6.5878061],[106.7848396,-6.5879068],[106.7848735,-6.5879619],[106.7849033,-6.5880104],[106.7849493,-6.5880902],[106.7849744,-6.5881344],[106.7850414,-6.5883003],[106.7850948,-6.5885132],[106.7851071,-6.58857],[106.7851259,-6.5888458],[106.7851943,-6.5890537],[106.7853304,-6.5892908],[106.7856838,-6.5897832],[106.7859479,-6.5901565],[106.7859617,-6.5901782],[106.7863765,-6.590745],[106.786392,-6.5908119],[106.7863821,-6.5908703],[106.7863513,-6.5909222],[106.7862028,-6.5910314],[106.7861009,-6.5911594],[106.7860472,-6.5911932],[106.7860224,-6.5912432],[106.7860171,-6.5913418],[106.7860211,-6.5913774],[106.7860438,-6.5915446],[106.7860495,-6.5915879],[106.7860834,-6.5918447],[106.786101,-6.5921365],[106.7861089,-6.592267],[106.7861323,-6.5923936],[106.7861907,-6.5925715],[106.7862504,-6.5926894],[106.7864281,-6.5929685],[106.7864496,-6.5930024],[106.7865544,-6.5931636],[106.7865712,-6.5931916],[106.7866119,-6.5932532],[106.786632,-6.5932837],[106.7866762,-6.5933728],[106.7867365,-6.5935133],[106.7868204,-6.5936945],[106.7868559,-6.5937671],[106.7868961,-6.5938511],[106.787177,-6.5944838],[106.7872087,-6.5945552],[106.7873527,-6.5948642],[106.7875308,-6.5952832],[106.7875492,-6.5953694],[106.7876592,-6.5955388],[106.7876846,-6.5955865],[106.7880195,-6.595592],[106.7883035,-6.5956096],[106.7884763,-6.5956324],[106.7886015,-6.5956597],[106.7889469,-6.5957343],[106.7897075,-6.5958985],[106.7896957,-6.5960172],[106.78963,-6.5968605],[106.789581,-6.597496],[106.7895837,-6.5976693],[106.7896025,-6.5978251],[106.789632,-6.5979597],[106.7897483,-6.5982173],[106.7898038,-6.5983266],[106.7900453,-6.5987039],[106.7902351,-6.5989743],[106.7903916,-6.5992105],[106.7912199,-6.600305],[106.7913164,-6.6004176],[106.7915129,-6.6006674],[106.7916001,-6.6007574],[106.7917469,-6.6008679],[106.7918824,-6.6009398],[106.7920339,-6.6009931],[106.7923698,-6.6010824],[106.7925254,-6.6011163],[106.7928212,-6.6011802],[106.7929292,-6.601204],[106.7932639,-6.601282],[106.793591,-6.6013727],[106.7936167,-6.6013793],[106.7938201,-6.6014304],[106.7938419,-6.6014359],[106.7938593,-6.6014389],[106.7939658,-6.6014653],[106.7940499,-6.6014872],[106.794086,-6.6014966],[106.7941816,-6.6015162],[106.7942474,-6.6015242],[106.794312,-6.6015252],[106.794372,-6.601521],[106.7944299,-6.6015152],[106.7944458,-6.6015114],[106.7944889,-6.6015009],[106.7948658,-6.6014094],[106.7949527,-6.6014191],[106.7950035,-6.6014248],[106.7950344,-6.6014281],[106.7950785,-6.601433],[106.7951426,-6.6014421],[106.7952083,-6.6016123],[106.795332,-6.6019762],[106.7953647,-6.602045],[106.7954083,-6.6021463],[106.7954764,-6.6023044],[106.7956045,-6.6026017],[106.7956616,-6.6027343],[106.7958872,-6.6032412],[106.7959055,-6.603283],[106.7961429,-6.6037605],[106.7961527,-6.6037798],[106.7961639,-6.6038016],[106.7961978,-6.6038655],[106.7962392,-6.6039944],[106.7962609,-6.6040436],[106.7963606,-6.6041932],[106.7963727,-6.6042118],[106.796384,-6.6042293],[106.7964412,-6.6043127],[106.7965459,-6.6044829],[106.7965796,-6.6045605],[106.7965548,-6.6046394],[106.796142,-6.6051629],[106.7956345,-6.6056664],[106.7956106,-6.6056901],[106.7955812,-6.6057357],[106.7955838,-6.6057664],[106.7954997,-6.6058595],[106.7954077,-6.6060747],[106.7953608,-6.6062432],[106.7952716,-6.6066017],[106.7952175,-6.6068287],[106.795092,-6.6074029],[106.7950752,-6.60748],[106.7950496,-6.6075259],[106.7950227,-6.607658],[106.7950031,-6.6077519],[106.7949957,-6.60779],[106.7950346,-6.6077977],[106.7950497,-6.6078],[106.7953292,-6.6078474],[106.7954118,-6.607852],[106.7954316,-6.6078556],[106.7954844,-6.6078684],[106.7961239,-6.6080091],[106.7961565,-6.6080165],[106.7962023,-6.6080326],[106.796253,-6.6080552],[106.7962906,-6.6080764],[106.7963353,-6.6081065],[106.7964708,-6.6082151],[106.7965725,-6.608301],[106.7966527,-6.6083629],[106.7968461,-6.6085289],[106.7969792,-6.6086352],[106.7970088,-6.6086584],[106.7972309,-6.6088448],[106.797258,-6.6088672],[106.7973638,-6.6089546],[106.7974436,-6.6090205],[106.7975272,-6.6090924],[106.7977373,-6.6092732],[106.7977763,-6.6093117],[106.7979648,-6.6094841],[106.7981514,-6.6096612],[106.7981919,-6.6096976],[106.7984322,-6.6099249],[106.7986741,-6.6101558],[106.7987358,-6.6102096],[106.7989116,-6.6103693],[106.7989578,-6.6104113],[106.7989877,-6.6104384],[106.799177,-6.6106014],[106.7993258,-6.6107062],[106.7994703,-6.610846],[106.7996289,-6.6109771],[106.7997816,-6.6110935],[106.7999478,-6.6112004],[106.8002128,-6.6113516],[106.800329,-6.6114192],[106.8006169,-6.6115815],[106.8006547,-6.6116022],[106.8008553,-6.6117118],[106.8010314,-6.6117959],[106.8012178,-6.6118892],[106.8014638,-6.6119941],[106.8015561,-6.6120332],[106.8017522,-6.6121123],[106.8020306,-6.6122355],[106.8021552,-6.6122999],[106.8022344,-6.6123541],[106.8023095,-6.6124226],[106.8023765,-6.61249],[106.8024134,-6.6125326],[106.8024516,-6.6125773],[106.8024999,-6.6126458],[106.8025294,-6.6126918],[106.8025756,-6.6127624],[106.8026199,-6.6128317],[106.8026637,-6.6128947],[106.8028066,-6.6131105],[106.8028747,-6.6132127],[106.802933,-6.6132973],[106.8030465,-6.6134781],[106.8031027,-6.6135667],[106.80316,-6.6136632],[106.8032013,-6.6137412],[106.8032458,-6.6138232],[106.8033461,-6.614022],[106.8034545,-6.6142217],[106.8035311,-6.614367],[106.8035986,-6.6145023],[106.8036671,-6.6146311],[106.8037471,-6.6147853],[106.8038013,-6.6148973],[106.8038826,-6.6150597],[106.8039296,-6.6151543],[106.8039765,-6.6152476],[106.8040885,-6.6154881],[106.8041333,-6.6155845],[106.8041777,-6.6156885],[106.8042162,-6.6157768],[106.8042501,-6.6158563],[106.8042728,-6.615907],[106.8042956,-6.6159602],[106.8043198,-6.6160203],[106.804348,-6.6160842],[106.8043873,-6.6161525],[106.8044463,-6.616238],[106.8044901,-6.6163027],[106.8045438,-6.6163746],[106.804641,-6.6164792],[106.8048012,-6.6166411],[106.8048374,-6.6166751],[106.8049789,-6.6168076],[106.8051399,-6.6169694],[106.8052377,-6.6170854],[106.8053153,-6.6171959],[106.8053572,-6.6172601],[106.8055053,-6.6174404],[106.8055543,-6.6175429],[106.8056285,-6.6176713],[106.8056393,-6.6176936],[106.8057172,-6.6177761],[106.8057936,-6.617842],[106.8058788,-6.6179173],[106.8059573,-6.6179726],[106.8060269,-6.6180278],[106.806094,-6.6180807],[106.8061718,-6.6181457],[106.8062558,-6.6182283],[106.8063106,-6.6182763],[106.8063509,-6.6183149],[106.8064199,-6.6183835],[106.8065525,-6.6185075],[106.8066124,-6.618562],[106.8066687,-6.618616],[106.8069336,-6.6188345],[106.8069738,-6.6189284],[106.8070382,-6.6190516],[106.807411,-6.6199502],[106.8074848,-6.6201566],[106.8075088,-6.6202267],[106.8075485,-6.6203134],[106.807596,-6.6204278],[106.807688,-6.6206395],[106.8077121,-6.6207135],[106.8078884,-6.6211471],[106.8079488,-6.6213076],[106.8080071,-6.6214408],[106.8080594,-6.6215001],[106.8081282,-6.6215447],[106.8081697,-6.6215776],[106.8082888,-6.6216343],[106.8086126,-6.6217612],[106.8086763,-6.6218025],[106.8087233,-6.6218851],[106.8087508,-6.621997],[106.8087649,-6.6221116],[106.8087823,-6.6222741],[106.8088101,-6.622527],[106.8088312,-6.6226984],[106.8088473,-6.6228076],[106.8089144,-6.6232952],[106.8089198,-6.6233552],[106.8089788,-6.6238121],[106.8089882,-6.6239306],[106.8089949,-6.6242091],[106.8090069,-6.6244155],[106.8089516,-6.624588],[106.8089423,-6.6246315],[106.8089058,-6.6248567],[106.8088976,-6.6249364],[106.8089082,-6.6249966],[106.8089278,-6.6250336],[106.8089575,-6.6250666],[106.8090002,-6.625103],[106.8090723,-6.6251333],[106.8092322,-6.6251362],[106.8096915,-6.6253067],[106.8098755,-6.6253621],[106.8099075,-6.6253873],[106.8099929,-6.6254683],[106.8100366,-6.6255133],[106.8100576,-6.6255363],[106.8100888,-6.625593],[106.8101072,-6.6256284],[106.810118,-6.6256781],[106.8101168,-6.6257487],[106.8101069,-6.6258009],[106.8100836,-6.6258445],[106.810034,-6.6258865],[106.8099848,-6.6259014],[106.8099337,-6.6259156],[106.8099033,-6.6259127],[106.80987,-6.6258815],[106.8098461,-6.6258706],[106.8097897,-6.6257886],[106.8097614,-6.6256297],[106.8097022,-6.6254939],[106.8096062,-6.6254346],[106.8091986,-6.6253583],[106.8090513,-6.6253604],[106.8089617,-6.6254049],[106.8089041,-6.6254473],[106.8088627,-6.6255317],[106.8088002,-6.6256595],[106.8087851,-6.6257047],[106.8088883,-6.6257757],[106.8089868,-6.6258225],[106.8092832,-6.6259634],[106.8093503,-6.6259981],[106.809433,-6.6260744],[106.8094829,-6.6261052],[106.8096548,-6.6262306],[106.809754,-6.6263551],[106.809778,-6.6263957],[106.8098317,-6.6264864],[106.8099676,-6.6267997],[106.8101502,-6.6272602],[106.8102083,-6.6274547],[106.8102215,-6.6275326],[106.8102394,-6.6276627],[106.8100248,-6.6276966],[106.8098371,-6.6277179],[106.8095608,-6.6277672],[106.8092077,-6.6278341],[106.8091258,-6.6278534],[106.8089313,-6.6278981],[106.8087264,-6.627949],[106.8086913,-6.6279634],[106.8086643,-6.6279857],[106.8086472,-6.6280035],[106.8086258,-6.6280234],[106.8086062,-6.6280519],[106.8085885,-6.6280961],[106.8085693,-6.6281446],[106.8085674,-6.6282169],[106.8085668,-6.6282967],[106.8085646,-6.6283634],[106.8085546,-6.6284572],[106.808549,-6.6285059],[106.8085216,-6.6285587],[106.8084849,-6.6285887],[106.808449,-6.6286125],[106.808414,-6.628629],[106.8083786,-6.6286358],[106.8083511,-6.6286378],[106.8083258,-6.6286387],[106.808289,-6.6286413],[106.8082165,-6.6286456],[106.8081491,-6.6286311],[106.808095,-6.6286212],[106.8080635,-6.6286085],[106.8080304,-6.6285841],[106.8080024,-6.6285595],[106.8079575,-6.6285145],[106.8078848,-6.6283997],[106.8078458,-6.6283425],[106.8078023,-6.6282819],[106.8077879,-6.6282668],[106.8077655,-6.628253],[106.8077369,-6.6282441],[106.807707,-6.6282452],[106.8076708,-6.628255],[106.8076412,-6.6282775],[106.8076053,-6.6283169],[106.8075807,-6.62835],[106.8075572,-6.628392],[106.8075034,-6.6284967],[106.807462,-6.6285659],[106.8073881,-6.6286814],[106.8073523,-6.6286403],[106.8073251,-6.6286084],[106.8072951,-6.6285692],[106.8072738,-6.6285439],[106.8072507,-6.6285132],[106.8072293,-6.6284958],[106.8071971,-6.6284772],[106.8071705,-6.6284663],[106.807144,-6.6284568],[106.8071126,-6.6284437],[106.807061,-6.6284499],[106.8069954,-6.6284483],[106.8069176,-6.6284509],[106.8068549,-6.6284343],[106.8067946,-6.6284147],[106.8067546,-6.6284027],[106.8067038,-6.6283786],[106.8066674,-6.628362],[106.8066192,-6.6283325],[106.806542,-6.6282972],[106.8065112,-6.6282814],[106.806436,-6.6282361],[106.8064092,-6.6282215],[106.8063809,-6.6282146],[106.8063321,-6.6282055],[106.8061678,-6.6281975],[106.8059464,-6.6281953],[106.8056568,-6.6282235],[106.8053738,-6.6282122],[106.8053162,-6.6281958],[106.8052605,-6.6281769],[106.8046308,-6.6278947],[106.8043768,-6.6277612],[106.8034213,-6.6272097],[106.8033634,-6.6271677],[106.8033059,-6.6270978],[106.8032905,-6.6270352],[106.8032851,-6.6269313],[106.8032891,-6.6267968],[106.8032898,-6.6266149],[106.8032891,-6.6265057],[106.8032717,-6.6264071],[106.8032516,-6.6263412],[106.8032026,-6.626206],[106.8031651,-6.6261094],[106.8031047,-6.6259828],[106.8030155,-6.625823],[106.8029116,-6.6256818],[106.8028459,-6.6255998],[106.8027795,-6.6255226],[106.8027272,-6.6254639],[106.8026702,-6.6254033],[106.8026025,-6.6253447],[106.8025106,-6.6252708],[106.8024268,-6.6251922],[106.8023443,-6.6251149],[106.8022605,-6.6250377],[106.8021532,-6.6249031],[106.8020707,-6.6248005],[106.8019963,-6.6247066],[106.8019266,-6.6246094],[106.8018407,-6.6245161],[106.8017462,-6.6244122],[106.8016899,-6.6243383],[106.8016409,-6.6242663],[106.8015933,-6.6241818],[106.8015504,-6.6240925],[106.8014967,-6.62394],[106.8014659,-6.6237668],[106.8014639,-6.6237391],[106.8014518,-6.6235703],[106.8014471,-6.623473],[106.8014418,-6.6233705],[106.8014136,-6.6233185],[106.8013801,-6.6232699],[106.801311,-6.6232146],[106.8012104,-6.6231627],[106.80113,-6.6231314],[106.8010173,-6.6231114],[106.8008128,-6.6230927],[106.8006423,-6.6230893],[106.8005472,-6.6230874]]]}},
{"type":"Feature","properties":{"FID":null,"Keterangan":null,"Nama":null,"id":"relation/20236084","@id":"relation/20236084","colour":"#04ff00","colour:back":null,"from":null,"name":"Sukasari–Bubulak","network":"Angkutan Kota Bogor","old_ref":null,"operator":null,"ref":"02","roundtrip":"yes","route":"bus","to":null,"type":"route","via":null,"layer":"angkot-kota-bogor","path":"C:/Users/Dzaka/Desktop/kuliah_smster_5/sig/tugas Akhir/frontend/public/rute/angkot-kota-bogor.geojson|geometrytype=MultiLineString"},"geometry":{"type":"MultiLineString","coordinates":[[[106.804265,-6.6016335],[106.8042416,-6.6016395],[106.8038645,-6.6017645],[106.8036801,-6.6018152],[106.803448,-6.601884],[106.8030652,-6.6020022],[106.8025045,-6.6021768],[106.8024432,-6.6021967],[106.8020246,-6.6023329],[106.8020075,-6.6023356],[106.8018961,-6.6023528],[106.8004413,-6.6025778],[106.7998455,-6.6026365],[106.79975,-6.6026604],[106.7996319,-6.6027064],[106.799076,-6.6029769],[106.7989499,-6.603082],[106.7989313,-6.6030926],[106.7988763,-6.603124],[106.7988569,-6.6031835],[106.7988701,-6.6032306],[106.7991844,-6.603819],[106.7992793,-6.6040118],[106.7994081,-6.604253],[106.7994695,-6.6043778],[106.799638,-6.6046741],[106.7998335,-6.6049526],[106.8001946,-6.6053682],[106.8002965,-6.6054813],[106.8004615,-6.6056632],[106.8006371,-6.6058637],[106.8008139,-6.6060761],[106.800979,-6.6062782],[106.8012925,-6.6066803],[106.8014293,-6.6068671],[106.8015369,-6.6070043],[106.8017092,-6.6072346],[106.8017683,-6.6073091],[106.8018843,-6.6074583],[106.8020117,-6.6076128],[106.8021814,-6.607776],[106.8025294,-6.6081364],[106.802797,-6.6084085],[106.8028629,-6.6084841],[106.8030297,-6.608658],[106.8031663,-6.6087758],[106.8032091,-6.6088116],[106.8032985,-6.6088992],[106.8038553,-6.6094075],[106.8044784,-6.6099416],[106.8048094,-6.6102155],[106.8054641,-6.610813],[106.8056255,-6.6109594],[106.8057822,-6.6110995],[106.805867,-6.6111728],[106.805941,-6.6112453],[106.8060485,-6.6113522],[106.8062055,-6.6114692],[106.8065255,-6.6117868],[106.8065775,-6.6118472],[106.806685,-6.6119555],[106.8067847,-6.6120624],[106.8068758,-6.6121745],[106.807004,-6.6123201],[106.8071398,-6.6124744],[106.8072917,-6.6126638],[106.8074066,-6.6127943],[106.8075371,-6.6129722],[106.8076229,-6.6130775],[106.807699,-6.6131722],[106.8077114,-6.613192],[106.8078191,-6.6133295],[106.8078925,-6.6134265],[106.8079472,-6.6135023],[106.8079972,-6.6135639],[106.8080668,-6.6136596],[106.8080817,-6.6136824],[106.8081413,-6.6137734],[106.8081962,-6.6138648],[106.8082576,-6.6139559],[106.8083022,-6.6140293],[106.8083517,-6.6140995],[106.8083949,-6.6141718],[106.8084624,-6.6142838],[106.8085027,-6.614347],[106.8085424,-6.614413],[106.8086033,-6.6145022],[106.8086302,-6.6145516],[106.8087216,-6.6146947],[106.8087768,-6.6147741],[106.8088447,-6.6148719],[106.8088936,-6.6149472],[106.8089472,-6.6150265],[106.8089786,-6.6150767],[106.8091107,-6.6152432],[106.8092135,-6.6153582],[106.8093637,-6.615518],[106.8095607,-6.6157239],[106.8099739,-6.6160866],[106.8101872,-6.6162233],[106.8102917,-6.6162987],[106.8106451,-6.6166071],[106.8109784,-6.6169201],[106.8111562,-6.6170861],[106.8116114,-6.617511],[106.8119538,-6.6178304],[106.8119628,-6.6178391],[106.812125,-6.6179879],[106.8121746,-6.6180312],[106.8124745,-6.6183127],[106.8126307,-6.6184492],[106.8130964,-6.6188759],[106.813336,-6.6190809],[106.8142714,-6.6197963],[106.8143861,-6.6199022],[106.8143831,-6.6199715],[106.8143764,-6.6200228],[106.814366,-6.6200674],[106.8143452,-6.6201233],[106.8142128,-6.6202275],[106.8141568,-6.6202698],[106.8140951,-6.6202998],[106.8139963,-6.6203372],[106.8136512,-6.6204117],[106.8132808,-6.620493],[106.8129055,-6.6206096],[106.8126192,-6.6207022],[106.8125569,-6.6207255],[106.8124978,-6.6207599],[106.8124644,-6.6207862],[106.8124254,-6.620842],[106.8123771,-6.6209166],[106.8123376,-6.6209779],[106.8123007,-6.6210685],[106.8122705,-6.6211464],[106.812239,-6.6212683],[106.8122014,-6.6214815],[106.8121461,-6.6217793],[106.8121413,-6.6218672],[106.8121391,-6.6219412],[106.8121625,-6.6221791],[106.8121656,-6.6222482],[106.8121809,-6.6223357],[106.8122052,-6.6224539],[106.8122434,-6.6225713],[106.8124176,-6.6228852],[106.8124533,-6.6229563],[106.8125082,-6.6230659],[106.8125268,-6.6231366],[106.8125335,-6.62322],[106.812529,-6.623289],[106.8125161,-6.6233404],[106.8124971,-6.6233705],[106.812475,-6.6233967],[106.8124394,-6.623428],[106.8124033,-6.6234424],[106.8123317,-6.6234587],[106.8121726,-6.6234724],[106.8120177,-6.623489],[106.8118698,-6.6235075],[106.8115331,-6.6235412],[106.8115098,-6.6235435],[106.8110877,-6.6235846],[106.8110273,-6.6235905],[106.8108312,-6.6236025],[106.8104652,-6.6236664],[106.8102974,-6.6237102],[106.8102252,-6.6237389],[106.8100689,-6.6238277],[106.8100327,-6.6239276],[106.8099907,-6.6243649],[106.8099517,-6.6245121],[106.8099118,-6.6245892],[106.8098611,-6.6246455],[106.8097912,-6.6247048],[106.8096574,-6.6247826],[106.8094646,-6.6248899],[106.8093381,-6.6249205],[106.8092211,-6.6249011],[106.8091551,-6.6248596],[106.8091068,-6.6247965],[106.8090712,-6.6247364],[106.8090582,-6.6246816],[106.8090069,-6.6244155],[106.8089949,-6.6242091],[106.8089882,-6.6239306],[106.8089788,-6.6238121],[106.8089198,-6.6233552],[106.8089144,-6.6232952],[106.8088473,-6.6228076],[106.8088312,-6.6226984],[106.8088101,-6.622527],[106.8087823,-6.6222741],[106.8087649,-6.6221116],[106.8087508,-6.621997],[106.8087233,-6.6218851],[106.8086763,-6.6218025],[106.8086126,-6.6217612],[106.8082888,-6.6216343],[106.8081697,-6.6215776],[106.8081282,-6.6215447],[106.8080594,-6.6215001],[106.8080071,-6.6214408],[106.8079488,-6.6213076],[106.8078884,-6.6211471],[106.8077121,-6.6207135],[106.807688,-6.6206395],[106.807596,-6.6204278],[106.8075485,-6.6203134],[106.8075088,-6.6202267],[106.8074848,-6.6201566],[106.807411,-6.6199502],[106.8070382,-6.6190516],[106.8069738,-6.6189284],[106.8069336,-6.6188345],[106.8066687,-6.618616],[106.8066124,-6.618562],[106.8065525,-6.6185075],[106.8064199,-6.6183835],[106.8063509,-6.6183149],[106.8063106,-6.6182763],[106.8062558,-6.6182283],[106.8061718,-6.6181457],[106.806094,-6.6180807],[106.8060269,-6.6180278],[106.8059573,-6.6179726],[106.8058788,-6.6179173],[106.8057936,-6.617842],[106.8057172,-6.6177761],[106.8056393,-6.6176936],[106.8056285,-6.6176713],[106.8055543,-6.6175429],[106.8055053,-6.6174404],[106.8053572,-6.6172601],[106.8053153,-6.6171959],[106.8052377,-6.6170854],[106.8051399,-6.6169694],[106.8049789,-6.6168076],[106.8048374,-6.6166751],[106.8048012,-6.6166411],[106.804641,-6.6164792],[106.8045438,-6.6163746],[106.8044901,-6.6163027],[106.8044463,-6.616238],[106.8043873,-6.6161525],[106.804348,-6.6160842],[106.8043198,-6.6160203],[106.8042956,-6.6159602],[106.8042728,-6.615907],[106.8042501,-6.6158563],[106.8042162,-6.6157768],[106.8041777,-6.6156885],[106.8041333,-6.6155845],[106.8040885,-6.6154881],[106.8039765,-6.6152476],[106.8039296,-6.6151543],[106.8038826,-6.6150597],[106.8038013,-6.6148973],[106.8037471,-6.6147853],[106.8036671,-6.6146311],[106.8035986,-6.6145023],[106.8035311,-6.614367],[106.8034545,-6.6142217],[106.8033461,-6.614022],[106.8032458,-6.6138232],[106.8032013,-6.6137412],[106.80316,-6.6136632],[106.8031027,-6.6135667],[106.8030465,-6.6134781],[106.802933,-6.6132973],[106.8028747,-6.6132127],[106.8028066,-6.6131105],[106.8026637,-6.6128947],[106.8026199,-6.6128317],[106.8025756,-6.6127624],[106.8025294,-6.6126918],[106.8024999,-6.6126458],[106.8024516,-6.6125773],[106.8024134,-6.6125326],[106.8023765,-6.61249],[106.8023095,-6.6124226],[106.8022344,-6.6123541],[106.8021552,-6.6122999],[106.8020306,-6.6122355],[106.8017522,-6.6121123],[106.8015561,-6.6120332],[106.8014638,-6.6119941],[106.8012178,-6.6118892],[106.8010314,-6.6117959],[106.800971,-6.6118918],[106.8008865,-6.6119931],[106.8008084,-6.61209],[106.8007316,-6.6121623],[106.800668,-6.6122058],[106.8005852,-6.6122479],[106.8002677,-6.6123139],[106.7998197,-6.6123908],[106.7996617,-6.6124179],[106.7992334,-6.6124913],[106.7989949,-6.6125553],[106.7989332,-6.6125593],[106.7988682,-6.6125619],[106.7986305,-6.6126032],[106.7985751,-6.6126162],[106.7984954,-6.6126605],[106.7984484,-6.6126845],[106.7984089,-6.6127125],[106.7983669,-6.6127438],[106.7983301,-6.6127664],[106.7982888,-6.6127804],[106.7981561,-6.612829],[106.7981333,-6.6128324],[106.7979147,-6.612863],[106.7978047,-6.612879],[106.7976545,-6.612903],[106.7974681,-6.6129376],[106.7973068,-6.6129488],[106.797189,-6.6129943],[106.7970349,-6.6130562],[106.7968885,-6.6131371],[106.796791,-6.6131926],[106.7966394,-6.6132946],[106.7965279,-6.6133668],[106.7964435,-6.6134298],[106.7962895,-6.6135366],[106.7962668,-6.6133482],[106.7962534,-6.6131216],[106.796254,-6.6128771],[106.796248,-6.6126136],[106.7962502,-6.6124893],[106.7962558,-6.6122714],[106.7962633,-6.6121583],[106.7962689,-6.6120987],[106.7962605,-6.6118549],[106.7962316,-6.611283],[106.7962357,-6.6110368],[106.7962307,-6.6109666],[106.7962309,-6.6109144],[106.7962342,-6.6108388],[106.7962131,-6.6106558],[106.7961932,-6.6101354],[106.796193,-6.6100573],[106.7961849,-6.6098486],[106.7961688,-6.6095484],[106.7961696,-6.6095231],[106.7961642,-6.6093916],[106.7961579,-6.6089044],[106.7961369,-6.6085498],[106.7961239,-6.6080091],[106.7954844,-6.6078684]],[[106.7954118,-6.607852],[106.7953292,-6.6078474],[106.7950497,-6.6078],[106.7950346,-6.6077977],[106.7949957,-6.60779],[106.7950031,-6.6077519],[106.7950227,-6.607658],[106.7950496,-6.6075259],[106.7950752,-6.60748],[106.795092,-6.6074029],[106.7952175,-6.6068287],[106.7952716,-6.6066017],[106.7953608,-6.6062432],[106.7954077,-6.6060747],[106.7954997,-6.6058595],[106.7955838,-6.6057664],[106.7955812,-6.6057357],[106.7956106,-6.6056901],[106.7956345,-6.6056664],[106.796142,-6.6051629],[106.7965548,-6.6046394],[106.7965796,-6.6045605],[106.7965459,-6.6044829],[106.7964412,-6.6043127],[106.796384,-6.6042293],[106.7963727,-6.6042118],[106.7963606,-6.6041932],[106.7962609,-6.6040436],[106.7962392,-6.6039944],[106.7961978,-6.6038655],[106.7961639,-6.6038016],[106.7961527,-6.6037798],[106.7961429,-6.6037605],[106.7959055,-6.603283],[106.7958872,-6.6032412],[106.7956616,-6.6027343],[106.7956045,-6.6026017],[106.7954764,-6.6023044],[106.7954083,-6.6021463],[106.7953647,-6.602045],[106.795332,-6.6019762],[106.7952083,-6.6016123],[106.7951426,-6.6014421],[106.7950955,-6.6012779],[106.7950252,-6.6010004],[106.7949816,-6.6008293],[106.7949348,-6.6006322],[106.7949022,-6.6005066],[106.7948931,-6.6004656],[106.7948602,-6.6003385],[106.7948261,-6.6002071],[106.7948076,-6.6001399],[106.7947853,-6.6000748],[106.7947537,-6.5999713],[106.794741,-6.5999253],[106.7947134,-6.5998207],[106.7946276,-6.599563],[106.7946115,-6.5995164],[106.7945947,-6.5994651],[106.7944237,-6.5989601],[106.7942468,-6.5984849],[106.7942142,-6.5983946],[106.7941783,-6.5982953],[106.7941475,-6.5982114],[106.7941194,-6.5981248],[106.7941113,-6.5980995],[106.7940757,-6.5980003],[106.7939879,-6.5977305],[106.7939617,-6.5976426],[106.7939453,-6.597588],[106.7939241,-6.5975213],[106.7938252,-6.5971973],[106.7938209,-6.5971813],[106.7937715,-6.5970632],[106.7937224,-6.5969405],[106.7936581,-6.5968193],[106.7935867,-6.5967523],[106.7935343,-6.5967346],[106.7933455,-6.5966881],[106.7932506,-6.5966662],[106.7929462,-6.5965915],[106.7929255,-6.596586],[106.7926299,-6.5965189],[106.7916013,-6.5963035],[106.7913165,-6.5962436],[106.7911657,-6.5962118],[106.7910433,-6.5961869],[106.7908731,-6.5961521],[106.790679,-6.5961119],[106.7905984,-6.5960952],[106.7905558,-6.5960872],[106.7904534,-6.5960653],[106.7899844,-6.5959585],[106.7897075,-6.5958985],[106.7889469,-6.5957343],[106.7886015,-6.5956597],[106.7884763,-6.5956324],[106.7883035,-6.5956096],[106.7880195,-6.595592],[106.7876846,-6.5955865],[106.787378,-6.595586],[106.7873262,-6.5955854],[106.7870217,-6.595567],[106.7868529,-6.5955666],[106.7864853,-6.5955276],[106.786302,-6.5955217],[106.7862515,-6.5955177],[106.786126,-6.5955079],[106.7857984,-6.5954822],[106.7855625,-6.5954637],[106.7854866,-6.5954578],[106.7849435,-6.5954018],[106.7847235,-6.5953645],[106.784399,-6.5952965],[106.7842354,-6.5952512],[106.7839672,-6.5951313],[106.783788,-6.5950287],[106.7837043,-6.5949808],[106.7835775,-6.5949016],[106.7833831,-6.5947803],[106.7829321,-6.594458],[106.7828427,-6.5944084],[106.7827653,-6.5944032],[106.7826906,-6.5944263],[106.7825916,-6.5944705],[106.7825225,-6.5945271],[106.7824224,-6.5946109],[106.7824655,-6.5944828],[106.7825053,-6.5944352],[106.7825426,-6.5944009],[106.7826666,-6.5943366],[106.782681,-6.5943287],[106.7827575,-6.594326],[106.7828265,-6.5943333],[106.7828864,-6.5943528],[106.7829215,-6.5943642],[106.7829778,-6.5943849],[106.7834382,-6.5946856],[106.7837434,-6.5948985],[106.7837841,-6.5949242],[106.783976,-6.5950307],[106.7842662,-6.595162],[106.7846394,-6.5952565],[106.7847108,-6.5952721],[106.7849569,-6.5953258],[106.7854296,-6.5953844],[106.7858025,-6.5954159],[106.7861061,-6.5954413],[106.7863087,-6.5954551],[106.7868673,-6.5954817],[106.7870188,-6.595489],[106.7872529,-6.5954857],[106.7875194,-6.5954791],[106.7875334,-6.595466],[106.7875423,-6.5954527],[106.7875432,-6.5954514],[106.7875459,-6.5954344],[106.7875473,-6.595426],[106.7875492,-6.5953694],[106.7875308,-6.5952832],[106.7873527,-6.5948642],[106.7872087,-6.5945552],[106.787177,-6.5944838],[106.7868961,-6.5938511],[106.7868559,-6.5937671],[106.7868204,-6.5936945],[106.7867365,-6.5935133],[106.7866762,-6.5933728],[106.786632,-6.5932837],[106.7867053,-6.5932479],[106.7867472,-6.5932302],[106.786781,-6.5932223],[106.7872867,-6.5931985],[106.787499,-6.5931984],[106.7876698,-6.5931983],[106.7876838,-6.5931983],[106.7878127,-6.5932056],[106.7878953,-6.593558],[106.787969,-6.5938337],[106.7880623,-6.5941101],[106.7881693,-6.594434],[106.7882064,-6.5945464],[106.7882486,-6.594669],[106.7883733,-6.5950274],[106.7883955,-6.5950913],[106.7884246,-6.5951873],[106.7884352,-6.5952261],[106.7884471,-6.5952692],[106.7884587,-6.5953344],[106.7884902,-6.5954552],[106.7884957,-6.5954761],[106.7885099,-6.5955064],[106.7885142,-6.5955157],[106.788529,-6.5955417],[106.7885594,-6.595561],[106.7886107,-6.5955808],[106.7889539,-6.5956546],[106.7890829,-6.5956824],[106.7894162,-6.5957519],[106.7895364,-6.59578],[106.789718,-6.5958196],[106.7897767,-6.5958335],[106.7898403,-6.5958486],[106.7899681,-6.5958788],[106.7900398,-6.5958957],[106.7900558,-6.5958995],[106.7905077,-6.5960063],[106.790561,-6.5960184],[106.7906135,-6.59603],[106.791057,-6.5961231],[106.7911277,-6.5961377],[106.7915712,-6.5962295],[106.7918843,-6.5962994],[106.7921702,-6.5963632],[106.7922716,-6.5963859],[106.7926262,-6.5964651],[106.7929399,-6.5965351],[106.7932168,-6.5965969],[106.7933596,-6.5966228],[106.7935182,-6.5966355],[106.793553,-6.5966383],[106.7937079,-6.5966206],[106.7937661,-6.5965925],[106.7938382,-6.5965347],[106.7939299,-6.596421],[106.7939963,-6.596238],[106.7941479,-6.5958377],[106.7942061,-6.5956753],[106.7942081,-6.5956683],[106.7942749,-6.5954737],[106.7943815,-6.5951603],[106.7944828,-6.5949182],[106.7946279,-6.5946378],[106.7946766,-6.5945578],[106.7947698,-6.5944846],[106.7948382,-6.5944406],[106.7949695,-6.5943593],[106.7951258,-6.594264],[106.7959506,-6.5938937],[106.796139,-6.5938038],[106.7962517,-6.5937345],[106.7963442,-6.5936712],[106.7964461,-6.5936013],[106.7965883,-6.593494],[106.7969298,-6.5931758],[106.7970525,-6.5931188],[106.7971408,-6.5930744],[106.7971945,-6.5930687],[106.7972495,-6.5930664],[106.797344,-6.5930894],[106.797378,-6.5931031],[106.7974751,-6.593158],[106.797621,-6.5932635],[106.7978228,-6.5933788],[106.7979643,-6.5934381],[106.7981292,-6.5934707],[106.7983552,-6.5934767],[106.7985195,-6.5934594],[106.798614,-6.5934387],[106.7987488,-6.5933934],[106.7989453,-6.5932949],[106.7991123,-6.5931676],[106.7995032,-6.5928412],[106.7996393,-6.5927446],[106.7997506,-6.5926787],[106.7998747,-6.5926194],[106.8000007,-6.5925701],[106.8003434,-6.5924256],[106.8004725,-6.5923656],[106.8005794,-6.5923323],[106.8007437,-6.5922963],[106.8009402,-6.592289],[106.8011232,-6.5923177],[106.8012976,-6.592381],[106.8015041,-6.5924716],[106.8017494,-6.5926043],[106.8018877,-6.5926943],[106.8019803,-6.592744],[106.8020952,-6.5928287],[106.8022545,-6.5929451],[106.8023803,-6.5930415],[106.8025052,-6.5931443],[106.8029462,-6.5935856],[106.8031477,-6.5938171],[106.8035373,-6.5943392],[106.8039496,-6.5950614],[106.8041763,-6.5955044],[106.8041977,-6.5955563],[106.804272,-6.5957365],[106.8042801,-6.5957506],[106.8042584,-6.5958053],[106.8042562,-6.5958288],[106.8042609,-6.5958582],[106.8046282,-6.5981795],[106.8049176,-6.6000413],[106.8049847,-6.600473],[106.8050004,-6.6005738],[106.8050265,-6.6006694],[106.8050449,-6.6007682],[106.8050701,-6.6010104],[106.8050638,-6.6010814],[106.805004,-6.6011922],[106.804838,-6.6013565],[106.8047248,-6.6014463],[106.8045697,-6.6015247],[106.8044269,-6.6015785],[106.8042416,-6.6016395]],[[106.7824224,-6.5946109],[106.7818809,-6.595233],[106.7817722,-6.5953482],[106.7817016,-6.5954293],[106.7813343,-6.5958125],[106.7813264,-6.5958193],[106.7809433,-6.5961612],[106.7807251,-6.5962946],[106.7805241,-6.596357],[106.7801387,-6.5962995],[106.7798144,-6.5962117],[106.7796205,-6.596202],[106.7794501,-6.5960716],[106.7793417,-6.5959886],[106.7789737,-6.5955789],[106.7788886,-6.5954813],[106.7785051,-6.5950209],[106.778275,-6.5947644],[106.7781045,-6.5945665],[106.7780766,-6.5945347],[106.7777264,-6.5941362],[106.7774836,-6.5938613],[106.7771824,-6.5935203],[106.7771389,-6.5934691],[106.7769586,-6.5932668],[106.7769282,-6.5932328],[106.7768624,-6.593159],[106.7766676,-6.5929256],[106.776623,-6.5928722],[106.7766054,-6.5928516],[106.7764539,-6.5926747],[106.7764066,-6.5926238],[106.7760538,-6.5922325],[106.7759514,-6.5921198],[106.7757683,-6.5919182],[106.7757469,-6.5918947],[106.7755957,-6.5917221],[106.7755151,-6.5916292],[106.7753572,-6.5914537],[106.7753142,-6.5914063],[106.7751186,-6.5911906],[106.7750276,-6.5910974],[106.7746364,-6.5906966],[106.7746334,-6.5906936],[106.7745694,-6.5906289],[106.7745179,-6.5905765],[106.7745142,-6.5905727],[106.7740537,-6.5900379],[106.7739853,-6.5899598],[106.7735381,-6.5894487],[106.7731226,-6.5889894],[106.7731071,-6.5889724],[106.7730265,-6.588884],[106.7729681,-6.58882],[106.772753,-6.5885842],[106.7727289,-6.5885604],[106.7723465,-6.5881198],[106.7721661,-6.5879246],[106.772093,-6.5878187],[106.7720488,-6.5877321],[106.7720222,-6.5876578],[106.7720058,-6.5875789],[106.7719966,-6.587499],[106.7719891,-6.5873891],[106.7719878,-6.5873657],[106.7719803,-6.5872288],[106.7719758,-6.5871468],[106.7719755,-6.5871404],[106.771975,-6.5871319],[106.7719771,-6.5870086],[106.7719781,-6.5869087],[106.7719803,-6.5868335],[106.7719746,-6.5867168],[106.7719656,-6.5865943],[106.7719549,-6.5864851],[106.7719348,-6.5863339],[106.7718966,-6.5862233],[106.7718058,-6.5859745],[106.7717674,-6.5859026],[106.7716748,-6.5857583],[106.7715349,-6.5855694],[106.7715258,-6.5855564],[106.7714185,-6.5854033],[106.7710718,-6.5849167],[106.7706949,-6.5844574],[106.7706135,-6.5843692],[106.7705206,-6.5842705],[106.7703164,-6.5840473],[106.7701563,-6.583868],[106.7700833,-6.5837858],[106.770013,-6.5837067],[106.7699352,-6.5836127],[106.7698668,-6.5835341],[106.7697924,-6.5834502],[106.7697496,-6.5834009],[106.7697461,-6.5833969],[106.7697045,-6.5833456],[106.7696381,-6.5832697],[106.7693639,-6.5829899],[106.7692814,-6.5829061],[106.7691512,-6.582774],[106.7690545,-6.5826627],[106.7688569,-6.5824354],[106.7686417,-6.5821879],[106.7684801,-6.5819514],[106.7683192,-6.5817143],[106.7682053,-6.5815178],[106.7681669,-6.5814605],[106.768122,-6.5813912],[106.7678297,-6.5808816],[106.7676191,-6.5805632],[106.7675004,-6.5804333],[106.7674072,-6.580364],[106.7672798,-6.5802941],[106.7672153,-6.5802767],[106.767145,-6.5802674],[106.767088,-6.5802634],[106.7670022,-6.5802648],[106.7668557,-6.5802599],[106.7667527,-6.5802675],[106.7666033,-6.5802827],[106.7662242,-6.5803201],[106.7656946,-6.580394],[106.7654975,-6.580422],[106.7653835,-6.5804353],[106.7651448,-6.5804539],[106.7647478,-6.5804726],[106.7644636,-6.5804875],[106.7643522,-6.5804899],[106.7639036,-6.5804912],[106.7638754,-6.5804873],[106.7637165,-6.5804766],[106.7635368,-6.580434],[106.763278,-6.5803413],[106.7632454,-6.5801815],[106.7632417,-6.5801282],[106.7632303,-6.5800616],[106.7631218,-6.5796451],[106.7631177,-6.5796319],[106.7630842,-6.5794801],[106.7630419,-6.5793438],[106.7630285,-6.5793049],[106.7630064,-6.5792499],[106.7629886,-6.5792039],[106.7629712,-6.5791663],[106.7629588,-6.5791367],[106.7629497,-6.579107],[106.762943,-6.579085],[106.762937,-6.5790128],[106.7629346,-6.5789541],[106.7629346,-6.5789012],[106.7629313,-6.5788372],[106.7629293,-6.5787743],[106.7629148,-6.578716],[106.7628971,-6.5786737],[106.762885,-6.5786447],[106.7628692,-6.5786067],[106.7628428,-6.5785268],[106.7628143,-6.5784449],[106.7627669,-6.5783303],[106.7627294,-6.578237],[106.7626805,-6.5781231],[106.7626496,-6.5780545],[106.7626215,-6.5779932],[106.7626007,-6.5779473],[106.7625598,-6.5778407],[106.7625283,-6.5777528],[106.7623982,-6.5773211],[106.7623626,-6.5772019],[106.7623288,-6.5771529],[106.7622574,-6.5768801],[106.7621863,-6.5766749],[106.7621293,-6.5765024],[106.762083,-6.5763339],[106.7620482,-6.5762087],[106.7620159,-6.5761034],[106.7619979,-6.5760581],[106.761959,-6.5759449],[106.761904,-6.575795],[106.7617705,-6.5754112],[106.7617424,-6.5753147],[106.7616908,-6.5751561],[106.7616558,-6.5750663],[106.761621,-6.5749436],[106.7615982,-6.574891],[106.7615613,-6.5748351],[106.7615084,-6.5747751],[106.7614306,-6.5746952],[106.7613696,-6.5746426],[106.7613105,-6.5745899],[106.7612066,-6.5745027],[106.7611215,-6.5744387],[106.761037,-6.5743774],[106.7608874,-6.5742728],[106.7607392,-6.5741629],[106.7606091,-6.5740803],[106.7605005,-6.5740031],[106.7604301,-6.5739538],[106.7603463,-6.5739085],[106.7602856,-6.5738697],[106.760243,-6.5738425],[106.760121,-6.5737379],[106.7599996,-6.573628],[106.7599238,-6.5735587],[106.7598635,-6.5735154],[106.759817,-6.5734876],[106.7598045,-6.5734801],[106.7597127,-6.5734258],[106.7596999,-6.5734182],[106.759606,-6.5733689],[106.7595128,-6.5733189],[106.7594464,-6.573273],[106.7593874,-6.573221],[106.7593512,-6.5731724],[106.7592922,-6.5730784],[106.7592211,-6.5729645],[106.7591836,-6.5729039],[106.7591333,-6.5728213],[106.7591004,-6.572758],[106.7590501,-6.5726614],[106.7590139,-6.5725922],[106.7589489,-6.5724529],[106.7588919,-6.5723444],[106.7588382,-6.5722464],[106.7587946,-6.5721592],[106.7587329,-6.5720446],[106.7586599,-6.5719114],[106.7585593,-6.5717395],[106.7584607,-6.5715603],[106.758391,-6.5714231],[106.7583346,-6.5713165],[106.7582495,-6.5711473],[106.7581905,-6.5710194],[106.7581308,-6.5709088],[106.7580657,-6.5708069],[106.7580195,-6.570727],[106.7579927,-6.5706777],[106.7579745,-6.570633],[106.7579504,-6.5705691],[106.7579095,-6.5704545],[106.7578726,-6.5703439],[106.7578391,-6.5702553],[106.7577922,-6.5701447],[106.7577687,-6.5700881],[106.7577117,-6.5699516],[106.7576601,-6.5698223],[106.7576024,-6.5696818],[106.7575429,-6.569505],[106.7575116,-6.5694123],[106.7574779,-6.5692979],[106.7572626,-6.5694664],[106.7571944,-6.5695198],[106.7571425,-6.5695637],[106.7570438,-6.5696451],[106.7561983,-6.5703286],[106.7561294,-6.5703853],[106.7555802,-6.5708165],[106.7553469,-6.5709681],[106.7553286,-6.5709251],[106.7553247,-6.5709159],[106.7553104,-6.5708825],[106.7550373,-6.5702358],[106.7550037,-6.5701789],[106.754915,-6.5700461],[106.7548984,-6.570003],[106.7548302,-6.5696378],[106.754758,-6.5695473],[106.7545282,-6.569809],[106.7548028,-6.5701456],[106.7549292,-6.5703005],[106.7552411,-6.5709881],[106.7552582,-6.5710224],[106.7552162,-6.5710527],[106.7551782,-6.571079],[106.7551325,-6.5711078],[106.7550244,-6.5711758],[106.7547327,-6.5713617],[106.754535,-6.571481],[106.7539462,-6.5718353],[106.7533064,-6.5722495],[106.7528577,-6.5725656],[106.7526353,-6.5727165],[106.7525933,-6.5727468],[106.7523324,-6.5729257],[106.7522368,-6.5729811],[106.7519523,-6.5731613],[106.751849,-6.573222],[106.7517537,-6.5732739],[106.7515453,-6.573391],[106.7513847,-6.5734774],[106.7514023,-6.573503],[106.7514364,-6.5735523],[106.7515034,-6.5736513],[106.7516137,-6.5738192],[106.7521185,-6.5745258],[106.7522997,-6.5747895],[106.7523191,-6.5748177],[106.752525,-6.5751222],[106.7529062,-6.5756911],[106.7530225,-6.5758816],[106.7530856,-6.5759655],[106.7531714,-6.5760507],[106.753333,-6.5761529],[106.7533974,-6.576194],[106.753451,-6.576226],[106.7535744,-6.5762739],[106.7536409,-6.5763061],[106.7538895,-6.5763759],[106.754196,-6.5764644],[106.7544818,-6.5765329],[106.7545681,-6.5765376],[106.7546297,-6.5765277],[106.7546788,-6.5765131],[106.7548756,-6.5764411],[106.7550697,-6.5763645],[106.7551837,-6.5763392],[106.755242,-6.5763312],[106.7553024,-6.5763279],[106.7553755,-6.5763306],[106.7554272,-6.5763385],[106.755515,-6.5763659],[106.7560709,-6.5765824],[106.7562418,-6.5766563],[106.7563934,-6.5767316],[106.7567616,-6.5769533],[106.7571457,-6.5771752],[106.7572321,-6.5772211],[106.7573444,-6.5772842],[106.7575901,-6.577425],[106.7579281,-6.5776156],[106.7581777,-6.5777581],[106.7586867,-6.5780465],[106.7587649,-6.5780965],[106.7588718,-6.5781567],[106.7590092,-6.5782344],[106.7591393,-6.5783097],[106.7595691,-6.5785475],[106.7598628,-6.5787073],[106.7599862,-6.5787753],[106.7601094,-6.5788471],[106.7604636,-6.5790397],[106.7605985,-6.5791123],[106.7608304,-6.5792476],[106.7608955,-6.5792822],[106.7609363,-6.579303],[106.7612777,-6.5794767],[106.7616539,-6.5796553],[106.7618403,-6.5797385],[106.7619378,-6.5797811],[106.7622522,-6.5799185],[106.7623432,-6.5799583],[106.7628045,-6.5801342],[106.763278,-6.5803413]],[[106.8092322,-6.6251362],[106.8090723,-6.6251333],[106.8090002,-6.625103],[106.8089575,-6.6250666],[106.8089278,-6.6250336],[106.8089082,-6.6249966],[106.8088976,-6.6249364],[106.8089058,-6.6248567],[106.8089423,-6.6246315],[106.8089516,-6.624588],[106.8090069,-6.6244155]]]}},
{"type":"Feature","properties":{"FID":null,"Keterangan":null,"Nama":null,"id":"relation/20236754","@id":"relation/20236754","colour":"#00ff11","colour:back":null,"from":null,"name":"Warung Nangka–Ramayana","network":"Angkutan Kota Bogor","old_ref":null,"operator":null,"ref":"04","roundtrip":"yes","route":"bus","to":null,"type":"route","via":null,"layer":"angkot-kota-bogor","path":"C:/Users/Dzaka/Desktop/kuliah_smster_5/sig/tugas Akhir/frontend/public/rute/angkot-kota-bogor.geojson|geometrytype=MultiLineString"},"geometry":{"type":"MultiLineString","coordinates":[[[106.8092322,-6.6251362],[106.8090723,-6.6251333],[106.8090002,-6.625103],[106.8089575,-6.6250666],[106.8089278,-6.6250336],[106.8089082,-6.6249966],[106.8088976,-6.6249364],[106.8089058,-6.6248567],[106.8089423,-6.6246315],[106.8089516,-6.624588],[106.8090069,-6.6244155],[106.8089949,-6.6242091],[106.8089882,-6.6239306],[106.8089788,-6.6238121],[106.8089198,-6.6233552],[106.8089144,-6.6232952],[106.8088473,-6.6228076],[106.8088312,-6.6226984],[106.8088101,-6.622527],[106.8087823,-6.6222741],[106.8087649,-6.6221116],[106.8087508,-6.621997],[106.8087233,-6.6218851],[106.8086763,-6.6218025],[106.8086126,-6.6217612],[106.8082888,-6.6216343],[106.8081697,-6.6215776],[106.8081282,-6.6215447],[106.8080594,-6.6215001],[106.8080071,-6.6214408],[106.8079488,-6.6213076],[106.8078884,-6.6211471],[106.8077121,-6.6207135],[106.807688,-6.6206395],[106.807596,-6.6204278],[106.8075485,-6.6203134],[106.8075088,-6.6202267],[106.8074848,-6.6201566],[106.807411,-6.6199502],[106.8070382,-6.6190516],[106.8069738,-6.6189284],[106.8069336,-6.6188345],[106.8072233,-6.6187206],[106.8075471,-6.6186023],[106.8076444,-6.6185874],[106.807922,-6.6186446],[106.8080132,-6.6186726],[106.8081005,-6.6186912],[106.8081969,-6.6187026],[106.8085684,-6.6187525],[106.808732,-6.6187479],[106.8088667,-6.6187268],[106.8090619,-6.6186633],[106.8092879,-6.6185088],[106.8094099,-6.6183875],[106.8094911,-6.618255],[106.8095735,-6.6180725],[106.8096157,-6.6179572],[106.8096674,-6.6177853],[106.8098022,-6.6174989],[106.8100644,-6.6169587],[106.8102079,-6.616721],[106.8102723,-6.6166624],[106.8103319,-6.6166217],[106.8104553,-6.6165831],[106.810507,-6.6165811],[106.8106451,-6.6166071],[106.8109784,-6.6169201],[106.8111562,-6.6170861],[106.8116114,-6.617511],[106.8119538,-6.6178304],[106.8119628,-6.6178391],[106.812125,-6.6179879],[106.8121746,-6.6180312],[106.8124745,-6.6183127],[106.8126307,-6.6184492],[106.8130964,-6.6188759],[106.813336,-6.6190809],[106.8142714,-6.6197963],[106.8143861,-6.6199022],[106.8143831,-6.6199715],[106.8143764,-6.6200228],[106.814366,-6.6200674],[106.8143452,-6.6201233],[106.8142128,-6.6202275],[106.8141568,-6.6202698],[106.8140951,-6.6202998],[106.8139963,-6.6203372],[106.8136512,-6.6204117],[106.8132808,-6.620493],[106.8129055,-6.6206096],[106.8126192,-6.6207022],[106.8125569,-6.6207255],[106.8124978,-6.6207599],[106.8124644,-6.6207862],[106.8124254,-6.620842],[106.8123771,-6.6209166],[106.8123376,-6.6209779],[106.8123007,-6.6210685],[106.8122705,-6.6211464],[106.812239,-6.6212683],[106.8122014,-6.6214815],[106.8121461,-6.6217793],[106.8121413,-6.6218672],[106.8121391,-6.6219412],[106.8121625,-6.6221791],[106.8121656,-6.6222482],[106.8121809,-6.6223357],[106.8122052,-6.6224539],[106.8122434,-6.6225713],[106.8124176,-6.6228852],[106.8124533,-6.6229563],[106.8125082,-6.6230659],[106.8125268,-6.6231366],[106.8125335,-6.62322],[106.812529,-6.623289],[106.8125161,-6.6233404],[106.8124971,-6.6233705],[106.812475,-6.6233967],[106.8124394,-6.623428],[106.8124033,-6.6234424],[106.8123317,-6.6234587],[106.8121726,-6.6234724],[106.8120177,-6.623489],[106.8118698,-6.6235075],[106.8115331,-6.6235412],[106.8115098,-6.6235435],[106.8110877,-6.6235846],[106.8110273,-6.6235905],[106.8108312,-6.6236025],[106.8104652,-6.6236664],[106.8102974,-6.6237102],[106.8102252,-6.6237389],[106.8100689,-6.6238277],[106.8100327,-6.6239276],[106.8099907,-6.6243649],[106.8099517,-6.6245121],[106.8099118,-6.6245892],[106.8098611,-6.6246455],[106.8097912,-6.6247048],[106.8096574,-6.6247826],[106.8094646,-6.6248899],[106.8093381,-6.6249205],[106.8092211,-6.6249011],[106.8091551,-6.6248596],[106.8091068,-6.6247965],[106.8090712,-6.6247364],[106.8090321,-6.6248035],[106.8090142,-6.6248518],[106.8090053,-6.6248887],[106.8090076,-6.6249431],[106.8090271,-6.6249857],[106.8090595,-6.6250293],[106.809099,-6.6250662],[106.8092322,-6.6251362],[106.8096915,-6.6253067],[106.8098755,-6.6253621],[106.8099075,-6.6253873],[106.8099929,-6.6254683],[106.8100366,-6.6255133],[106.8100576,-6.6255363],[106.8100888,-6.625593],[106.8101072,-6.6256284],[106.810118,-6.6256781],[106.8101168,-6.6257487],[106.8101069,-6.6258009],[106.8100836,-6.6258445],[106.810034,-6.6258865],[106.8099848,-6.6259014],[106.8099337,-6.6259156],[106.8099033,-6.6259127],[106.80987,-6.6258815],[106.8098461,-6.6258706],[106.8097897,-6.6257886],[106.8097614,-6.6256297],[106.8097022,-6.6254939],[106.8096062,-6.6254346],[106.8091986,-6.6253583],[106.8090513,-6.6253604],[106.8089617,-6.6254049],[106.8089041,-6.6254473],[106.8088627,-6.6255317],[106.8088002,-6.6256595],[106.8087851,-6.6257047],[106.8088883,-6.6257757],[106.8089868,-6.6258225],[106.8092832,-6.6259634],[106.8093503,-6.6259981],[106.809433,-6.6260744],[106.8094829,-6.6261052],[106.8096548,-6.6262306],[106.809754,-6.6263551],[106.809778,-6.6263957],[106.8098317,-6.6264864],[106.8099676,-6.6267997],[106.8101502,-6.6272602],[106.8102083,-6.6274547],[106.8102215,-6.6275326],[106.8102394,-6.6276627],[106.8102495,-6.6278424],[106.810221,-6.6280467],[106.8102106,-6.6282132],[106.8101961,-6.6283543],[106.8101363,-6.6286326],[106.8100281,-6.6289779],[106.8100155,-6.6290509],[106.8100172,-6.6290803],[106.810024,-6.6291122],[106.8100543,-6.6292618],[106.8100814,-6.6293099],[106.8101549,-6.6294178],[106.8102796,-6.6297814],[106.8104075,-6.6300387],[106.810529,-6.6302577],[106.8107007,-6.6305115],[106.8108228,-6.6306793],[106.8108521,-6.6307055],[106.8110682,-6.6308991],[106.8111835,-6.6310151],[106.8118831,-6.6316759],[106.8123039,-6.6321315],[106.8123996,-6.6322575],[106.8125821,-6.6325896],[106.8126474,-6.6327283],[106.8127053,-6.6330305],[106.8127306,-6.6331205],[106.8127966,-6.633328],[106.8129305,-6.6336313],[106.812971,-6.6337844],[106.812988,-6.6339725],[106.8129913,-6.6348833],[106.8130205,-6.6351065],[106.8130515,-6.6353112],[106.813118,-6.6355268],[106.8133108,-6.6361153],[106.8133365,-6.6362204],[106.8133903,-6.6365298],[106.8134069,-6.6365815],[106.8134628,-6.6366466],[106.8138607,-6.637048],[106.8139988,-6.6372452],[106.8140955,-6.6374405],[106.8142268,-6.6378596],[106.8142784,-6.6379864],[106.8143795,-6.6380704],[106.8144674,-6.6381361],[106.814747,-6.6383426],[106.8148622,-6.6383477],[106.8149987,-6.6383766],[106.815103,-6.6384093],[106.8151248,-6.6384147],[106.8152773,-6.6384702],[106.8153591,-6.6385515],[106.8154301,-6.6387193],[106.815455,-6.6388146],[106.8154751,-6.6389198],[106.8154692,-6.6390601],[106.8154201,-6.6394837],[106.8154188,-6.6395357],[106.8154242,-6.6395957],[106.8154456,-6.6396631],[106.8154898,-6.639743],[106.8155274,-6.639787],[106.815565,-6.6398195],[106.8156293,-6.6398516],[106.8157138,-6.6398715],[106.8158023,-6.6398769],[106.8158681,-6.6398807],[106.8160122,-6.6398762],[106.8161081,-6.6398675],[106.8161751,-6.6398581],[106.8164675,-6.639805],[106.8165399,-6.6398061],[106.8166029,-6.6398203],[106.8166633,-6.6398514],[106.8166961,-6.6398835],[106.816755,-6.6399553],[106.8171605,-6.6407577],[106.8174616,-6.6413957],[106.8179253,-6.6421954],[106.8180135,-6.6423387],[106.818109,-6.6424938],[106.8183746,-6.642838],[106.818746,-6.6432971],[106.8188662,-6.6434782],[106.8189526,-6.6436154],[106.818984,-6.643666],[106.8190143,-6.6437145],[106.8190337,-6.643748],[106.8192945,-6.6441936],[106.819371,-6.6443268],[106.8194152,-6.6443748],[106.8194608,-6.6444187],[106.8195936,-6.6445053],[106.8206111,-6.645245],[106.8209106,-6.6454537],[106.8209758,-6.6454792],[106.821034,-6.645491],[106.8214395,-6.6455189],[106.8215162,-6.6455248],[106.8215905,-6.6455396],[106.8217018,-6.645571],[106.8217849,-6.6456069],[106.8218694,-6.6456549],[106.8223273,-6.6459928],[106.8224542,-6.6460938],[106.8225361,-6.6461444],[106.8226178,-6.6461851],[106.8227653,-6.646233],[106.8232201,-6.6463415],[106.8233019,-6.6463628],[106.8233622,-6.6463836],[106.8234145,-6.6464156],[106.8234493,-6.6464509],[106.8236103,-6.6466514],[106.8237296,-6.6468178],[106.8239629,-6.6471202],[106.8240736,-6.6472781],[106.824156,-6.6474532],[106.8241976,-6.6475758],[106.8242875,-6.6478196],[106.8243934,-6.6479927],[106.824663,-6.6483018],[106.8250854,-6.648792],[106.8252102,-6.6489532],[106.8253923,-6.6490874],[106.825595,-6.6492369],[106.8260913,-6.6495746],[106.8262106,-6.6496605],[106.826269,-6.6497244],[106.8263226,-6.6497944],[106.8265961,-6.6502743],[106.8266789,-6.6503893],[106.8267127,-6.6504363],[106.8268396,-6.6505636],[106.8269227,-6.6506029],[106.826959,-6.6506049],[106.8270341,-6.6506009],[106.8272392,-6.650553],[106.8275397,-6.6504957],[106.8277341,-6.6504611],[106.8278843,-6.6504531],[106.8280452,-6.6504571],[106.8284878,-6.6504784],[106.8286782,-6.6504944],[106.8287688,-6.6505164],[106.8288305,-6.650563],[106.8288707,-6.6506389],[106.8289036,-6.6507568],[106.8289304,-6.6510272],[106.8289693,-6.6511737],[106.829145,-6.6517638],[106.8292174,-6.6519603],[106.829265,-6.6520602],[106.8293139,-6.6521561],[106.8294789,-6.6524725],[106.8295526,-6.652667],[106.8296519,-6.6529401],[106.8298022,-6.6532417],[106.8300247,-6.6538619],[106.8303202,-6.6545138],[106.8303882,-6.6547623],[106.8303955,-6.6548629],[106.8304203,-6.6552765],[106.8304539,-6.655475],[106.8305115,-6.6557161],[106.8305665,-6.6559226],[106.8306296,-6.6560324],[106.8308086,-6.6565107],[106.8308454,-6.6565826],[106.8308783,-6.6566306],[106.8309059,-6.6566646],[106.8309213,-6.6566825],[106.8309388,-6.6566975],[106.8309769,-6.6567172],[106.8310211,-6.6567311],[106.8310628,-6.6567444],[106.8311318,-6.6567612],[106.8311566,-6.6567688],[106.8311935,-6.6567781],[106.8312351,-6.6567894],[106.8312615,-6.6567968],[106.831284,-6.6568081],[106.8313041,-6.6568207],[106.8313225,-6.6568364],[106.8313349,-6.6568517],[106.8313436,-6.656869],[106.8313537,-6.6568903],[106.8313792,-6.6569763],[106.8314094,-6.6570579],[106.8314228,-6.6571078],[106.8314335,-6.6571618],[106.8314409,-6.6572077],[106.8314449,-6.657251],[106.8314449,-6.6572917],[106.8314409,-6.657327],[106.8314322,-6.6573603],[106.8314181,-6.6573976],[106.8313725,-6.6574881],[106.8313504,-6.6575328],[106.8313491,-6.6575753],[106.8313538,-6.6576147],[106.8313618,-6.6576539],[106.8313719,-6.6576782],[106.8313906,-6.6577106],[106.831412,-6.6577425],[106.8314406,-6.6577678],[106.8315067,-6.6578211],[106.8316008,-6.6578977],[106.8317165,-6.6579889],[106.8317947,-6.6580506],[106.8318442,-6.6580872],[106.8318844,-6.6581112],[106.8319304,-6.6581368],[106.8319867,-6.6581698],[106.8320209,-6.658195],[106.8320518,-6.658214],[106.832085,-6.6582373],[106.8321145,-6.6582596],[106.8321433,-6.6582876],[106.8321758,-6.6583159],[106.8322308,-6.6583616],[106.8322657,-6.6583956],[106.8323116,-6.6584389],[106.8323449,-6.6584908],[106.8323767,-6.6585264],[106.8324129,-6.6585707],[106.8324712,-6.6586437],[106.8325188,-6.6586873],[106.8325561,-6.6587166],[106.8325929,-6.6587362],[106.8326231,-6.6587489],[106.8326687,-6.6587625],[106.832712,-6.6587828],[106.8327512,-6.6587971],[106.832783,-6.6588098],[106.8328035,-6.6588225],[106.8328272,-6.6588317],[106.8328475,-6.6588489],[106.8328585,-6.6588645],[106.8328867,-6.6588991],[106.8329209,-6.6589483],[106.8329755,-6.6590373],[106.8330164,-6.6591029],[106.833072,-6.6591808],[106.8331314,-6.6592607],[106.8331891,-6.6593389],[106.833237,-6.6594056],[106.8333848,-6.659608],[106.8334499,-6.6596947],[106.8335015,-6.6597709],[106.8335424,-6.6598272],[106.8335743,-6.6598732],[106.8336028,-6.6599155],[106.8336386,-6.6599677],[106.8336695,-6.6600083],[106.8337034,-6.6600393],[106.8337389,-6.6600572],[106.8337621,-6.6600672],[106.8337869,-6.6600776],[106.8338106,-6.6600839],[106.8338304,-6.6600886],[106.833856,-6.6600926],[106.8338918,-6.6600999],[106.8339505,-6.6601142],[106.8340185,-6.6601342],[106.8341181,-6.6601615],[106.8342106,-6.6601882],[106.8343025,-6.6602158],[106.8343997,-6.6602478],[106.8344947,-6.660279],[106.8345536,-6.6602951],[106.8346344,-6.660317],[106.83474,-6.6603437],[106.8347836,-6.6603523],[106.8348249,-6.660355],[106.8348778,-6.6603543],[106.8349365,-6.660347],[106.8350217,-6.660328],[106.8351608,-6.6602784],[106.8352641,-6.6602428],[106.8353801,-6.6602011],[106.8355196,-6.6601509],[106.8355789,-6.6601289],[106.8356278,-6.6601142],[106.8356506,-6.6601189],[106.8356774,-6.6601176],[106.8357059,-6.6601192],[106.8357385,-6.6601232],[106.835821,-6.6601505],[106.8359684,-6.6601938],[106.836051,-6.6602105],[106.8361502,-6.6602265],[106.8362293,-6.6602451],[106.8362917,-6.6602538],[106.8363219,-6.6602548],[106.8363428,-6.6602539],[106.8363447,-6.6603697],[106.8363433,-6.6604436],[106.836342,-6.6605195],[106.836342,-6.6606207],[106.8363427,-6.6607386],[106.8363453,-6.6608006],[106.8363554,-6.6608872],[106.8363702,-6.6609571],[106.8363923,-6.661039],[106.8364124,-6.6611089],[106.8364278,-6.6611482],[106.8364392,-6.6611808],[106.8364439,-6.6611949],[106.8364476,-6.6612029],[106.8364509,-6.6612175],[106.836453,-6.6612292],[106.8364563,-6.6612511],[106.8364594,-6.6612621],[106.8364617,-6.6612741],[106.8364607,-6.6612914],[106.8364606,-6.6613045],[106.8364619,-6.6613185],[106.8364594,-6.6613327],[106.8364596,-6.6613482],[106.8364609,-6.6613692],[106.8364643,-6.6613884],[106.8364638,-6.6614055],[106.8364714,-6.6614293],[106.8364758,-6.6614536],[106.836479,-6.6614709],[106.8364825,-6.6614823],[106.8364861,-6.6614971],[106.8364955,-6.661511],[106.8365008,-6.6615268],[106.8365066,-6.6615415],[106.8365113,-6.6615582],[106.8365137,-6.6615735],[106.8365077,-6.6616194],[106.8365049,-6.6616441],[106.8365073,-6.661672],[106.836511,-6.6617074],[106.836519,-6.6617577],[106.8365264,-6.6617856],[106.8365351,-6.6618275],[106.8365465,-6.6619014],[106.8364875,-6.6619102],[106.8363407,-6.6619221],[106.8363004,-6.6619257],[106.8362732,-6.6619273],[106.8361073,-6.6619501],[106.8359564,-6.6619714],[106.8358156,-6.6619894],[106.8356285,-6.6620194],[106.8353891,-6.6620667],[106.8351115,-6.6621173],[106.8346891,-6.6621886],[106.8343236,-6.6622525],[106.8341339,-6.6622831],[106.8339528,-6.6623138],[106.8338123,-6.6623421],[106.8337027,-6.6623621],[106.8336192,-6.6623727],[106.8335227,-6.662384],[106.8334398,-6.6623967],[106.8333436,-6.662417],[106.8332176,-6.6624536],[106.8331478,-6.6624793],[106.8330546,-6.6625163],[106.8329517,-6.6625615],[106.8328363,-6.6626152],[106.8327505,-6.6626578],[106.8326204,-6.66273],[106.8325188,-6.662793],[106.8324384,-6.6628439],[106.8323247,-6.6629165],[106.8322295,-6.6629811],[106.8321356,-6.6630424],[106.8320391,-6.6631077],[106.8319398,-6.6631753],[106.8318583,-6.6632359],[106.8317916,-6.6632902],[106.8316682,-6.6634027],[106.8315734,-6.6634856],[106.8314738,-6.6635719],[106.831394,-6.6636368],[106.8313098,-6.6636968],[106.8312274,-6.6637484],[106.8311476,-6.6637927],[106.831046,-6.663842],[106.8309595,-6.6638763],[106.8308562,-6.6639122],[106.8307536,-6.6639409],[106.8307671,-6.66403],[106.8307717,-6.6641021],[106.8307744,-6.6641726],[106.8307704,-6.6642426],[106.8307623,-6.6643305],[106.8307523,-6.6644025],[106.8307247,-6.6645463],[106.8307046,-6.6647041],[106.8306792,-6.66483],[106.830661,-6.6649086],[106.8306362,-6.6650265],[106.8306288,-6.6650891],[106.8306242,-6.665135],[106.8306215,-6.6651603],[106.8306208,-6.6651823],[106.8306231,-6.6652016],[106.8306288,-6.6652229],[106.8306392,-6.6652599],[106.8306456,-6.6652792],[106.8306557,-6.6652969],[106.8306819,-6.6653212],[106.8306839,-6.6653465],[106.8306852,-6.6653742],[106.8306839,-6.6654104],[106.8306839,-6.6654461],[106.8306832,-6.665516],[106.8306805,-6.6655973],[106.8306772,-6.6656692],[106.8306741,-6.6657275],[106.8306705,-6.6657868],[106.8306631,-6.665867],[106.8306604,-6.6659576],[106.8306573,-6.6660355],[106.830656,-6.6660542],[106.8306493,-6.6660648],[106.8306457,-6.6660791],[106.8306433,-6.6661064],[106.8306406,-6.6661464],[106.8306316,-6.6662553],[106.8306242,-6.6663365],[106.8306115,-6.6664305],[106.8306054,-6.6665011],[106.8305994,-6.6665563],[106.8305962,-6.6666047],[106.8305927,-6.6666629],[106.8305947,-6.6667175],[106.8305974,-6.6668101],[106.8306027,-6.666918],[106.8306071,-6.6670035],[106.8306088,-6.6670359],[106.8306168,-6.6671158],[106.8306255,-6.6672017],[106.8306336,-6.6672836],[106.830643,-6.6673562],[106.830651,-6.6674188],[106.830657,-6.6674581],[106.8306678,-6.6675014],[106.8306886,-6.6675607],[106.8307134,-6.6676419],[106.8307268,-6.6676899],[106.8307295,-6.6676989],[106.8307415,-6.6677398],[106.8307543,-6.6677825],[106.8307885,-6.6678864],[106.8308254,-6.6679996],[106.8308495,-6.6680735],[106.8308743,-6.6681508],[106.8308846,-6.6681814],[106.8309045,-6.66824],[106.830934,-6.6683279],[106.8309617,-6.6684054],[106.8310037,-6.6685257],[106.8310359,-6.6686137],[106.8310694,-6.6686923],[106.8311077,-6.6687788],[106.8311606,-6.6688974],[106.8312089,-6.6690013],[106.8312679,-6.6691252],[106.8313323,-6.6692624],[106.8313973,-6.6693989],[106.8314745,-6.6695527],[106.8315241,-6.6696513],[106.8315569,-6.6697073],[106.8315925,-6.6697645],[106.8316267,-6.6698125],[106.8316763,-6.6698631],[106.8317293,-6.6699097],[106.8317601,-6.6699357],[106.8317863,-6.6699663],[106.8318124,-6.6699963],[106.8318312,-6.6700229],[106.8318473,-6.6700576],[106.8318627,-6.6700989],[106.8318768,-6.6701382],[106.8318882,-6.6701748],[106.8318942,-6.6702068],[106.8318996,-6.6702427],[106.8319036,-6.6702927],[106.8319023,-6.6703077],[106.8319036,-6.67034],[106.8318949,-6.6703992],[106.8318748,-6.6704845],[106.8318553,-6.6705657],[106.8318345,-6.670647],[106.8318017,-6.6707895],[106.8317932,-6.6708311],[106.8317849,-6.6708714],[106.8317655,-6.6709434],[106.831738,-6.671024],[106.8317058,-6.6710999],[106.8316629,-6.6711971],[106.8316448,-6.6712371],[106.8316086,-6.671319],[106.8315509,-6.6714349],[106.8315013,-6.6715295],[106.8314664,-6.6716041],[106.8314356,-6.6716593],[106.8314061,-6.671714],[106.8313705,-6.6717666],[106.8313088,-6.6718538],[106.8312559,-6.6719331],[106.8312304,-6.671975],[106.8312129,-6.6720103],[106.8312015,-6.6720496],[106.8311955,-6.6720843],[106.8311989,-6.6721302],[106.8312042,-6.6721735],[106.8312156,-6.6722328],[106.831225,-6.6722754],[106.8312404,-6.672312],[106.8312585,-6.672346],[106.831284,-6.672384],[106.8313169,-6.6724199],[106.8313578,-6.6724552],[106.8314067,-6.6724885],[106.8314785,-6.6725272],[106.831567,-6.6725678],[106.8316035,-6.6725827],[106.8316615,-6.6726064],[106.8317682,-6.6726437],[106.8318634,-6.672681],[106.8319257,-6.672705],[106.8319546,-6.6727236],[106.831976,-6.6727429],[106.8319961,-6.6727663],[106.8320129,-6.6727902],[106.832031,-6.6728269],[106.8320545,-6.6728768],[106.8320712,-6.6729341],[106.832088,-6.673],[106.8320987,-6.6730486],[106.8321095,-6.6731139],[106.8321162,-6.6731692],[106.8321229,-6.6732411],[106.8321289,-6.6733104],[106.8321296,-6.6733996],[106.8321316,-6.6734835],[106.8321349,-6.6735761],[106.832139,-6.6736587],[106.832147,-6.6737556],[106.832152,-6.6738112],[106.8321537,-6.6738445],[106.8321537,-6.6738828],[106.8321504,-6.6739091],[106.8321447,-6.6739468],[106.832138,-6.6739864],[106.8321316,-6.6740407],[106.8321262,-6.6741039],[106.8321242,-6.6741452],[106.8321232,-6.6741719],[106.8321222,-6.6741982],[106.8321229,-6.6742418],[106.8321232,-6.6742771],[106.8321232,-6.6743114],[106.8321235,-6.6743497],[106.8321249,-6.6743916],[106.8321249,-6.6744246],[106.8321232,-6.6744523],[106.8321209,-6.6744866],[106.8321165,-6.6745791],[106.8321145,-6.6746118],[106.8321108,-6.6746517],[106.8321068,-6.674684],[106.8321011,-6.6747343],[106.8320961,-6.6747713],[106.8320897,-6.6748089],[106.8320857,-6.6748409],[106.83208,-6.6748778],[106.8320769,-6.6749131],[106.8320719,-6.6749404],[106.8320649,-6.6749707],[106.8320545,-6.675004],[106.8320434,-6.6750423],[106.8320374,-6.6750626],[106.832029,-6.6750959],[106.8320256,-6.6751206],[106.8320196,-6.6751579],[106.8320102,-6.6751932],[106.8319985,-6.6752331],[106.8319878,-6.6752668],[106.8319807,-6.6752991],[106.831977,-6.6753224],[106.831976,-6.675341],[106.8319754,-6.6753813],[106.8319767,-6.675423],[106.8319784,-6.6754469],[106.8319777,-6.6754752],[106.8319717,-6.6755112],[106.831963,-6.6755612],[106.8319576,-6.6756121],[106.8319556,-6.6756421],[106.8319562,-6.675668],[106.8319583,-6.6757007],[106.8319616,-6.6757556],[106.831965,-6.6757983],[106.8319673,-6.6758492],[106.8319676,-6.6758928],[106.8319693,-6.6759348],[106.8319723,-6.6759854],[106.8319727,-6.676045],[106.831972,-6.676096],[106.8319723,-6.6761482],[106.8319727,-6.6761975],[106.831973,-6.6762691],[106.831973,-6.6763331],[106.8319747,-6.6763987],[106.831976,-6.6764483],[106.8319784,-6.6764976],[106.8319837,-6.6765465],[106.8319921,-6.6766111],[106.8319988,-6.6766691],[106.8319995,-6.676709],[106.8319955,-6.6767623],[106.8319908,-6.6768122],[106.8319814,-6.6768575],[106.8319686,-6.6769181],[106.8319646,-6.6769474],[106.831968,-6.6769867],[106.831974,-6.6770194],[106.8319841,-6.6770527],[106.8319948,-6.677082],[106.8320122,-6.6771199],[106.8320404,-6.6771572],[106.8320753,-6.6772039],[106.8321148,-6.6772478],[106.8321718,-6.6772991],[106.8322355,-6.677353],[106.8323033,-6.6774077],[106.8323763,-6.6774649],[106.8324675,-6.6775355],[106.8325239,-6.6775788],[106.8325668,-6.6776108],[106.8326379,-6.6776567],[106.8326781,-6.6776834],[106.8327076,-6.677702],[106.8327592,-6.6777307],[106.8327948,-6.6777373],[106.8328407,-6.677749],[106.8328987,-6.67776],[106.832958,-6.6777686],[106.8330063,-6.6777723],[106.833065,-6.6777756],[106.8331334,-6.6777766],[106.8331867,-6.6777766],[106.8332293,-6.677772],[106.8332652,-6.6777663],[106.8333111,-6.677757],[106.8333647,-6.6777433],[106.8334123,-6.6777303],[106.8334526,-6.677717],[106.8335002,-6.6777],[106.8335431,-6.6776837],[106.8335957,-6.6776634],[106.8336494,-6.6776438],[106.8336749,-6.6776351],[106.8337027,-6.6776268],[106.8337319,-6.6776204],[106.8337775,-6.6776141],[106.8338415,-6.6776071],[106.833932,-6.6775968],[106.8341254,-6.6775565],[106.834282,-6.6775601]],[[106.8069336,-6.6188345],[106.8066687,-6.618616],[106.8066124,-6.618562],[106.8065525,-6.6185075],[106.8064199,-6.6183835],[106.8063509,-6.6183149],[106.8063106,-6.6182763],[106.8062558,-6.6182283],[106.8061718,-6.6181457],[106.806094,-6.6180807],[106.8060269,-6.6180278],[106.8059573,-6.6179726],[106.8058788,-6.6179173],[106.8057936,-6.617842],[106.8057172,-6.6177761],[106.8056393,-6.6176936],[106.8056285,-6.6176713],[106.8055543,-6.6175429],[106.8055053,-6.6174404],[106.8053572,-6.6172601],[106.8053153,-6.6171959],[106.8052377,-6.6170854],[106.8051399,-6.6169694],[106.8049789,-6.6168076],[106.8048374,-6.6166751],[106.8048012,-6.6166411],[106.804641,-6.6164792],[106.8045438,-6.6163746],[106.8044901,-6.6163027],[106.8044463,-6.616238],[106.8043873,-6.6161525],[106.804348,-6.6160842],[106.8043198,-6.6160203],[106.8042956,-6.6159602],[106.8042728,-6.615907],[106.8042501,-6.6158563],[106.8042162,-6.6157768],[106.8041777,-6.6156885],[106.8041333,-6.6155845],[106.8040885,-6.6154881],[106.8039765,-6.6152476],[106.8039296,-6.6151543],[106.8038826,-6.6150597],[106.8038013,-6.6148973],[106.8037471,-6.6147853],[106.8036671,-6.6146311],[106.8035986,-6.6145023],[106.8035311,-6.614367],[106.8034545,-6.6142217],[106.8033461,-6.614022],[106.8032458,-6.6138232],[106.8032013,-6.6137412],[106.80316,-6.6136632],[106.8031027,-6.6135667],[106.8030465,-6.6134781],[106.802933,-6.6132973],[106.8028747,-6.6132127],[106.8028066,-6.6131105],[106.8026637,-6.6128947],[106.8026199,-6.6128317],[106.8025756,-6.6127624],[106.8025294,-6.6126918],[106.8024999,-6.6126458],[106.8024516,-6.6125773],[106.8024134,-6.6125326],[106.8023765,-6.61249],[106.8023095,-6.6124226],[106.8022344,-6.6123541],[106.8021552,-6.6122999],[106.8020306,-6.6122355],[106.8017522,-6.6121123],[106.8015561,-6.6120332],[106.8014638,-6.6119941],[106.8012178,-6.6118892],[106.8010314,-6.6117959],[106.8008553,-6.6117118],[106.8006547,-6.6116022],[106.8006169,-6.6115815],[106.800329,-6.6114192],[106.8002128,-6.6113516],[106.7999478,-6.6112004],[106.7997816,-6.6110935],[106.7996289,-6.6109771],[106.7994703,-6.610846],[106.7993258,-6.6107062],[106.799177,-6.6106014],[106.7989877,-6.6104384],[106.7989578,-6.6104113],[106.7989116,-6.6103693],[106.7987358,-6.6102096],[106.7986741,-6.6101558],[106.7984322,-6.6099249],[106.7981919,-6.6096976],[106.7981514,-6.6096612],[106.7979648,-6.6094841],[106.7977763,-6.6093117],[106.7977373,-6.6092732],[106.7975272,-6.6090924],[106.7974436,-6.6090205],[106.7973638,-6.6089546],[106.797258,-6.6088672],[106.7972309,-6.6088448],[106.7970088,-6.6086584],[106.7969792,-6.6086352],[106.7968461,-6.6085289],[106.7966527,-6.6083629],[106.7965725,-6.608301],[106.7964708,-6.6082151],[106.7963353,-6.6081065],[106.7962906,-6.6080764],[106.796253,-6.6080552],[106.7962023,-6.6080326],[106.7961565,-6.6080165],[106.7961239,-6.6080091],[106.7954844,-6.6078684],[106.7954316,-6.6078556],[106.7954118,-6.607852],[106.795336,-6.607809],[106.7950413,-6.6077611],[106.7950634,-6.607645],[106.7950856,-6.607529],[106.7950752,-6.60748],[106.795092,-6.6074029],[106.7952175,-6.6068287],[106.7952716,-6.6066017],[106.7953608,-6.6062432],[106.7954077,-6.6060747],[106.7954997,-6.6058595],[106.7955838,-6.6057664],[106.7956197,-6.6057612],[106.7956705,-6.6057316],[106.7961939,-6.6051976],[106.796415,-6.6049121],[106.7967706,-6.6044529],[106.7970292,-6.6040829],[106.7971616,-6.6039516],[106.7972226,-6.6038893]],[[106.8020306,-6.6122355],[106.8024271,-6.6116098],[106.8024338,-6.6115998],[106.8024751,-6.6115401],[106.8025187,-6.6115215],[106.8025741,-6.61152],[106.8027396,-6.6115201],[106.8027973,-6.6115017],[106.8028902,-6.6114095],[106.8029705,-6.6113034],[106.8030924,-6.611113],[106.803317,-6.610772],[106.8034374,-6.6106322],[106.8035165,-6.6105397],[106.8035988,-6.6104829],[106.8037059,-6.6104397],[106.8039858,-6.6103511],[106.8038941,-6.6102634],[106.8035137,-6.6099735],[106.8034239,-6.6099002],[106.80338,-6.6098599],[106.8032988,-6.6097337],[106.8032425,-6.6096817],[106.8031801,-6.6096535],[106.8029746,-6.6095645],[106.8028535,-6.609491],[106.8025761,-6.6092659],[106.8024535,-6.6091629],[106.8023165,-6.6090569],[106.8020324,-6.6088485],[106.8019495,-6.6087891],[106.8018951,-6.6087643],[106.8018117,-6.6087243],[106.8017099,-6.6086853],[106.8013989,-6.6085867],[106.8013385,-6.6085686],[106.8012741,-6.6085234],[106.8012443,-6.6084383],[106.801232,-6.6083738],[106.8012349,-6.6082884],[106.801285,-6.6081297],[106.8012874,-6.6079964],[106.8007385,-6.6080595],[106.8006546,-6.6080579],[106.8006091,-6.6080557],[106.8005291,-6.6080237],[106.8004058,-6.6079559],[106.8002588,-6.6078556],[106.8001601,-6.6077695],[106.8001155,-6.6077168],[106.7998868,-6.6075043],[106.7996967,-6.6073284],[106.799577,-6.6072192],[106.79929,-6.607052],[106.7992038,-6.6069921],[106.7990154,-6.6068611],[106.7989551,-6.6068145],[106.7988944,-6.6067384],[106.7987485,-6.6065646],[106.798646,-6.6064384],[106.7985543,-6.6063053],[106.7984417,-6.6061306],[106.7983879,-6.6060462],[106.7983582,-6.606008],[106.7982975,-6.6059314],[106.7982619,-6.6058765],[106.7981103,-6.6056284],[106.7977892,-6.6050191],[106.7975956,-6.6045929],[106.7973202,-6.6040175],[106.7972763,-6.6039852],[106.7972387,-6.6039721],[106.7972266,-6.6039679],[106.7971616,-6.6039516]],[[106.834386,-6.6775575],[106.8351638,-6.6776854],[106.8353117,-6.6777483],[106.8355608,-6.6778802],[106.8355762,-6.6778922],[106.8355906,-6.6779035],[106.8356339,-6.6779461],[106.8356735,-6.6779867],[106.8357197,-6.6780457],[106.8357613,-6.678103],[106.8358049,-6.6781669],[106.8358297,-6.6782049],[106.8358558,-6.6782382],[106.83588,-6.6782661],[106.8359055,-6.6782921],[106.8359376,-6.6783194],[106.836,-6.6783574],[106.8360919,-6.6784087],[106.8361978,-6.6784659],[106.8362669,-6.6784952],[106.8363145,-6.6785112],[106.8363668,-6.6785279],[106.8364285,-6.6785432],[106.8364875,-6.6785558],[106.8366196,-6.6785725],[106.8367061,-6.6785831],[106.8367993,-6.6785958],[106.8368798,-6.6786065],[106.836981,-6.6786251],[106.8370936,-6.6786437],[106.8371715,-6.6786617],[106.837327,-6.6786897],[106.837445,-6.678709],[106.8375356,-6.678723],[106.8376174,-6.678733],[106.8376784,-6.678737],[106.837722,-6.6787383],[106.8377864,-6.6787377],[106.837834,-6.678731],[106.8378863,-6.6787177],[106.8379506,-6.6786897],[106.838009,-6.6786577],[106.8380687,-6.6786198],[106.8381149,-6.6785971],[106.8381666,-6.6785792],[106.8382397,-6.6785645],[106.8383067,-6.6785592],[106.8383791,-6.6785538],[106.8384971,-6.6785558],[106.8386098,-6.6785598],[106.838758,-6.6785658],[106.8388975,-6.6785718],[106.8389793,-6.6785785],[106.8390537,-6.6785871],[106.8391362,-6.6785991],[106.8391985,-6.6786071],[106.8393461,-6.6786371],[106.8393962,-6.6786489],[106.8394366,-6.6786584],[106.8394902,-6.6786677],[106.8395553,-6.6786737],[106.8396197,-6.6786797],[106.8397135,-6.6786864],[106.8398423,-6.6786957],[106.8399341,-6.678709],[106.8400092,-6.6787217],[106.8400394,-6.678731],[106.8400729,-6.678751],[106.8400978,-6.6787736],[106.8401185,-6.6788056],[106.8401373,-6.6788182],[106.8401494,-6.6788456],[106.8401594,-6.6788802],[106.8401675,-6.6789102],[106.8401729,-6.6789628],[106.8401782,-6.6790247],[106.8401843,-6.6791033],[106.840191,-6.6791479],[106.8401973,-6.6791849],[106.8402057,-6.6792265],[106.8402151,-6.6792585],[106.8402278,-6.6792934],[106.8402446,-6.6793361],[106.8402647,-6.679377],[106.8402788,-6.6794027],[106.8402882,-6.6794166],[106.8403013,-6.6794343],[106.840313,-6.6794456],[106.8403274,-6.6794539]]]}},
{"type":"Feature","properties":{"FID":null,"Keterangan":null,"Nama":null,"id":"relation/20237323","@id":"relation/20237323","colour":"#ff1900","colour:back":"blue","from":"Terminal Bubulak","name":"Terminal Bubulak–Cidangiang","network":"BisKita Trans Pakuan","old_ref":"03","operator":"BisKita Trans Pakuan","ref":"K1","roundtrip":null,"route":"bus","to":"Cidangiang","type":"route","via":"Sholeh Iskandar","layer":"angkot-kota-bogor","path":"C:/Users/Dzaka/Desktop/kuliah_smster_5/sig/tugas Akhir/frontend/public/rute/angkot-kota-bogor.geojson|geometrytype=MultiLineString"},"geometry":{"type":"MultiLineString","coordinates":[[[106.8047056,-6.5926847],[106.8047422,-6.5926447],[106.8047459,-6.5925854],[106.8047667,-6.5921815],[106.8047727,-6.5919816],[106.8047753,-6.5915774],[106.8047748,-6.5914531],[106.8047771,-6.5913654],[106.8047712,-6.5911701],[106.804765,-6.5909628],[106.80477,-6.5904549],[106.8047788,-6.590293],[106.8048043,-6.5899406],[106.8048143,-6.5897821],[106.804827,-6.5896929],[106.8048519,-6.589517],[106.8048672,-6.5894483],[106.8049241,-6.5891933],[106.804939,-6.5891266],[106.8049503,-6.5890844],[106.8049692,-6.5890142],[106.805081,-6.5885983],[106.8050902,-6.5885656],[106.8051004,-6.5885292],[106.8053511,-6.5876442],[106.8055483,-6.58693],[106.8055984,-6.5867406],[106.805744,-6.5861899],[106.8059583,-6.585088],[106.8060311,-6.5847138],[106.8062349,-6.5837226],[106.8063791,-6.5830498],[106.8064222,-6.5828395],[106.8065346,-6.5822798],[106.8066077,-6.5819101],[106.8066265,-6.5818046],[106.8066779,-6.5815127],[106.8067214,-6.5812518],[106.8067874,-6.5808829],[106.8068028,-6.5808034],[106.8068203,-6.5807083],[106.8068679,-6.5804499],[106.8068922,-6.5803362],[106.8069449,-6.580069],[106.8070205,-6.5796949],[106.8070344,-6.5796241],[106.8070436,-6.5795706],[106.8070824,-6.5793748],[106.8071113,-6.5791982],[106.8071227,-6.579139],[106.8071817,-6.5788872],[106.8072256,-6.57861],[106.8072407,-6.578528],[106.8072541,-6.5784549],[106.8072678,-6.5783812],[106.807309,-6.5781579],[106.8074349,-6.5774745],[106.8074887,-6.5771827],[106.8076202,-6.576555],[106.8076498,-6.5764152],[106.8076565,-6.5763838],[106.8076779,-6.5762546],[106.8077222,-6.5760028],[106.807747,-6.5759068],[106.8078045,-6.5756252],[106.8078965,-6.5751954],[106.8080019,-6.5746658],[106.8081354,-6.5739951],[106.8081916,-6.5737126],[106.8082171,-6.5735882],[106.8082731,-6.5733153],[106.8082995,-6.5732009],[106.8083846,-6.572772],[106.8083974,-6.5726878],[106.8084961,-6.5722461],[106.8085697,-6.5719387],[106.8086129,-6.5716651],[106.8086724,-6.5713953],[106.8087106,-6.5709348],[106.8089703,-6.5698731],[106.8090164,-6.5696105],[106.809101,-6.5692215],[106.8091477,-6.5689576],[106.8091496,-6.5689468],[106.8091568,-6.5689059],[106.8091696,-6.5688194],[106.8092806,-6.5682908],[106.8093204,-6.5681011],[106.8093632,-6.5678929],[106.8094623,-6.5676089],[106.8094886,-6.5675324],[106.8096196,-6.5672063],[106.8098756,-6.5665767],[106.8099219,-6.5664581],[106.8099876,-6.5662849],[106.8100453,-6.5661288],[106.8101359,-6.5658668],[106.8101611,-6.5657953],[106.8102609,-6.5655265],[106.8104542,-6.5649211],[106.8105051,-6.5647628],[106.8105231,-6.564707],[106.8105922,-6.5644892],[106.8106186,-6.5644101],[106.8106673,-6.5642195],[106.8107545,-6.563868],[106.8106725,-6.5638103],[106.810547,-6.5637292],[106.810515,-6.5637151],[106.8100587,-6.5635253],[106.8100444,-6.5635157],[106.8098962,-6.5634167],[106.8098494,-6.5633847],[106.8097528,-6.5633186],[106.8095679,-6.5631891],[106.808769,-6.5626151],[106.8085215,-6.5624335],[106.8081149,-6.5621298],[106.8074142,-6.5616388],[106.8071908,-6.5614984],[106.8070167,-6.561393],[106.8067895,-6.5612874],[106.8066003,-6.5612073],[106.8064141,-6.5611403],[106.8062026,-6.5610777],[106.8059563,-6.5610269],[106.8054557,-6.5609877],[106.8051995,-6.5609824],[106.8047416,-6.5610211],[106.8040837,-6.5611596],[106.8030309,-6.5614195],[106.8025546,-6.5615291],[106.8019339,-6.5616791],[106.8015717,-6.561764],[106.8011488,-6.5618644],[106.8008758,-6.5619084],[106.8006009,-6.561963],[106.80033,-6.5620235],[106.8002577,-6.5620376],[106.8000211,-6.5620505],[106.7998726,-6.562067],[106.7998173,-6.5620731],[106.7996758,-6.5620933],[106.7993018,-6.5621487],[106.798924,-6.5622002],[106.7984399,-6.5622969],[106.7980796,-6.5623787],[106.7978087,-6.5624493],[106.7974385,-6.5624867],[106.7970852,-6.5624839],[106.7966795,-6.5624493],[106.7961886,-6.562421],[106.7957762,-6.5623998],[106.7957679,-6.5623978],[106.795164,-6.562228],[106.7943503,-6.5619771],[106.7936055,-6.561758],[106.7930226,-6.561584],[106.7922691,-6.5613498],[106.7921918,-6.5613265],[106.7917495,-6.5612009],[106.7913918,-6.5610986],[106.790501,-6.5608289],[106.7904266,-6.5608064],[106.7895575,-6.560538],[106.7891126,-6.5603994],[106.7882191,-6.5601571],[106.7875843,-6.5599674],[106.7872033,-6.5598427],[106.7863155,-6.5594902],[106.7856046,-6.5591785],[106.7847746,-6.5587707],[106.7843393,-6.5585402],[106.7840114,-6.5583644],[106.7837586,-6.5582252],[106.7832363,-6.5579268],[106.7827421,-6.557645],[106.7822083,-6.557305],[106.7820452,-6.5571991],[106.7818314,-6.5570631],[106.7816964,-6.5569665],[106.7814918,-6.5568613],[106.7813056,-6.5567759],[106.7810995,-6.5566911],[106.7808955,-6.5566046],[106.7806868,-6.5565212],[106.7803134,-6.5564027],[106.7796267,-6.5561708],[106.7792201,-6.5560296],[106.7791195,-6.5559922],[106.7788914,-6.5561409],[106.7786926,-6.5561716],[106.7781707,-6.5562523],[106.7773055,-6.5564049],[106.7767881,-6.556506],[106.7767283,-6.5565177],[106.7761159,-6.5566272],[106.7760842,-6.5566337],[106.7753706,-6.5567597],[106.7752983,-6.5567743],[106.7752192,-6.5567889],[106.7744392,-6.5569162],[106.7738273,-6.5570204],[106.7736675,-6.5570514],[106.7736172,-6.5570601],[106.7734757,-6.557082],[106.7733336,-6.5571054],[106.772394,-6.5572638],[106.7722057,-6.5572985],[106.7721305,-6.5573086],[106.771712,-6.5573878],[106.7716851,-6.5573943],[106.7711657,-6.5575197],[106.7709732,-6.5575883],[106.7706554,-6.5577169],[106.7706418,-6.5577233],[106.7704616,-6.5578082],[106.7703999,-6.5578529],[106.7703168,-6.5579195],[106.7701839,-6.558028],[106.7699909,-6.5581746],[106.7693603,-6.5586859],[106.7690872,-6.5588968],[106.7689716,-6.5589926],[106.7686919,-6.5592238],[106.7684674,-6.5594077],[106.7670703,-6.5605158],[106.7669855,-6.5605901],[106.7668634,-6.560692],[106.76674,-6.560786],[106.7657711,-6.5615726],[106.765391,-6.5619393],[106.7653153,-6.5620195],[106.7646841,-6.5626878],[106.7641328,-6.5632323],[106.7639034,-6.5634589],[106.7635683,-6.5637897],[106.7633565,-6.5640105],[106.7632892,-6.5640808],[106.7630743,-6.5641927],[106.7629299,-6.5642679],[106.7627308,-6.5644005],[106.7623921,-6.5646377],[106.7622261,-6.5647667],[106.7618497,-6.5650673],[106.7614929,-6.5653858],[106.7614488,-6.5654286],[106.7613696,-6.5655057],[106.7612845,-6.5656026],[106.7612046,-6.5656935],[106.7608186,-6.5662711],[106.760163,-6.5672219],[106.7598145,-6.5677273],[106.7597079,-6.5678585],[106.7596382,-6.5679331],[106.7596235,-6.567944],[106.759547,-6.5680011],[106.759323,-6.568149],[106.759251,-6.568193],[106.7586967,-6.5685367],[106.7585546,-6.5686206],[106.7584275,-6.5686968],[106.7581791,-6.5688457],[106.7578974,-6.569003],[106.7576708,-6.5691468],[106.7574779,-6.5692979],[106.7572626,-6.5694664],[106.7571944,-6.5695198],[106.7571425,-6.5695637],[106.7570438,-6.5696451],[106.7561983,-6.5703286],[106.7561294,-6.5703853],[106.7555802,-6.5708165],[106.7553469,-6.5709681],[106.7553286,-6.5709251],[106.7553247,-6.5709159],[106.7553104,-6.5708825],[106.7550373,-6.5702358],[106.7550037,-6.5701789],[106.754915,-6.5700461],[106.7548984,-6.570003],[106.7548302,-6.5696378],[106.754758,-6.5695473],[106.7545282,-6.569809],[106.7548028,-6.5701456],[106.7549292,-6.5703005],[106.7552411,-6.5709881],[106.7552582,-6.5710224],[106.7553526,-6.5710674],[106.7556272,-6.5708889],[106.7562727,-6.5704028],[106.7563685,-6.5703262],[106.7564288,-6.570278],[106.7568812,-6.5699161],[106.7570909,-6.5697517],[106.7573035,-6.5695849],[106.7575116,-6.5694123],[106.7576815,-6.5692775],[106.7579565,-6.5690935],[106.7582247,-6.5689411],[106.7585928,-6.5687238],[106.7586987,-6.5686572],[106.7589502,-6.5684947],[106.7592527,-6.5683061],[106.7596328,-6.568059],[106.7597354,-6.5679751],[106.7598086,-6.5678925],[106.7599024,-6.5677745],[106.7603156,-6.5671528],[106.7608559,-6.5663664],[106.7612595,-6.5657921],[106.7614876,-6.5655376],[106.7619463,-6.5651152],[106.7622583,-6.5648548],[106.7624217,-6.5647335],[106.7627596,-6.5644937],[106.7630325,-6.5643179],[106.7632931,-6.564173],[106.7633651,-6.5641032],[106.763842,-6.5636507],[106.7639574,-6.5635266],[106.7648296,-6.5626759],[106.765344,-6.5621299],[106.7654589,-6.5620068],[106.7658502,-6.5616233],[106.766913,-6.5607686],[106.7677925,-6.5600383],[106.7685163,-6.5594776],[106.7694162,-6.5587701],[106.7695925,-6.5586315],[106.7702068,-6.5581413],[106.7702601,-6.5580993],[106.7703214,-6.5580366],[106.7703902,-6.5579871],[106.7704187,-6.5579658],[106.7704974,-6.5579238],[106.7707197,-6.5578128],[106.7710054,-6.5576889],[106.7712334,-6.5576103],[106.7714708,-6.5575437],[106.7717832,-6.5574691],[106.7721434,-6.5574186],[106.7722386,-6.5574032],[106.7734851,-6.5571707],[106.7741999,-6.5570494],[106.775325,-6.5568749],[106.7754944,-6.5568455],[106.7757178,-6.5568138],[106.7764904,-6.5566637],[106.7773427,-6.5564946],[106.7779263,-6.5563916],[106.7787228,-6.5562581],[106.7790236,-6.5561922],[106.779271,-6.5562763],[106.7794157,-6.5563248],[106.7795675,-6.5563747],[106.7803006,-6.5566231],[106.7806331,-6.5567404],[106.7809456,-6.5568563],[106.7815786,-6.557172],[106.7817202,-6.557259],[106.7822841,-6.5575344],[106.7831625,-6.5580493],[106.7833409,-6.5581566],[106.784226,-6.5586575],[106.7847356,-6.5589293],[106.785264,-6.5591918],[106.7858139,-6.5594476],[106.7861827,-6.5595942],[106.7867701,-6.559818],[106.7870691,-6.5599246],[106.7875543,-6.5601028],[106.7882079,-6.5603169],[106.7887758,-6.5604801],[106.7889871,-6.5605381],[106.7891521,-6.5605882],[106.7893256,-6.5606379],[106.7894531,-6.5606745],[106.7895143,-6.560693],[106.7897941,-6.5607697],[106.7900503,-6.5608457],[106.7901095,-6.5608636],[106.7901667,-6.5608809],[106.7903138,-6.5609248],[106.7907121,-6.5610436],[106.7912483,-6.5611982],[106.7925556,-6.5615753],[106.7926742,-6.5616151],[106.792747,-6.5616375],[106.7929777,-6.5617016],[106.7930595,-6.5617259],[106.7938231,-6.5619559],[106.7940479,-6.5620237],[106.7941274,-6.5620476],[106.7951621,-6.5623705],[106.7959609,-6.5626447],[106.7961555,-6.562721],[106.7967104,-6.5628987],[106.7970491,-6.5629253],[106.7971777,-6.5629238],[106.797619,-6.5629323],[106.7985063,-6.5628061],[106.7986011,-6.5627711],[106.7990588,-6.5626201],[106.7998742,-6.5623697],[106.8001073,-6.562317],[106.8003444,-6.5622526],[106.8005273,-6.5622083],[106.8006278,-6.5621839],[106.8009162,-6.5621135],[106.8016103,-6.5619205],[106.8019526,-6.5618314],[106.8025826,-6.5616819],[106.8030407,-6.5615765],[106.8035778,-6.561448],[106.8047462,-6.5611683],[106.8052519,-6.5611403],[106.805799,-6.5611816],[106.8061262,-6.5612839],[106.8063345,-6.561351],[106.8065701,-6.5614454],[106.8066774,-6.561486],[106.8067874,-6.5615354],[106.8068799,-6.561586],[106.8070503,-6.5616833],[106.8072095,-6.5617683],[106.8073682,-6.5618597],[106.8076826,-6.5620733],[106.8079356,-6.5622639],[106.8082813,-6.562521],[106.8093231,-6.5632602],[106.8096363,-6.5634719],[106.8097496,-6.5635628],[106.8100986,-6.5638429],[106.8102804,-6.5639762],[106.810348,-6.5640779],[106.8103709,-6.5641121],[106.8104217,-6.5642358],[106.810452,-6.5643204],[106.810461,-6.564406],[106.810447,-6.564497],[106.8103995,-6.5647564],[106.8103189,-6.5650416],[106.8102005,-6.5654622],[106.8101985,-6.5654691],[106.8100242,-6.5659366],[106.8099037,-6.5662839],[106.8097003,-6.5667935],[106.8096287,-6.566973],[106.8095382,-6.5671981],[106.809467,-6.5673722],[106.8093322,-6.5677421],[106.8092562,-6.5679211],[106.8091986,-6.56809],[106.8091722,-6.5682625],[106.809093,-6.5686318],[106.8090535,-6.5687839],[106.8090353,-6.5688739],[106.8089889,-6.5691027],[106.8089278,-6.569404],[106.808854,-6.5697496],[106.8088442,-6.569793],[106.8088178,-6.5699102],[106.8087199,-6.5703392],[106.808614,-6.5709347],[106.8085543,-6.5714051],[106.80851,-6.5715413],[106.8084744,-6.5717328],[106.8084179,-6.5720373],[106.808345,-6.5724299],[106.8083229,-6.5725681],[106.8081017,-6.5736899],[106.8080747,-6.5738303],[106.8078965,-6.5747571],[106.8077945,-6.5752913],[106.8077622,-6.5754311],[106.8076712,-6.5758255],[106.8076202,-6.576072],[106.8075909,-6.5762395],[106.8075277,-6.5765423],[106.8075021,-6.5766693],[106.8073378,-6.5774852],[106.807291,-6.5777174],[106.807187,-6.578277],[106.8071637,-6.578382],[106.8071542,-6.5784333],[106.807124,-6.5786087],[106.8071059,-6.5787133],[106.8070622,-6.5789898],[106.8070386,-6.579127],[106.8069243,-6.5796953],[106.8068894,-6.5798759],[106.8068705,-6.5799903],[106.8067965,-6.580371],[106.8067176,-6.5807891],[106.8066995,-6.5808676],[106.8066372,-6.5811757],[106.8064353,-6.5822611],[106.8061874,-6.5834535],[106.806141,-6.5837006],[106.8061068,-6.5838907],[106.8060968,-6.5839464],[106.8060725,-6.5840816],[106.805972,-6.5845906],[106.8058204,-6.5854033],[106.8057427,-6.5858202],[106.805685,-6.5861746],[106.805639,-6.5863398],[106.8056073,-6.5864538],[106.8055053,-6.5868209],[106.805449,-6.5870126],[106.8052238,-6.587732],[106.8051566,-6.5879839],[106.8051016,-6.5881624],[106.8050062,-6.5885022],[106.8049866,-6.5885718],[106.8049175,-6.5888441],[106.8048509,-6.5891063],[106.804765,-6.5895013],[106.8047302,-6.5897611],[106.8047087,-6.5900049],[106.8046946,-6.590294],[106.8046918,-6.5907716],[106.8046899,-6.5910801],[106.8046879,-6.5911812],[106.8046953,-6.591457],[106.8046958,-6.5916901],[106.8046906,-6.5921871],[106.8046731,-6.5926414],[106.8047056,-6.5926847],[106.8046937,-6.5927834],[106.8046609,-6.5930408],[106.8046405,-6.5931935],[106.8046354,-6.5932306],[106.8046158,-6.5933658],[106.8045919,-6.5935341],[106.8045847,-6.5935859],[106.8045659,-6.5937145],[106.8045563,-6.5937763],[106.8045269,-6.593954],[106.8045183,-6.5940087],[106.804505,-6.5940988],[106.8045006,-6.5941297],[106.804481,-6.5942631],[106.8044453,-6.5944941],[106.8044236,-6.5946275],[106.8044205,-6.5946453],[106.8044022,-6.5947523],[106.8043679,-6.5949617],[106.8043588,-6.5950214],[106.8043168,-6.5953109],[106.8043026,-6.5954067],[106.8042865,-6.5955176],[106.8042857,-6.5955456],[106.8042801,-6.5957506],[106.8042971,-6.5957811],[106.8043047,-6.5958019],[106.8043493,-6.5960206],[106.8044089,-6.5964153],[106.804425,-6.5965207],[106.8044672,-6.5968086],[106.8045131,-6.5970865],[106.804523,-6.5971513],[106.8045582,-6.5973771],[106.8046123,-6.5977544],[106.8046144,-6.5977676],[106.8046318,-6.5978819],[106.8046509,-6.5979926],[106.8046694,-6.5981135],[106.8046774,-6.5981662],[106.8046914,-6.5982567],[106.8047478,-6.5985541],[106.8047921,-6.5988767],[106.8048383,-6.5991963],[106.804902,-6.599637],[106.8049577,-6.6000347],[106.8050341,-6.6004651],[106.8050629,-6.6006102],[106.805066,-6.6006283],[106.8051535,-6.6009726],[106.8051623,-6.600999],[106.8051708,-6.6010246],[106.8052246,-6.6011681],[106.8052879,-6.6012872],[106.8052986,-6.6013211],[106.8053221,-6.6013954],[106.8053462,-6.6014686],[106.8054428,-6.6017309],[106.8054616,-6.6017824],[106.8056669,-6.6023133],[106.8059878,-6.6030517],[106.806365,-6.6028581],[106.8064297,-6.6028263],[106.8065056,-6.6027884],[106.8066295,-6.6027279],[106.8066989,-6.6026963],[106.8067269,-6.6026866],[106.806737,-6.602683],[106.8067727,-6.6026656],[106.8069014,-6.6026156],[106.8069723,-6.6027344],[106.8069804,-6.602748],[106.8070192,-6.6028129],[106.8070288,-6.6028289],[106.807049,-6.602867],[106.8070817,-6.6029288],[106.8071019,-6.6029668],[106.8071026,-6.6029685],[106.8071111,-6.6029892],[106.8071662,-6.6031228],[106.8071851,-6.6031686],[106.8072476,-6.6033564],[106.8072617,-6.6033967],[106.8072867,-6.603463],[106.8072957,-6.603487],[106.807322,-6.6035331],[106.8073533,-6.6035882],[106.8074083,-6.6036569],[106.8074409,-6.6036771],[106.8074866,-6.6037054],[106.8075465,-6.6037388],[106.8075728,-6.6037533],[106.8075996,-6.603768],[106.8076462,-6.6037839],[106.807655,-6.603785],[106.8077018,-6.6037911],[106.8078188,-6.6037924],[106.8079189,-6.6037935],[106.808021,-6.6037229],[106.80808,-6.6036821],[106.808156,-6.6036295],[106.8086514,-6.6032873],[106.8087666,-6.6032076],[106.8089233,-6.6030964],[106.8092501,-6.6028645],[106.8092862,-6.6028391],[106.8097005,-6.6025468],[106.8098456,-6.6024441],[106.8100088,-6.6023374],[106.8103718,-6.602063],[106.810431,-6.6020453],[106.8107777,-6.6018054],[106.8109421,-6.6017055],[106.8110248,-6.6016469],[106.8110483,-6.6016461],[106.8110694,-6.6016574],[106.8110978,-6.6016809],[106.8111147,-6.6017172],[106.8111147,-6.6017551],[106.8110929,-6.6017887],[106.8108414,-6.6019598],[106.8107806,-6.6020075],[106.810667,-6.6021153],[106.8100922,-6.6025026],[106.8099612,-6.6025954],[106.8082967,-6.603775],[106.8076983,-6.6041436],[106.8071436,-6.6044754],[106.8070298,-6.6045389],[106.8069443,-6.604585],[106.8069027,-6.6045261],[106.8068691,-6.6044817],[106.8067156,-6.6042813],[106.8064227,-6.60396],[106.8062764,-6.6037594],[106.8062146,-6.6036698],[106.8061658,-6.6035921],[106.8060613,-6.60342],[106.8056636,-6.6025171],[106.8054741,-6.6020611],[106.8053688,-6.6018281],[106.8052468,-6.6017235],[106.805093,-6.6016619],[106.8049599,-6.6016241],[106.8048234,-6.6015994],[106.8046866,-6.6015795],[106.8045484,-6.6015746],[106.8044987,-6.6015777],[106.8044283,-6.6015895],[106.804265,-6.6016335],[106.8042416,-6.6016395],[106.8038645,-6.6017645],[106.8036801,-6.6018152],[106.803448,-6.601884],[106.8030652,-6.6020022],[106.8025045,-6.6021768],[106.8024432,-6.6021967],[106.8020246,-6.6023329],[106.8020075,-6.6023356],[106.8018961,-6.6023528],[106.8004413,-6.6025778],[106.7998455,-6.6026365],[106.79975,-6.6026604],[106.7996319,-6.6027064],[106.799076,-6.6029769],[106.7989278,-6.6030467],[106.7989033,-6.6030551],[106.7988427,-6.603076],[106.7987736,-6.603074],[106.7986663,-6.6030627],[106.7986073,-6.6030494],[106.7985295,-6.6030447],[106.7984853,-6.603048],[106.7984477,-6.603058],[106.798382,-6.603076],[106.7983264,-6.6030967],[106.7981909,-6.6031733],[106.798174,-6.6031835],[106.7979054,-6.6033734],[106.7978745,-6.6033912],[106.7978645,-6.603399],[106.7976903,-6.6035388],[106.7972226,-6.6038893],[106.7969793,-6.6040592],[106.7968384,-6.6041463],[106.7967213,-6.6041865],[106.7966462,-6.6041895],[106.7965913,-6.6041868],[106.7965337,-6.6041824],[106.7964774,-6.6041699],[106.7964242,-6.6041401],[106.7963846,-6.6041074],[106.7963302,-6.6040465],[106.7962771,-6.6039754],[106.7961978,-6.6038655],[106.7961639,-6.6038016],[106.7961527,-6.6037798],[106.7961429,-6.6037605],[106.7959055,-6.603283],[106.7958872,-6.6032412],[106.7956616,-6.6027343],[106.7956045,-6.6026017],[106.7954764,-6.6023044],[106.7954083,-6.6021463],[106.7953647,-6.602045],[106.795332,-6.6019762],[106.7952083,-6.6016123],[106.7951426,-6.6014421],[106.7950955,-6.6012779],[106.7950252,-6.6010004],[106.7949816,-6.6008293],[106.7949348,-6.6006322],[106.7949022,-6.6005066],[106.7948931,-6.6004656],[106.7948602,-6.6003385],[106.7948261,-6.6002071],[106.7948076,-6.6001399],[106.7947853,-6.6000748],[106.7947537,-6.5999713],[106.794741,-6.5999253],[106.7947134,-6.5998207],[106.7946276,-6.599563],[106.7946115,-6.5995164],[106.7945947,-6.5994651],[106.7944237,-6.5989601],[106.7942468,-6.5984849],[106.7942142,-6.5983946],[106.7941783,-6.5982953],[106.7941475,-6.5982114],[106.7941194,-6.5981248],[106.7941113,-6.5980995],[106.7940757,-6.5980003],[106.7939879,-6.5977305],[106.7939617,-6.5976426],[106.7939453,-6.597588],[106.7939241,-6.5975213],[106.7938252,-6.5971973],[106.7938209,-6.5971813],[106.7938313,-6.5969648],[106.7938746,-6.5966409],[106.7939299,-6.596421],[106.7939963,-6.596238],[106.7941479,-6.5958377],[106.7942061,-6.5956753],[106.7942081,-6.5956683],[106.7942749,-6.5954737],[106.7943815,-6.5951603],[106.7944828,-6.5949182],[106.7946279,-6.5946378],[106.7946766,-6.5945578],[106.7947698,-6.5944846],[106.7948382,-6.5944406],[106.7949695,-6.5943593],[106.7951258,-6.594264],[106.7959506,-6.5938937],[106.796139,-6.5938038],[106.7962517,-6.5937345],[106.7963442,-6.5936712],[106.7964461,-6.5936013],[106.7965883,-6.593494],[106.7969298,-6.5931758],[106.7970525,-6.5931188],[106.7971408,-6.5930744],[106.7971945,-6.5930687],[106.7972495,-6.5930664],[106.797344,-6.5930894],[106.797378,-6.5931031],[106.7974751,-6.593158],[106.797621,-6.5932635],[106.7978228,-6.5933788],[106.7979643,-6.5934381],[106.7981292,-6.5934707],[106.7983552,-6.5934767],[106.7985195,-6.5934594],[106.798614,-6.5934387],[106.7987488,-6.5933934],[106.7989453,-6.5932949],[106.7991123,-6.5931676],[106.7995032,-6.5928412],[106.7996393,-6.5927446],[106.7997506,-6.5926787],[106.7998747,-6.5926194],[106.8000007,-6.5925701],[106.8003434,-6.5924256],[106.8004725,-6.5923656],[106.8005794,-6.5923323],[106.8007437,-6.5922963],[106.8009402,-6.592289],[106.8011232,-6.5923177],[106.8012976,-6.592381],[106.8015041,-6.5924716],[106.8017494,-6.5926043],[106.8018877,-6.5926943],[106.8019803,-6.592744],[106.8020952,-6.5928287],[106.8022545,-6.5929451],[106.8023803,-6.5930415],[106.8025052,-6.5931443],[106.8029462,-6.5935856],[106.8031477,-6.5938171],[106.8035373,-6.5943392],[106.8039496,-6.5950614],[106.804084,-6.5950388],[106.8042494,-6.5950108],[106.8042934,-6.5949951],[106.8043679,-6.5949617]],[[106.8063837,-6.6027617],[106.8065358,-6.602693],[106.8065546,-6.6027362],[106.8064066,-6.6027995],[106.8063837,-6.6027617]]]}},
{"type":"Feature","properties":{"FID":null,"Keterangan":null,"Nama":null,"id":"relation/20237363","@id":"relation/20237363","colour":"#04ff00","colour:back":null,"from":null,"name":"Cimahpar–Ramayana","network":"Angkutan Kota Bogor","old_ref":null,"operator":null,"ref":"05","roundtrip":null,"route":"bus","to":null,"type":"route","via":null,"layer":"angkot-kota-bogor","path":"C:/Users/Dzaka/Desktop/kuliah_smster_5/sig/tugas Akhir/frontend/public/rute/angkot-kota-bogor.geojson|geometrytype=MultiLineString"},"geometry":{"type":"MultiLineString","coordinates":[[[106.8409454,-6.5887726],[106.8409044,-6.5887752],[106.8407717,-6.588751],[106.8406489,-6.5887286],[106.8405095,-6.5887026],[106.8402513,-6.5886593],[106.8400213,-6.58862],[106.8399402,-6.5886094],[106.839694,-6.5885654],[106.8394894,-6.5885435],[106.8394534,-6.5885434],[106.8394306,-6.5885441],[106.8393829,-6.5885534],[106.8394071,-6.5885687],[106.8394165,-6.5888512],[106.8393595,-6.5891643],[106.8392884,-6.5891619],[106.8392576,-6.5891626],[106.8392314,-6.5891619],[106.8391763,-6.5891466],[106.839104,-6.5891149],[106.8390611,-6.5891003],[106.8390021,-6.589091],[106.8389082,-6.589083],[106.8388005,-6.5890829],[106.8386948,-6.5890795],[106.8383972,-6.589079],[106.8382886,-6.589079],[106.8381871,-6.5890725],[106.8378843,-6.5890476],[106.8377843,-6.5890377],[106.8376793,-6.5890424],[106.8375098,-6.5890476],[106.8373589,-6.5890516],[106.8371943,-6.5890363],[106.8369368,-6.5889884],[106.8368442,-6.5889764],[106.8366605,-6.5889617],[106.8365244,-6.5889577],[106.8364521,-6.5889678],[106.8361632,-6.5890962],[106.8360583,-6.5891456],[106.8360215,-6.5891769],[106.8360074,-6.5892055],[106.8359993,-6.5892655],[106.836002,-6.589496],[106.8359967,-6.5895546],[106.8359698,-6.5896369],[106.835931,-6.5896931],[106.8358693,-6.589765],[106.8358042,-6.5898255],[106.8357325,-6.5898817],[106.8355293,-6.5899838],[106.8354754,-6.5900108],[106.835416,-6.5900369],[106.8353596,-6.5900582],[106.8353546,-6.5900596],[106.8352805,-6.5900808],[106.8352738,-6.5900814],[106.8352081,-6.5900875],[106.8351431,-6.5900857],[106.8350655,-6.5900752],[106.8349991,-6.5900634],[106.8349399,-6.5900529],[106.8348837,-6.5900385],[106.8345666,-6.5899407],[106.8341571,-6.5898004],[106.8340759,-6.5897626],[106.833998,-6.5897196],[106.8339097,-6.589693],[106.8337986,-6.5896732],[106.833719,-6.5896661],[106.8336551,-6.5896652],[106.8335972,-6.5896711],[106.8334874,-6.5896945],[106.8333497,-6.5897158],[106.8332045,-6.5897451],[106.8330838,-6.5897624],[106.8329979,-6.5897731],[106.832909,-6.5897758],[106.8328357,-6.5897705],[106.8328026,-6.589766],[106.8327338,-6.5897578],[106.8326472,-6.5897277],[106.8326003,-6.5896718],[106.8325607,-6.5896285],[106.8325158,-6.5895906],[106.832483,-6.5895666],[106.832432,-6.5895319],[106.8323797,-6.589506],[106.8323267,-6.58949],[106.8322315,-6.5894833],[106.8320419,-6.589486],[106.8315346,-6.5895149],[106.831375,-6.5895198],[106.831109,-6.5895133],[106.8309299,-6.5895286],[106.8308535,-6.5895506],[106.8307817,-6.5895733],[106.8303345,-6.5897724],[106.8302131,-6.589825],[106.8300455,-6.589869],[106.8299322,-6.589887],[106.8297961,-6.5898857],[106.8297102,-6.5898791],[106.8295674,-6.589867],[106.8294876,-6.589866],[106.8293307,-6.589875],[106.8292227,-6.589865],[106.8290551,-6.5898743],[106.8289746,-6.5898743],[106.8289337,-6.5898803],[106.8288129,-6.5898556],[106.8287294,-6.5898359],[106.8285635,-6.5897491],[106.8284663,-6.5896972],[106.8284088,-6.5896764],[106.8282202,-6.5896446],[106.8281388,-6.5896167],[106.8280319,-6.5896019],[106.8279195,-6.5895873],[106.8277864,-6.5896146],[106.8276423,-6.5896619],[106.827591,-6.589802],[106.8275234,-6.5897794],[106.8274813,-6.5897697],[106.8273842,-6.5897495],[106.8273419,-6.589743],[106.8267377,-6.5895313],[106.8265908,-6.5894523],[106.8265344,-6.5894354],[106.8264671,-6.5894118],[106.8263914,-6.5894043],[106.8263498,-6.5894002],[106.826216,-6.5893869],[106.8261628,-6.5893832],[106.8261065,-6.5893766],[106.8260582,-6.5893703],[106.825745,-6.5893327],[106.8256593,-6.5893228],[106.8253101,-6.589277],[106.8250741,-6.5892368],[106.8248259,-6.5892295],[106.8245919,-6.5892255],[106.8242453,-6.5892268],[106.8240119,-6.5892575],[106.8239665,-6.589263],[106.8237628,-6.5892934],[106.823648,-6.5892889],[106.8235485,-6.5892636],[106.8234422,-6.5892361],[106.8233063,-6.5891726],[106.8231857,-6.5891022],[106.823112,-6.5890477],[106.8229899,-6.589013],[106.8227914,-6.5889595],[106.8226701,-6.5889418],[106.8225803,-6.5889084],[106.8224321,-6.5888692],[106.8223919,-6.5888612],[106.8223576,-6.5888598],[106.8223213,-6.5888619],[106.8222182,-6.5888864],[106.8221417,-6.5888925],[106.8219607,-6.5888929],[106.8219386,-6.5888938],[106.821844,-6.5888884],[106.8216421,-6.5888618],[106.8216241,-6.5888606],[106.8215825,-6.5888578],[106.8215207,-6.588853],[106.8214627,-6.5888433],[106.8213962,-6.5888188],[106.8213011,-6.5887864],[106.8211903,-6.5887262],[106.8211224,-6.5886806],[106.8210713,-6.5886574],[106.8210521,-6.5886436],[106.8209887,-6.588691],[106.8209454,-6.588744],[106.8208977,-6.5887994],[106.8208743,-6.5888319],[106.8208532,-6.5888832],[106.8208211,-6.5889464],[106.8207134,-6.5889883],[106.8206635,-6.5890086],[106.8205804,-6.5890104],[106.8204543,-6.5890125],[106.8202065,-6.5890241],[106.8201208,-6.5890288],[106.8199369,-6.5890385],[106.8198333,-6.5890512],[106.8196822,-6.5890629],[106.8196336,-6.5890544],[106.8195131,-6.5890699],[106.8194332,-6.5890887],[106.8192863,-6.5891373],[106.8191966,-6.5891607],[106.8191703,-6.5891676],[106.8190685,-6.5891966],[106.8189292,-6.5892007],[106.8188441,-6.5892017],[106.8187715,-6.5892063],[106.8186387,-6.5892486],[106.8185684,-6.5892802],[106.8185077,-6.5893188],[106.8184638,-6.5894004],[106.8184483,-6.5894311],[106.8184636,-6.5895295],[106.8184785,-6.5895845],[106.8184833,-6.5896225],[106.8184955,-6.5897043],[106.8184916,-6.5897977],[106.81847,-6.5898423],[106.8184575,-6.5899206],[106.818512,-6.5900175],[106.8185254,-6.5900661],[106.8185421,-6.5901074],[106.8185482,-6.5901501],[106.8185574,-6.5902211],[106.8185234,-6.5902727],[106.8184657,-6.5903071],[106.8184033,-6.5903242],[106.8182762,-6.5903331],[106.8181661,-6.5903418],[106.8180939,-6.5903516],[106.818,-6.5903942],[106.817899,-6.5904466],[106.8177912,-6.5905111],[106.8175028,-6.5906592],[106.8174432,-6.5906858],[106.8173806,-6.5907014],[106.8172506,-6.5906923],[106.8169912,-6.5907321],[106.8168102,-6.590737],[106.8168605,-6.5910747],[106.8169228,-6.5915269],[106.8169666,-6.5918835],[106.8170514,-6.5924821],[106.8170958,-6.5928541],[106.817135,-6.5931047],[106.8171502,-6.5931854],[106.8171603,-6.5932351],[106.8170509,-6.5932536],[106.8170324,-6.5931263],[106.8170066,-6.5929591],[106.8169624,-6.5926973],[106.8169456,-6.5925794],[106.8168966,-6.5922044],[106.8168484,-6.59187],[106.8167713,-6.5913311],[106.816676,-6.5907503],[106.8166328,-6.590492],[106.8165596,-6.5899637],[106.8164353,-6.5890661],[106.8163781,-6.5886531],[106.8163321,-6.5883211],[106.8162862,-6.58799],[106.8162177,-6.5874606],[106.8161964,-6.5873103],[106.8161673,-6.5871157],[106.8161275,-6.5868335],[106.816127,-6.5867713],[106.8161436,-6.5867399],[106.8161661,-6.5867269],[106.8161865,-6.5867216],[106.816205,-6.5867202],[106.8162231,-6.5867229],[106.8162415,-6.5867316],[106.8162629,-6.5867588],[106.816347,-6.5872865],[106.8163821,-6.5875396],[106.8165611,-6.5890142],[106.8167223,-6.5901425],[106.8167359,-6.5902374],[106.8167918,-6.5906131],[106.8168102,-6.590737],[106.8167918,-6.5906131],[106.8167359,-6.5902374],[106.8167223,-6.5901425],[106.8165611,-6.5890142],[106.8163821,-6.5875396],[106.816347,-6.5872865]],[[106.804265,-6.6016335],[106.8042416,-6.6016395],[106.8038645,-6.6017645],[106.8036801,-6.6018152],[106.803448,-6.601884],[106.8030652,-6.6020022],[106.8025045,-6.6021768],[106.8024432,-6.6021967],[106.8020246,-6.6023329],[106.8020075,-6.6023356],[106.8018961,-6.6023528],[106.8004413,-6.6025778],[106.7998455,-6.6026365],[106.79975,-6.6026604],[106.7996319,-6.6027064],[106.799076,-6.6029769],[106.7989278,-6.6030467],[106.7989033,-6.6030551],[106.7988427,-6.603076],[106.7987736,-6.603074],[106.7986663,-6.6030627],[106.7986073,-6.6030494],[106.7985295,-6.6030447],[106.7984853,-6.603048],[106.7984477,-6.603058],[106.798382,-6.603076],[106.7983264,-6.6030967],[106.7981909,-6.6031733],[106.798174,-6.6031835],[106.7979054,-6.6033734],[106.7978745,-6.6033912],[106.7978645,-6.603399],[106.7976903,-6.6035388],[106.7972226,-6.6038893],[106.7969793,-6.6040592],[106.7968384,-6.6041463],[106.7967213,-6.6041865],[106.7966462,-6.6041895],[106.7965913,-6.6041868],[106.7965337,-6.6041824],[106.7964774,-6.6041699],[106.7964242,-6.6041401],[106.7963846,-6.6041074],[106.7963302,-6.6040465],[106.7962771,-6.6039754],[106.7961978,-6.6038655],[106.7961639,-6.6038016],[106.7961527,-6.6037798],[106.7961429,-6.6037605],[106.7959055,-6.603283],[106.7958872,-6.6032412],[106.7956616,-6.6027343],[106.7956045,-6.6026017],[106.7954764,-6.6023044],[106.7954083,-6.6021463],[106.7953647,-6.602045],[106.795332,-6.6019762],[106.7952083,-6.6016123],[106.7951426,-6.6014421],[106.7950955,-6.6012779],[106.7950252,-6.6010004],[106.7949816,-6.6008293],[106.7949348,-6.6006322],[106.7949022,-6.6005066],[106.7948931,-6.6004656],[106.7948602,-6.6003385],[106.7948261,-6.6002071],[106.7948076,-6.6001399],[106.7947853,-6.6000748],[106.7947537,-6.5999713],[106.794741,-6.5999253],[106.7947134,-6.5998207],[106.7946276,-6.599563],[106.7946115,-6.5995164],[106.7945947,-6.5994651],[106.7944237,-6.5989601],[106.7942468,-6.5984849],[106.7942142,-6.5983946],[106.7941783,-6.5982953],[106.7941475,-6.5982114],[106.7941194,-6.5981248],[106.7941113,-6.5980995],[106.7940757,-6.5980003],[106.7939879,-6.5977305],[106.7939617,-6.5976426],[106.7939453,-6.597588],[106.7939241,-6.5975213],[106.7938252,-6.5971973],[106.7938209,-6.5971813],[106.7938313,-6.5969648],[106.7938746,-6.5966409],[106.7939299,-6.596421],[106.7939963,-6.596238],[106.7941479,-6.5958377],[106.7942061,-6.5956753],[106.7942081,-6.5956683],[106.7942749,-6.5954737],[106.7943815,-6.5951603],[106.7944828,-6.5949182],[106.7946279,-6.5946378],[106.7946766,-6.5945578],[106.7947698,-6.5944846],[106.7948382,-6.5944406],[106.7949695,-6.5943593],[106.7951258,-6.594264],[106.7959506,-6.5938937],[106.796139,-6.5938038],[106.7962517,-6.5937345],[106.7963442,-6.5936712],[106.7964461,-6.5936013],[106.7965883,-6.593494],[106.7969298,-6.5931758],[106.7970525,-6.5931188],[106.7971408,-6.5930744],[106.7971945,-6.5930687],[106.7972495,-6.5930664],[106.797344,-6.5930894],[106.797378,-6.5931031],[106.7974751,-6.593158],[106.797621,-6.5932635],[106.7978228,-6.5933788],[106.7979643,-6.5934381],[106.7981292,-6.5934707],[106.7983552,-6.5934767],[106.7985195,-6.5934594],[106.798614,-6.5934387],[106.7987488,-6.5933934],[106.7989453,-6.5932949],[106.7991123,-6.5931676],[106.7995032,-6.5928412],[106.7996393,-6.5927446],[106.7997506,-6.5926787],[106.7998747,-6.5926194],[106.8000007,-6.5925701],[106.8003434,-6.5924256],[106.8004725,-6.5923656],[106.8005794,-6.5923323],[106.8007437,-6.5922963],[106.8009402,-6.592289],[106.8011232,-6.5923177],[106.8012976,-6.592381],[106.8015041,-6.5924716],[106.8017494,-6.5926043],[106.8018877,-6.5926943],[106.8019803,-6.592744],[106.8020952,-6.5928287],[106.8022545,-6.5929451],[106.8023803,-6.5930415],[106.8025052,-6.5931443],[106.8029462,-6.5935856],[106.8030042,-6.5935569],[106.803132,-6.5934937],[106.8031629,-6.5934798],[106.8032582,-6.5934315],[106.8033051,-6.5933988],[106.803401,-6.5933254],[106.803499,-6.5932163],[106.8036184,-6.5930764],[106.8038873,-6.592656],[106.8039474,-6.5925516],[106.804012,-6.5924394],[106.8040985,-6.5922891],[106.8041924,-6.5922304],[106.804246,-6.5922084],[106.8043372,-6.5922024],[106.804525,-6.5921951],[106.8046906,-6.5921871],[106.8047667,-6.5921815],[106.8048496,-6.5921788],[106.804881,-6.5921778],[106.8050943,-6.5921705],[106.8053076,-6.5921661],[106.8056072,-6.5921531],[106.805675,-6.5921418],[106.8057226,-6.5921125],[106.8057447,-6.5920579],[106.8057327,-6.5914456],[106.8057306,-6.5913417],[106.8057294,-6.5912762],[106.8076766,-6.5912452],[106.8079515,-6.5912379],[106.8081245,-6.5912365],[106.8082586,-6.5912605],[106.8083619,-6.5913305],[106.8084611,-6.591453],[106.808569,-6.5915796],[106.8086173,-6.5916249],[106.808667,-6.5916549],[106.8087615,-6.5916862],[106.8087944,-6.5916882],[106.8089526,-6.5916857],[106.8092283,-6.5916802],[106.8102468,-6.5917215],[106.8118354,-6.5917696],[106.813167,-6.5918101],[106.8136765,-6.5917961],[106.8137812,-6.5917946],[106.8138125,-6.591798],[106.8141286,-6.5918427],[106.8144639,-6.5918325],[106.8146094,-6.5918214],[106.8148058,-6.5917934],[106.8149212,-6.5917608],[106.815227,-6.5916399],[106.8152615,-6.5916235],[106.8154161,-6.5915682],[106.8155093,-6.591501],[106.8155471,-6.5914393],[106.8155573,-6.5914132],[106.8156004,-6.5913251],[106.8156508,-6.5912069],[106.8156823,-6.5911446],[106.8157104,-6.5910967],[106.815752,-6.5910514],[106.8158828,-6.5909375],[106.8159733,-6.5908835],[106.8160531,-6.5908555],[106.816151,-6.5908342],[106.8162744,-6.5908076],[106.8163716,-6.5907936],[106.8164212,-6.5907836],[106.8164923,-6.5907696],[106.8165661,-6.5907663],[106.816676,-6.5907503]],[[106.8047667,-6.5921815],[106.8047459,-6.5925854],[106.8047422,-6.5926447],[106.8047056,-6.5926847],[106.8046937,-6.5927834],[106.8046609,-6.5930408],[106.8046405,-6.5931935],[106.8046354,-6.5932306],[106.8046158,-6.5933658],[106.8045919,-6.5935341],[106.8045847,-6.5935859],[106.8045659,-6.5937145],[106.8045563,-6.5937763],[106.8045269,-6.593954],[106.8045183,-6.5940087],[106.804505,-6.5940988],[106.8045006,-6.5941297],[106.804481,-6.5942631],[106.8044453,-6.5944941],[106.8044236,-6.5946275],[106.8044205,-6.5946453],[106.8044022,-6.5947523],[106.8043679,-6.5949617],[106.8043588,-6.5950214],[106.8043168,-6.5953109],[106.8043026,-6.5954067],[106.8042865,-6.5955176],[106.8042857,-6.5955456],[106.8042801,-6.5957506],[106.8042584,-6.5958053],[106.8042562,-6.5958288],[106.8042609,-6.5958582],[106.8046282,-6.5981795],[106.8049176,-6.6000413],[106.8049847,-6.600473],[106.8050004,-6.6005738],[106.8050265,-6.6006694],[106.8050449,-6.6007682],[106.8050701,-6.6010104],[106.8050638,-6.6010814],[106.805004,-6.6011922],[106.804838,-6.6013565],[106.8047248,-6.6014463],[106.8045697,-6.6015247],[106.8044269,-6.6015785],[106.8042416,-6.6016395]]]}},
{"type":"Feature","properties":{"FID":null,"Keterangan":null,"Nama":null,"id":"relation/20237528","@id":"relation/20237528","colour":"#2b00ff","colour:back":null,"from":null,"name":"Cihideung–Ramayana","network":"Angkutan Kabupaten Bogor","old_ref":null,"operator":null,"ref":"04A","roundtrip":"yes","route":"bus","to":null,"type":"route","via":null,"layer":"angkot-kota-bogor","path":"C:/Users/Dzaka/Desktop/kuliah_smster_5/sig/tugas Akhir/frontend/public/rute/angkot-kota-bogor.geojson|geometrytype=MultiLineString"},"geometry":{"type":"MultiLineString","coordinates":[[[106.8092322,-6.6251362],[106.8090723,-6.6251333],[106.8090002,-6.625103],[106.8089575,-6.6250666],[106.8089278,-6.6250336],[106.8089082,-6.6249966],[106.8088976,-6.6249364],[106.8089058,-6.6248567],[106.8089423,-6.6246315],[106.8089516,-6.624588],[106.8090069,-6.6244155],[106.8089949,-6.6242091],[106.8089882,-6.6239306],[106.8089788,-6.6238121],[106.8089198,-6.6233552],[106.8089144,-6.6232952],[106.8088473,-6.6228076],[106.8088312,-6.6226984],[106.8088101,-6.622527],[106.8087823,-6.6222741],[106.8087649,-6.6221116],[106.8087508,-6.621997],[106.8087233,-6.6218851],[106.8086763,-6.6218025],[106.8086126,-6.6217612],[106.8082888,-6.6216343],[106.8081697,-6.6215776],[106.8081282,-6.6215447],[106.8080594,-6.6215001],[106.8080071,-6.6214408],[106.8079488,-6.6213076],[106.8078884,-6.6211471],[106.8077121,-6.6207135],[106.807688,-6.6206395],[106.807596,-6.6204278],[106.8075485,-6.6203134],[106.8075088,-6.6202267],[106.8074848,-6.6201566],[106.807411,-6.6199502],[106.8070382,-6.6190516],[106.8069738,-6.6189284],[106.8069336,-6.6188345],[106.8072233,-6.6187206],[106.8075471,-6.6186023],[106.8076444,-6.6185874],[106.807922,-6.6186446],[106.8080132,-6.6186726],[106.8081005,-6.6186912],[106.8081969,-6.6187026],[106.8085684,-6.6187525],[106.808732,-6.6187479],[106.8088667,-6.6187268],[106.8090619,-6.6186633],[106.8092879,-6.6185088],[106.8094099,-6.6183875],[106.8094911,-6.618255],[106.8095735,-6.6180725],[106.8096157,-6.6179572],[106.8096674,-6.6177853],[106.8098022,-6.6174989],[106.8100644,-6.6169587],[106.8102079,-6.616721],[106.8102723,-6.6166624],[106.8103319,-6.6166217],[106.8104553,-6.6165831],[106.810507,-6.6165811],[106.8106451,-6.6166071],[106.8109784,-6.6169201],[106.8111562,-6.6170861],[106.8116114,-6.617511],[106.8119538,-6.6178304],[106.8119628,-6.6178391],[106.812125,-6.6179879],[106.8121746,-6.6180312],[106.8124745,-6.6183127],[106.8126307,-6.6184492],[106.8130964,-6.6188759],[106.813336,-6.6190809],[106.8142714,-6.6197963],[106.8143861,-6.6199022],[106.8143831,-6.6199715],[106.8143764,-6.6200228],[106.814366,-6.6200674],[106.8143452,-6.6201233],[106.8142128,-6.6202275],[106.8141568,-6.6202698],[106.8140951,-6.6202998],[106.8139963,-6.6203372],[106.8136512,-6.6204117],[106.8132808,-6.620493],[106.8129055,-6.6206096],[106.8126192,-6.6207022],[106.8125569,-6.6207255],[106.8124978,-6.6207599],[106.8124644,-6.6207862],[106.8124254,-6.620842],[106.8123771,-6.6209166],[106.8123376,-6.6209779],[106.8123007,-6.6210685],[106.8122705,-6.6211464],[106.812239,-6.6212683],[106.8122014,-6.6214815],[106.8121461,-6.6217793],[106.8121413,-6.6218672],[106.8121391,-6.6219412],[106.8121625,-6.6221791],[106.8121656,-6.6222482],[106.8121809,-6.6223357],[106.8122052,-6.6224539],[106.8122434,-6.6225713],[106.8124176,-6.6228852],[106.8124533,-6.6229563],[106.8125082,-6.6230659],[106.8125268,-6.6231366],[106.8125335,-6.62322],[106.812529,-6.623289],[106.8125161,-6.6233404],[106.8124971,-6.6233705],[106.812475,-6.6233967],[106.8124394,-6.623428],[106.8124033,-6.6234424],[106.8123317,-6.6234587],[106.8121726,-6.6234724],[106.8120177,-6.623489],[106.8118698,-6.6235075],[106.8115331,-6.6235412],[106.8115098,-6.6235435],[106.8110877,-6.6235846],[106.8110273,-6.6235905],[106.8108312,-6.6236025],[106.8104652,-6.6236664],[106.8102974,-6.6237102],[106.8102252,-6.6237389],[106.8100689,-6.6238277],[106.8100327,-6.6239276],[106.8099907,-6.6243649],[106.8099517,-6.6245121],[106.8099118,-6.6245892],[106.8098611,-6.6246455],[106.8097912,-6.6247048],[106.8096574,-6.6247826],[106.8094646,-6.6248899],[106.8093381,-6.6249205],[106.8092211,-6.6249011],[106.8091551,-6.6248596],[106.8091068,-6.6247965],[106.8090712,-6.6247364],[106.8090321,-6.6248035],[106.8090142,-6.6248518],[106.8090053,-6.6248887],[106.8090076,-6.6249431],[106.8090271,-6.6249857],[106.8090595,-6.6250293],[106.809099,-6.6250662],[106.8092322,-6.6251362],[106.8096915,-6.6253067],[106.8098755,-6.6253621],[106.8099075,-6.6253873],[106.8099929,-6.6254683],[106.8100366,-6.6255133],[106.8100576,-6.6255363],[106.8100888,-6.625593],[106.8101072,-6.6256284],[106.810118,-6.6256781],[106.8101168,-6.6257487],[106.8101069,-6.6258009],[106.8100836,-6.6258445],[106.810034,-6.6258865],[106.8099848,-6.6259014],[106.8099337,-6.6259156],[106.8099033,-6.6259127],[106.80987,-6.6258815],[106.8098461,-6.6258706],[106.8097897,-6.6257886],[106.8097614,-6.6256297],[106.8097022,-6.6254939],[106.8096062,-6.6254346],[106.8091986,-6.6253583],[106.8090513,-6.6253604],[106.8089617,-6.6254049],[106.8089041,-6.6254473],[106.8088627,-6.6255317],[106.8088002,-6.6256595],[106.8087851,-6.6257047],[106.8088883,-6.6257757],[106.8089868,-6.6258225],[106.8092832,-6.6259634],[106.8093503,-6.6259981],[106.809433,-6.6260744],[106.8094829,-6.6261052],[106.8096548,-6.6262306],[106.809754,-6.6263551],[106.809778,-6.6263957],[106.8098317,-6.6264864],[106.8099676,-6.6267997],[106.8101502,-6.6272602],[106.8102083,-6.6274547],[106.8102215,-6.6275326],[106.8102394,-6.6276627],[106.8100248,-6.6276966],[106.8098371,-6.6277179],[106.8095608,-6.6277672],[106.8092077,-6.6278341],[106.8091258,-6.6278534],[106.8089313,-6.6278981],[106.8087264,-6.627949],[106.8086913,-6.6279634],[106.8086643,-6.6279857],[106.8086472,-6.6280035],[106.8086258,-6.6280234],[106.8086062,-6.6280519],[106.8085885,-6.6280961],[106.8085693,-6.6281446],[106.8085674,-6.6282169],[106.8085668,-6.6282967],[106.8085646,-6.6283634],[106.8085546,-6.6284572],[106.808549,-6.6285059],[106.8085216,-6.6285587],[106.8084849,-6.6285887],[106.808449,-6.6286125],[106.808414,-6.628629],[106.8083786,-6.6286358],[106.8083511,-6.6286378],[106.8083258,-6.6286387],[106.808289,-6.6286413],[106.8082165,-6.6286456],[106.8081491,-6.6286311],[106.808095,-6.6286212],[106.8080635,-6.6286085],[106.8080304,-6.6285841],[106.8080024,-6.6285595],[106.8079575,-6.6285145],[106.8078848,-6.6283997],[106.8078458,-6.6283425],[106.8078023,-6.6282819],[106.8077879,-6.6282668],[106.8077655,-6.628253],[106.8077369,-6.6282441],[106.807707,-6.6282452],[106.8076708,-6.628255],[106.8076412,-6.6282775],[106.8076053,-6.6283169],[106.8075807,-6.62835],[106.8075572,-6.628392],[106.8075034,-6.6284967],[106.807462,-6.6285659],[106.8073881,-6.6286814],[106.8073761,-6.6287204],[106.8073316,-6.6288303],[106.8073191,-6.6288463],[106.8073057,-6.6289069],[106.8072838,-6.6289851],[106.8072648,-6.6290707],[106.8072454,-6.629136],[106.8072266,-6.6292159],[106.8072011,-6.6293138],[106.8071756,-6.6294274],[106.8071449,-6.6295495],[106.8071287,-6.629738],[106.8071173,-6.6299024],[106.8071069,-6.6300468],[106.8070717,-6.6301637],[106.807069,-6.6302943],[106.8070757,-6.6304795],[106.8070905,-6.630578],[106.8071079,-6.6306993],[106.8071213,-6.6307992],[106.8071508,-6.6309284],[106.807171,-6.6310416],[106.8072072,-6.6311442],[106.8072483,-6.631262],[106.8072997,-6.6314013],[106.8073413,-6.6315505],[106.8073708,-6.631689],[106.8074103,-6.631793],[106.8074593,-6.6319222],[106.807529,-6.632082],[106.8076041,-6.6323524],[106.807631,-6.632483],[106.8076564,-6.6325989],[106.8076806,-6.6326748],[106.8076967,-6.6327507],[106.8077382,-6.632872],[106.807757,-6.6329719],[106.8077905,-6.6330998],[106.8078107,-6.6331797],[106.8078241,-6.6332689],[106.8078509,-6.6333795],[106.8078616,-6.6334461],[106.8078737,-6.6335247],[106.8078925,-6.6336419],[106.8079126,-6.6337672],[106.8079287,-6.6339443],[106.8079448,-6.6340775],[106.8079515,-6.6342227],[106.8079609,-6.63436],[106.8079783,-6.6346091],[106.807985,-6.6347036],[106.8079931,-6.6349035],[106.8080588,-6.6355629],[106.8080628,-6.6356268],[106.8080695,-6.6365207],[106.8080769,-6.6365833],[106.8080876,-6.6367631],[106.808107,-6.6369429],[106.8081097,-6.6371294],[106.8081003,-6.6374971],[106.8081084,-6.637581],[106.8081017,-6.637918],[106.8080963,-6.6380739],[106.8080845,-6.6383435],[106.8080762,-6.6384575],[106.8080554,-6.6386536],[106.8080353,-6.6390697],[106.8080293,-6.6392055],[106.8079877,-6.6396312],[106.8079736,-6.6398802],[106.807991,-6.6401135],[106.8080234,-6.6402978],[106.8080577,-6.6404809],[106.8081225,-6.6407335],[106.80815,-6.6408434],[106.8081761,-6.6409739],[106.8081869,-6.6410858],[106.8081782,-6.6413156],[106.808158,-6.6415301],[106.8081231,-6.6416612],[106.8080521,-6.6418243],[106.8080026,-6.6419647],[106.8078556,-6.6423683],[106.8077211,-6.6427034],[106.8075868,-6.6430578],[106.8074729,-6.6432781],[106.80742,-6.6433829],[106.8073439,-6.6435288],[106.8071999,-6.6439035],[106.8070489,-6.6443392],[106.8070202,-6.6444076],[106.8069796,-6.6445057],[106.8069103,-6.6446806],[106.8067256,-6.645138],[106.8066847,-6.645259],[106.8066393,-6.6454591],[106.8065935,-6.6455455],[106.8065605,-6.6456076],[106.806356,-6.645885],[106.806234,-6.646117],[106.8061424,-6.6462825],[106.8060718,-6.6464506],[106.8059663,-6.6465877],[106.8056201,-6.6477048],[106.8054661,-6.6481288],[106.8053188,-6.6485354],[106.805254,-6.6487304],[106.8051659,-6.6489953],[106.8049309,-6.6497303],[106.8048455,-6.6501827],[106.8047165,-6.6504351],[106.8045493,-6.6507724],[106.8044107,-6.6510508],[106.8043352,-6.6511768],[106.8042817,-6.6512685],[106.8042222,-6.6513505],[106.8041054,-6.6514728],[106.8039631,-6.6516158],[106.803735,-6.6518038],[106.8035191,-6.6519423],[106.8034212,-6.6520196],[106.803326,-6.6521102],[106.803208,-6.6522474],[106.8030712,-6.65235],[106.8030059,-6.6523712],[106.8029438,-6.6523913],[106.8027802,-6.6524019],[106.80263,-6.6524246],[106.8025053,-6.6524752],[106.8023591,-6.6525578],[106.8021874,-6.6526004],[106.8018857,-6.6526364],[106.8016952,-6.652647],[106.8012661,-6.652635],[106.8012057,-6.6526377],[106.8011623,-6.6526499],[106.8011327,-6.6526689],[106.8011105,-6.6526913],[106.8010629,-6.6527326],[106.8009902,-6.6527784],[106.8009053,-6.6528195],[106.8007068,-6.6529001],[106.8003702,-6.652988],[106.8002448,-6.6530173],[106.8000728,-6.6530403],[106.8000041,-6.6530623],[106.7999508,-6.6531086],[106.7999173,-6.6531752],[106.7998747,-6.6533024],[106.799819,-6.6534003],[106.7997744,-6.6534446],[106.7997607,-6.6534582],[106.7996447,-6.6535548],[106.799577,-6.6536407],[106.7995542,-6.653678],[106.7994589,-6.6538639],[106.7994039,-6.6539704],[106.799347,-6.654053],[106.7992564,-6.6541416],[106.7991337,-6.6542155],[106.7990619,-6.6542828],[106.7989892,-6.6543548],[106.798958,-6.654456],[106.7989647,-6.6545665],[106.7989842,-6.6546824],[106.7990693,-6.6549182],[106.7991766,-6.6552359],[106.7992899,-6.6556202],[106.7993134,-6.6557208],[106.7993161,-6.6558366],[106.7993104,-6.6559003],[106.7993019,-6.6559755],[106.799294,-6.6560984],[106.7993047,-6.6562702],[106.7993282,-6.6564115],[106.7993509,-6.6565007],[106.7993711,-6.6565979],[106.7994119,-6.6567651],[106.7994314,-6.6568324],[106.7994409,-6.6569536],[106.7994784,-6.6571094],[106.7995133,-6.657252],[106.7995401,-6.6573785],[106.7995843,-6.6574677],[106.7996407,-6.657597],[106.7996956,-6.6577515],[106.7997694,-6.6579939],[106.7998083,-6.6581178],[106.7998365,-6.6582483],[106.7998338,-6.6585934],[106.7998519,-6.658927],[106.7998526,-6.6593459],[106.7998384,-6.6598562],[106.7998372,-6.6600346],[106.7998351,-6.660377],[106.7998163,-6.6606034],[106.7998137,-6.6607993],[106.7997989,-6.6610084],[106.7997533,-6.6612135],[106.7996534,-6.6613933],[106.799583,-6.6615092],[106.7995019,-6.6616404],[106.7993698,-6.6618702],[106.7991762,-6.6621704],[106.7991639,-6.6621885],[106.7991176,-6.6623265],[106.7990197,-6.6625442],[106.7988798,-6.6629397],[106.7987469,-6.6633155],[106.7985999,-6.6636671],[106.7984766,-6.6640261],[106.7984089,-6.6641953],[106.7981289,-6.664795],[106.7980535,-6.6652316],[106.7980588,-6.6653375],[106.7980769,-6.6654008],[106.7981132,-6.6654494],[106.7981815,-6.665544],[106.7982271,-6.6656286],[106.7982479,-6.6657311],[106.7982499,-6.6658331],[106.7982446,-6.6659622],[106.7982016,-6.6661194],[106.7981145,-6.6662753],[106.7980585,-6.6663357],[106.7978798,-6.6665284],[106.7976596,-6.6667902],[106.7974881,-6.6669905],[106.7972401,-6.6672277],[106.7970631,-6.6675301],[106.7968954,-6.667883],[106.796709,-6.6683732],[106.7965387,-6.6688554],[106.796414,-6.669263],[106.7962986,-6.6696853],[106.7961954,-6.6700103],[106.7961082,-6.6704365],[106.7960894,-6.6705364],[106.7960787,-6.6706896],[106.796084,-6.6708948],[106.7961109,-6.6711319],[106.7961833,-6.6715741],[106.7962973,-6.6722947],[106.7963818,-6.6727836],[106.7964394,-6.6731392],[106.7965226,-6.6736747],[106.7965454,-6.6738718],[106.7965601,-6.6740983],[106.7965454,-6.6743926],[106.7965078,-6.6748269],[106.7965078,-6.6749601],[106.7965119,-6.6751692],[106.7966084,-6.676027],[106.7966225,-6.6764226],[106.7966212,-6.6765139],[106.7966132,-6.6765849],[106.7965783,-6.6766711],[106.7965293,-6.676753],[106.7964715,-6.6768363],[106.7959633,-6.6774323],[106.7957273,-6.677696],[106.795667,-6.6777666],[106.7955852,-6.6778412],[106.7953438,-6.6780277],[106.795093,-6.6782095],[106.794867,-6.6783428],[106.794759,-6.6784047],[106.7946256,-6.6784646],[106.7945676,-6.6784849],[106.7942722,-6.6785885],[106.7938115,-6.678745],[106.793375,-6.6789015],[106.7928214,-6.6791317],[106.7926535,-6.6792019],[106.7925838,-6.6792418],[106.7925207,-6.6793004],[106.7924772,-6.6793461],[106.7923021,-6.6796394],[106.7912507,-6.6810791],[106.7912042,-6.6811428],[106.7907786,-6.6816694],[106.790485,-6.6820182],[106.7902919,-6.6822448],[106.7897768,-6.6827936],[106.7893968,-6.6831159],[106.7892572,-6.6832438],[106.7892276,-6.6832731],[106.7892102,-6.6833157],[106.7891981,-6.6834083],[106.7892083,-6.6834923],[106.7892511,-6.6836114],[106.7893007,-6.6837326],[106.7894013,-6.6839338],[106.789467,-6.6840323],[106.7895985,-6.6841842],[106.7899834,-6.6846744],[106.7900518,-6.6848462],[106.7901671,-6.6851552],[106.7903039,-6.6856507],[106.7904299,-6.686025],[106.7904581,-6.6861662],[106.7904769,-6.6862994],[106.7904729,-6.6864592],[106.790458,-6.686671],[106.7904363,-6.6867469],[106.7904085,-6.6868442],[106.7903951,-6.6869174],[106.7903575,-6.6870546],[106.7903507,-6.6871285],[106.7902601,-6.6870783],[106.7902129,-6.686992],[106.7902269,-6.6868737],[106.7902698,-6.6867597],[106.7903052,-6.6867341],[106.7903717,-6.6867341],[106.7904363,-6.6867469]],[[106.8069336,-6.6188345],[106.8066687,-6.618616],[106.8066124,-6.618562],[106.8065525,-6.6185075],[106.8064199,-6.6183835],[106.8063509,-6.6183149],[106.8063106,-6.6182763],[106.8062558,-6.6182283],[106.8061718,-6.6181457],[106.806094,-6.6180807],[106.8060269,-6.6180278],[106.8059573,-6.6179726],[106.8058788,-6.6179173],[106.8057936,-6.617842],[106.8057172,-6.6177761],[106.8056393,-6.6176936],[106.8056285,-6.6176713],[106.8055543,-6.6175429],[106.8055053,-6.6174404],[106.8053572,-6.6172601],[106.8053153,-6.6171959],[106.8052377,-6.6170854],[106.8051399,-6.6169694],[106.8049789,-6.6168076],[106.8048374,-6.6166751],[106.8048012,-6.6166411],[106.804641,-6.6164792],[106.8045438,-6.6163746],[106.8044901,-6.6163027],[106.8044463,-6.616238],[106.8043873,-6.6161525],[106.804348,-6.6160842],[106.8043198,-6.6160203],[106.8042956,-6.6159602],[106.8042728,-6.615907],[106.8042501,-6.6158563],[106.8042162,-6.6157768],[106.8041777,-6.6156885],[106.8041333,-6.6155845],[106.8040885,-6.6154881],[106.8039765,-6.6152476],[106.8039296,-6.6151543],[106.8038826,-6.6150597],[106.8038013,-6.6148973],[106.8037471,-6.6147853],[106.8036671,-6.6146311],[106.8035986,-6.6145023],[106.8035311,-6.614367],[106.8034545,-6.6142217],[106.8033461,-6.614022],[106.8032458,-6.6138232],[106.8032013,-6.6137412],[106.80316,-6.6136632],[106.8031027,-6.6135667],[106.8030465,-6.6134781],[106.802933,-6.6132973],[106.8028747,-6.6132127],[106.8028066,-6.6131105],[106.8026637,-6.6128947],[106.8026199,-6.6128317],[106.8025756,-6.6127624],[106.8025294,-6.6126918],[106.8024999,-6.6126458],[106.8024516,-6.6125773],[106.8024134,-6.6125326],[106.8023765,-6.61249],[106.8023095,-6.6124226],[106.8022344,-6.6123541],[106.8021552,-6.6122999],[106.8020306,-6.6122355],[106.8017522,-6.6121123],[106.8015561,-6.6120332],[106.8014638,-6.6119941],[106.8012178,-6.6118892],[106.8010314,-6.6117959],[106.8008553,-6.6117118],[106.8006547,-6.6116022],[106.8006169,-6.6115815],[106.800329,-6.6114192],[106.8002128,-6.6113516],[106.7999478,-6.6112004],[106.7997816,-6.6110935],[106.7996289,-6.6109771],[106.7994703,-6.610846],[106.7993258,-6.6107062],[106.799177,-6.6106014],[106.7989877,-6.6104384],[106.7989578,-6.6104113],[106.7989116,-6.6103693],[106.7987358,-6.6102096],[106.7986741,-6.6101558],[106.7984322,-6.6099249],[106.7981919,-6.6096976],[106.7981514,-6.6096612],[106.7979648,-6.6094841],[106.7977763,-6.6093117],[106.7977373,-6.6092732],[106.7975272,-6.6090924],[106.7974436,-6.6090205],[106.7973638,-6.6089546],[106.797258,-6.6088672],[106.7972309,-6.6088448],[106.7970088,-6.6086584],[106.7969792,-6.6086352],[106.7968461,-6.6085289],[106.7966527,-6.6083629],[106.7965725,-6.608301],[106.7964708,-6.6082151],[106.7963353,-6.6081065],[106.7962906,-6.6080764],[106.796253,-6.6080552],[106.7962023,-6.6080326],[106.7961565,-6.6080165],[106.7961239,-6.6080091],[106.7954844,-6.6078684],[106.7954316,-6.6078556],[106.7954118,-6.607852],[106.795336,-6.607809],[106.7950413,-6.6077611],[106.7950634,-6.607645],[106.7950856,-6.607529],[106.7950752,-6.60748],[106.795092,-6.6074029],[106.7952175,-6.6068287],[106.7952716,-6.6066017],[106.7953608,-6.6062432],[106.7954077,-6.6060747],[106.7954997,-6.6058595],[106.7955838,-6.6057664],[106.7956197,-6.6057612],[106.7956705,-6.6057316],[106.7961939,-6.6051976],[106.796415,-6.6049121],[106.7967706,-6.6044529],[106.7970292,-6.6040829],[106.7971616,-6.6039516],[106.7972226,-6.6038893],[106.7976903,-6.6035388],[106.7978645,-6.603399],[106.7978745,-6.6033912],[106.7979054,-6.6033734],[106.798174,-6.6031835],[106.7981909,-6.6031733],[106.7983264,-6.6030967],[106.798382,-6.603076],[106.7984477,-6.603058],[106.7984853,-6.603048],[106.7985295,-6.6030447],[106.7986073,-6.6030494],[106.7986663,-6.6030627],[106.7987736,-6.603074],[106.7988427,-6.603076],[106.7989033,-6.6030551],[106.7989278,-6.6030467],[106.799076,-6.6029769],[106.7996319,-6.6027064],[106.79975,-6.6026604],[106.7998455,-6.6026365],[106.7998605,-6.6027297],[106.7999669,-6.6033904],[106.8000598,-6.6036395],[106.800101,-6.603873],[106.8001013,-6.6039433],[106.8001858,-6.604273],[106.8002294,-6.6043649],[106.8003763,-6.6045647],[106.8004721,-6.6046261],[106.8006089,-6.6046999],[106.8011256,-6.6051414],[106.8012707,-6.6052429],[106.8015797,-6.6054305],[106.801666,-6.6054953],[106.8018696,-6.605662],[106.8019662,-6.6057584],[106.8020694,-6.6058803],[106.8022367,-6.6061119],[106.8024345,-6.6063882],[106.8024654,-6.6064345],[106.8027178,-6.6067562],[106.8029774,-6.607046],[106.8031612,-6.6072716],[106.8032223,-6.6073465],[106.8035051,-6.6076775],[106.8035081,-6.6076821],[106.8038541,-6.6082493],[106.8039248,-6.6083922],[106.8039506,-6.6084418],[106.8041286,-6.6086952],[106.8043627,-6.6090137],[106.8048434,-6.6095943],[106.8044784,-6.6099416],[106.804268,-6.6101439],[106.8040791,-6.6103072],[106.8040421,-6.6103305],[106.8039858,-6.6103511],[106.8037059,-6.6104397],[106.8035988,-6.6104829],[106.8035165,-6.6105397],[106.8034374,-6.6106322],[106.803317,-6.610772],[106.8030924,-6.611113],[106.8029705,-6.6113034],[106.8028902,-6.6114095],[106.8027973,-6.6115017],[106.8027396,-6.6115201],[106.8025741,-6.61152],[106.8025187,-6.6115215],[106.8024751,-6.6115401],[106.8024338,-6.6115998],[106.8024271,-6.6116098],[106.8020306,-6.6122355]]]}},
{"type":"Feature","properties":{"FID":null,"Keterangan":null,"Nama":null,"id":"relation/20237558","@id":"relation/20237558","colour":"#04ff00","colour:back":null,"from":null,"name":"Ciheuleut–Ramayana","network":"Angkutan Kota Bogor","old_ref":null,"operator":null,"ref":"06","roundtrip":"yes","route":"bus","to":null,"type":"route","via":null,"layer":"angkot-kota-bogor","path":"C:/Users/Dzaka/Desktop/kuliah_smster_5/sig/tugas Akhir/frontend/public/rute/angkot-kota-bogor.geojson|geometrytype=MultiLineString"},"geometry":{"type":"MultiLineString","coordinates":[[[106.799076,-6.6029769],[106.7989278,-6.6030467],[106.7989033,-6.6030551],[106.7988427,-6.603076],[106.7987736,-6.603074],[106.7986663,-6.6030627],[106.7986073,-6.6030494],[106.7985295,-6.6030447],[106.7984853,-6.603048],[106.7984477,-6.603058],[106.798382,-6.603076],[106.7983264,-6.6030967],[106.7981909,-6.6031733],[106.798174,-6.6031835],[106.7979054,-6.6033734],[106.7978745,-6.6033912],[106.7978645,-6.603399],[106.7976903,-6.6035388],[106.7972226,-6.6038893],[106.7969793,-6.6040592],[106.7968384,-6.6041463],[106.7967213,-6.6041865],[106.7966462,-6.6041895],[106.7965913,-6.6041868],[106.7965337,-6.6041824],[106.7964774,-6.6041699],[106.7964242,-6.6041401],[106.7963846,-6.6041074],[106.7963302,-6.6040465],[106.7962771,-6.6039754],[106.7961978,-6.6038655],[106.7961639,-6.6038016],[106.7961527,-6.6037798],[106.7961429,-6.6037605],[106.7959055,-6.603283],[106.7958872,-6.6032412],[106.7956616,-6.6027343],[106.7956045,-6.6026017],[106.7954764,-6.6023044],[106.7954083,-6.6021463],[106.7953647,-6.602045],[106.795332,-6.6019762],[106.7952083,-6.6016123],[106.7951426,-6.6014421],[106.7950955,-6.6012779],[106.7950252,-6.6010004],[106.7949816,-6.6008293],[106.7949348,-6.6006322],[106.7949022,-6.6005066],[106.7948931,-6.6004656],[106.7948602,-6.6003385],[106.7948261,-6.6002071],[106.7948076,-6.6001399],[106.7947853,-6.6000748],[106.7947537,-6.5999713],[106.794741,-6.5999253],[106.7947134,-6.5998207],[106.7946276,-6.599563],[106.7946115,-6.5995164],[106.7945947,-6.5994651],[106.7944237,-6.5989601],[106.7942468,-6.5984849],[106.7942142,-6.5983946],[106.7941783,-6.5982953],[106.7941475,-6.5982114],[106.7941194,-6.5981248],[106.7941113,-6.5980995],[106.7940757,-6.5980003],[106.7939879,-6.5977305],[106.7939617,-6.5976426],[106.7939453,-6.597588],[106.7939241,-6.5975213],[106.7938252,-6.5971973],[106.7938209,-6.5971813],[106.7938313,-6.5969648],[106.7938746,-6.5966409],[106.7939299,-6.596421],[106.7939963,-6.596238],[106.7941479,-6.5958377],[106.7942061,-6.5956753],[106.7942081,-6.5956683],[106.7942749,-6.5954737],[106.7943815,-6.5951603],[106.7944828,-6.5949182],[106.7946279,-6.5946378],[106.7946766,-6.5945578],[106.7947698,-6.5944846],[106.7948382,-6.5944406],[106.7949695,-6.5943593],[106.7951258,-6.594264],[106.7959506,-6.5938937],[106.796139,-6.5938038],[106.7962517,-6.5937345],[106.7963442,-6.5936712],[106.7964461,-6.5936013],[106.7965883,-6.593494],[106.7969298,-6.5931758],[106.7970525,-6.5931188],[106.7971408,-6.5930744],[106.7971945,-6.5930687],[106.7972495,-6.5930664],[106.797344,-6.5930894],[106.797378,-6.5931031],[106.7974751,-6.593158],[106.797621,-6.5932635],[106.7978228,-6.5933788],[106.7979643,-6.5934381],[106.7981292,-6.5934707],[106.7983552,-6.5934767],[106.7985195,-6.5934594],[106.798614,-6.5934387],[106.7987488,-6.5933934],[106.7989453,-6.5932949],[106.7991123,-6.5931676],[106.7995032,-6.5928412],[106.7996393,-6.5927446],[106.7997506,-6.5926787],[106.7998747,-6.5926194],[106.8000007,-6.5925701],[106.8003434,-6.5924256],[106.8004725,-6.5923656],[106.8005794,-6.5923323],[106.8007437,-6.5922963],[106.8009402,-6.592289],[106.8011232,-6.5923177],[106.8012976,-6.592381],[106.8015041,-6.5924716],[106.8017494,-6.5926043],[106.8018877,-6.5926943],[106.8019803,-6.592744],[106.8020952,-6.5928287],[106.8022545,-6.5929451],[106.8023803,-6.5930415],[106.8025052,-6.5931443],[106.8029462,-6.5935856],[106.8031477,-6.5938171],[106.8035373,-6.5943392],[106.8039496,-6.5950614],[106.8041763,-6.5955044],[106.8041977,-6.5955563],[106.804272,-6.5957365],[106.8042801,-6.5957506],[106.8042971,-6.5957811],[106.8043047,-6.5958019],[106.8043493,-6.5960206],[106.8044089,-6.5964153],[106.804425,-6.5965207],[106.8044672,-6.5968086],[106.8045131,-6.5970865],[106.804523,-6.5971513],[106.8045582,-6.5973771],[106.8046123,-6.5977544],[106.8046144,-6.5977676],[106.8046318,-6.5978819],[106.8046509,-6.5979926],[106.8046694,-6.5981135],[106.8046774,-6.5981662],[106.8046914,-6.5982567],[106.8047478,-6.5985541],[106.8047921,-6.5988767],[106.8048383,-6.5991963],[106.804902,-6.599637],[106.8049577,-6.6000347],[106.8050341,-6.6004651],[106.8050629,-6.6006102],[106.805066,-6.6006283],[106.8051535,-6.6009726],[106.8051623,-6.600999],[106.8051708,-6.6010246],[106.8052246,-6.6011681],[106.8052879,-6.6012872],[106.8052986,-6.6013211],[106.8053221,-6.6013954],[106.8053462,-6.6014686],[106.8054428,-6.6017309],[106.8054616,-6.6017824],[106.8056669,-6.6023133],[106.8059878,-6.6030517],[106.8061447,-6.6033879],[106.8062827,-6.6036294],[106.8064971,-6.6039127],[106.8067296,-6.6041728],[106.8068413,-6.6042764],[106.8069039,-6.6043203],[106.8069967,-6.6043286],[106.8070623,-6.6043085],[106.8071812,-6.6042701],[106.8072791,-6.6042306],[106.8074797,-6.6040856],[106.8077301,-6.6039167],[106.8079189,-6.6037935],[106.808021,-6.6037229],[106.80808,-6.6036821],[106.808156,-6.6036295],[106.8086514,-6.6032873],[106.8087666,-6.6032076],[106.8089233,-6.6030964],[106.8092501,-6.6028645],[106.8092862,-6.6028391],[106.8097005,-6.6025468],[106.8098456,-6.6024441],[106.8100088,-6.6023374],[106.8103718,-6.602063],[106.810431,-6.6020453],[106.8107777,-6.6018054],[106.8109421,-6.6017055],[106.8110248,-6.6016469],[106.8110483,-6.6016461],[106.8110694,-6.6016574],[106.8110978,-6.6016809],[106.8111147,-6.6017172],[106.8111147,-6.6017551],[106.8110929,-6.6017887],[106.8108414,-6.6019598],[106.8107806,-6.6020075],[106.810667,-6.6021153],[106.8100922,-6.6025026],[106.8099612,-6.6025954],[106.8082967,-6.603775],[106.8076983,-6.6041436],[106.8073699,-6.6044101],[106.8072747,-6.6045122],[106.8072448,-6.6046226],[106.807261,-6.6047043],[106.8072836,-6.6047734],[106.80738,-6.6049346],[106.8074553,-6.6050182],[106.8078205,-6.6054286],[106.8078838,-6.6055024],[106.8081875,-6.6058413],[106.8082072,-6.6058635],[106.80825,-6.6059112],[106.8082927,-6.6059593],[106.8083143,-6.6059841],[106.8084192,-6.6061041],[106.8085581,-6.6062642],[106.8086024,-6.6063121],[106.8086899,-6.6064138],[106.8087416,-6.6064721],[106.8088145,-6.6065536],[106.8088745,-6.6066217],[106.8090318,-6.6067999],[106.8090924,-6.6068629],[106.8091231,-6.6068951],[106.8092373,-6.6070143],[106.8093579,-6.6071453],[106.8098134,-6.6076731]],[[106.8125433,-6.5990085],[106.8125656,-6.5990422],[106.813011,-6.5996998],[106.8130685,-6.5997801],[106.8131083,-6.5998355],[106.8135403,-6.6004381],[106.8136518,-6.6005944],[106.8137217,-6.6007281],[106.8137589,-6.6008444],[106.8137435,-6.60095],[106.8137247,-6.6011417],[106.8137061,-6.6012848],[106.8136985,-6.6015693],[106.8136988,-6.601588],[106.8137142,-6.6017344],[106.8137238,-6.6018552],[106.8137061,-6.6019875],[106.8136754,-6.6021434],[106.8136257,-6.6023739],[106.8136102,-6.6025152],[106.8135855,-6.6026051],[106.8135828,-6.6026663],[106.813597,-6.6028754],[106.8134977,-6.6032203],[106.8134848,-6.6032964],[106.8134602,-6.6033977],[106.8134279,-6.6035096],[106.813393,-6.6035742],[106.8133349,-6.6036779],[106.813258,-6.6037917],[106.8132456,-6.6038135],[106.8132211,-6.6039052],[106.8132197,-6.6039186],[106.8131751,-6.6044409],[106.8131687,-6.6046486],[106.8131573,-6.605134],[106.8131503,-6.6052547],[106.8131309,-6.6053074],[106.8130966,-6.6054033],[106.8130235,-6.6054886],[106.812977,-6.605523],[106.812925,-6.6055496],[106.8128928,-6.6055613],[106.812825,-6.6055759],[106.8125998,-6.6056318],[106.8123588,-6.6057146],[106.812354,-6.6057175],[106.8122621,-6.6057731],[106.8122282,-6.6057969],[106.8120989,-6.6058876],[106.8120767,-6.6059489],[106.8120442,-6.6059885],[106.8120407,-6.6059914],[106.8118517,-6.6061485],[106.8117209,-6.6062425],[106.8112199,-6.6066152],[106.8105141,-6.6072256],[106.8099898,-6.607663],[106.8099792,-6.6076722],[106.8099338,-6.6077104],[106.8098755,-6.6077594],[106.8100974,-6.608092],[106.8101708,-6.6082041],[106.8103364,-6.6084684],[106.8105431,-6.6087501],[106.8106085,-6.6088392],[106.8105995,-6.6088931],[106.8105693,-6.6089144],[106.8105184,-6.6089117],[106.810328,-6.6086359],[106.8097029,-6.6077641],[106.8093014,-6.6072878],[106.8090235,-6.6069853],[106.8089959,-6.6069549],[106.8087708,-6.6066928],[106.8087002,-6.6066089],[106.8086089,-6.6065187],[106.8081441,-6.6060071],[106.8077753,-6.6055795],[106.8072581,-6.6049615],[106.8071445,-6.6048309],[106.8069967,-6.604658],[106.8069443,-6.604585],[106.8069027,-6.6045261],[106.8068691,-6.6044817],[106.8067156,-6.6042813],[106.8064227,-6.60396],[106.8062764,-6.6037594],[106.8062146,-6.6036698],[106.8061658,-6.6035921],[106.8060613,-6.60342],[106.8056636,-6.6025171],[106.8054741,-6.6020611],[106.8053688,-6.6018281],[106.8052468,-6.6017235],[106.805093,-6.6016619],[106.8049599,-6.6016241],[106.8048234,-6.6015994],[106.8046866,-6.6015795],[106.8045484,-6.6015746],[106.8044987,-6.6015777],[106.8044283,-6.6015895],[106.804265,-6.6016335],[106.8042416,-6.6016395],[106.8038645,-6.6017645],[106.8036801,-6.6018152],[106.803448,-6.601884],[106.8030652,-6.6020022],[106.8025045,-6.6021768],[106.8024432,-6.6021967],[106.8020246,-6.6023329],[106.8020075,-6.6023356],[106.8018961,-6.6023528],[106.8004413,-6.6025778],[106.7998455,-6.6026365]]]}},
{"type":"Feature","properties":{"FID":null,"Keterangan":null,"Nama":null,"id":"relation/20237647","@id":"relation/20237647","colour":"#04ff00","colour:back":null,"from":null,"name":"Terminal Bubulak-Ciparigi","network":"Angkutan Kota Bogor","old_ref":null,"operator":null,"ref":"07","roundtrip":null,"route":"bus","to":null,"type":"route","via":null,"layer":"angkot-kota-bogor","path":"C:/Users/Dzaka/Desktop/kuliah_smster_5/sig/tugas Akhir/frontend/public/rute/angkot-kota-bogor.geojson|geometrytype=MultiLineString"},"geometry":{"type":"MultiLineString","coordinates":[[[106.7634094,-6.5648822],[106.7633666,-6.5648215],[106.763318,-6.5645372],[106.7632988,-6.5644729],[106.7632602,-6.5643439],[106.7632243,-6.5643022],[106.7631874,-6.5642889],[106.7631411,-6.5642869],[106.7630325,-6.5643179],[106.7627596,-6.5644937],[106.7624217,-6.5647335],[106.7622583,-6.5648548],[106.7619463,-6.5651152],[106.7614876,-6.5655376],[106.7612595,-6.5657921],[106.7608559,-6.5663664],[106.7603156,-6.5671528],[106.7599024,-6.5677745],[106.7598086,-6.5678925],[106.7597354,-6.5679751],[106.7596328,-6.568059],[106.7592527,-6.5683061],[106.7589502,-6.5684947],[106.7586987,-6.5686572],[106.7585928,-6.5687238],[106.7582247,-6.5689411],[106.7579565,-6.5690935],[106.7576815,-6.5692775],[106.7575116,-6.5694123],[106.7573035,-6.5695849],[106.7570909,-6.5697517],[106.7568812,-6.5699161],[106.7564288,-6.570278],[106.7563685,-6.5703262],[106.7562727,-6.5704028],[106.7556272,-6.5708889],[106.7553526,-6.5710674],[106.7552582,-6.5710224],[106.7552411,-6.5709881],[106.7549292,-6.5703005],[106.7548028,-6.5701456],[106.7545282,-6.569809],[106.754758,-6.5695473],[106.7548302,-6.5696378],[106.7548984,-6.570003],[106.754915,-6.5700461],[106.7550037,-6.5701789],[106.7550373,-6.5702358],[106.7553104,-6.5708825],[106.7553247,-6.5709159],[106.7553286,-6.5709251],[106.7553469,-6.5709681],[106.7555802,-6.5708165],[106.7561294,-6.5703853],[106.7561983,-6.5703286],[106.7570438,-6.5696451],[106.7571425,-6.5695637],[106.7571944,-6.5695198],[106.7572626,-6.5694664],[106.7574779,-6.5692979],[106.7576708,-6.5691468],[106.7578974,-6.569003],[106.7581791,-6.5688457],[106.7584275,-6.5686968],[106.7585546,-6.5686206],[106.7586967,-6.5685367],[106.759251,-6.568193],[106.759323,-6.568149],[106.759547,-6.5680011],[106.7596235,-6.567944],[106.7596382,-6.5679331],[106.7597079,-6.5678585],[106.7598145,-6.5677273],[106.760163,-6.5672219],[106.7608186,-6.5662711],[106.7612046,-6.5656935],[106.7612845,-6.5656026],[106.7613696,-6.5655057],[106.7614488,-6.5654286],[106.7614929,-6.5653858],[106.7618497,-6.5650673],[106.7622261,-6.5647667],[106.7623921,-6.5646377],[106.7627308,-6.5644005],[106.7629299,-6.5642679],[106.7630743,-6.5641927],[106.7632892,-6.5640808],[106.7633565,-6.5640105],[106.7633651,-6.5641032],[106.7633838,-6.5642799],[106.7634212,-6.5647402],[106.7634154,-6.5648135],[106.7634094,-6.5648822],[106.7634737,-6.5652086],[106.7636179,-6.5656516],[106.763704,-6.5658092],[106.7639364,-6.5661253],[106.7639599,-6.5661572],[106.7644395,-6.5667607],[106.7644568,-6.5667833],[106.764554,-6.5669059],[106.764663,-6.5670441],[106.7651333,-6.567642],[106.7654753,-6.5680857],[106.765647,-6.5683215],[106.7656812,-6.5683675],[106.7660446,-6.5688524],[106.7661238,-6.568955],[106.7663008,-6.5691762],[106.7663534,-6.5692414],[106.7665349,-6.569466],[106.7666111,-6.5695603],[106.7667367,-6.5697157],[106.7671284,-6.5702108],[106.7672777,-6.5703995],[106.7673326,-6.5704722],[106.767393,-6.5705406],[106.7676865,-6.5709102],[106.7677327,-6.5709684],[106.7680114,-6.5713371],[106.7686327,-6.5721551],[106.7688098,-6.5723669],[106.7688981,-6.5724755],[106.7689207,-6.5725034],[106.7691517,-6.5727878],[106.7694795,-6.573207],[106.7696857,-6.5734708],[106.7699361,-6.5738025],[106.7701728,-6.5740932],[106.7703763,-6.5743522],[106.7704585,-6.5744568],[106.7705745,-6.5746023],[106.7708776,-6.5750024],[106.7710285,-6.575196],[106.7710636,-6.5752409],[106.7713233,-6.5755742],[106.7714105,-6.5756876],[106.771544,-6.5758737],[106.7717064,-6.576064],[106.7719665,-6.5764016],[106.7721115,-6.5765443],[106.7721603,-6.576601],[106.772282,-6.5767536],[106.7723968,-6.5769012],[106.7725558,-6.5771218],[106.7725964,-6.5771791],[106.7726277,-6.5772146],[106.772679,-6.5772768],[106.7727244,-6.5773275],[106.7729002,-6.5775238],[106.7729344,-6.5775268],[106.7729533,-6.5775299],[106.7729812,-6.5775353],[106.7729993,-6.5775446],[106.7733979,-6.57786],[106.7738163,-6.5781906],[106.7742544,-6.5785269],[106.7751489,-6.5792823],[106.7757443,-6.5797509],[106.7758256,-6.5798851],[106.7759706,-6.5800487],[106.7761196,-6.5801838],[106.7763168,-6.5803554],[106.7766511,-6.5807134],[106.7767389,-6.5807923],[106.7768355,-6.5808699],[106.7769616,-6.5809692],[106.777339,-6.5812622],[106.7773709,-6.5812851],[106.7774064,-6.5813087],[106.7779441,-6.5815747],[106.7780264,-6.581618],[106.7783674,-6.5818082],[106.7784412,-6.5818541],[106.7785042,-6.5818888],[106.7785498,-6.5819208],[106.7785974,-6.5819567],[106.7786443,-6.5819987],[106.7787255,-6.5820667],[106.7789622,-6.5823095],[106.7790712,-6.5824196],[106.7790975,-6.5824495],[106.7795474,-6.5829281],[106.7797787,-6.5831741],[106.7799451,-6.5833567],[106.7800198,-6.5834455],[106.7801759,-6.5836274],[106.7804191,-6.5839013],[106.7812746,-6.5848854],[106.7814195,-6.5850196],[106.7814588,-6.5850601],[106.7817131,-6.5853223],[106.7820073,-6.5855662],[106.7820646,-6.5856203],[106.7827587,-6.5862094],[106.7829181,-6.5863521],[106.7830283,-6.5864352],[106.7831345,-6.5865224],[106.783199,-6.5865818],[106.783854,-6.5870913],[106.7845325,-6.587582],[106.7846254,-6.5876614],[106.7846739,-6.5877088],[106.7847226,-6.5877533],[106.7847725,-6.5878061],[106.7848396,-6.5879068],[106.7848735,-6.5879619],[106.7849033,-6.5880104],[106.7849493,-6.5880902],[106.7849744,-6.5881344],[106.7850414,-6.5883003],[106.7850948,-6.5885132],[106.7851071,-6.58857],[106.7851259,-6.5888458],[106.7851943,-6.5890537],[106.7853304,-6.5892908],[106.7856838,-6.5897832],[106.7859479,-6.5901565],[106.7860376,-6.5902017],[106.7860647,-6.5902107],[106.7860982,-6.5902147],[106.7861323,-6.5902173],[106.7861693,-6.5902087],[106.7862898,-6.5901747],[106.7863295,-6.5901454],[106.7865375,-6.5900211],[106.7868671,-6.5897364],[106.786974,-6.5896453],[106.7870665,-6.5895919],[106.7872066,-6.5895113],[106.7873193,-6.5894713],[106.7874373,-6.5894467],[106.7875266,-6.5894366],[106.7875882,-6.5894272],[106.7876489,-6.5894157],[106.787704,-6.5893879],[106.7877491,-6.5893459],[106.7877806,-6.5892931],[106.7877759,-6.5890357],[106.7877785,-6.5889831],[106.7877477,-6.5879273],[106.7877381,-6.5877832],[106.7877215,-6.5875345],[106.7877182,-6.5874849],[106.7877013,-6.5872322],[106.7876905,-6.5870811],[106.7876786,-6.5868921],[106.7876659,-6.5866822],[106.7876617,-6.5863208],[106.7876646,-6.5860241],[106.7876795,-6.5857925],[106.7876959,-6.585636],[106.7877066,-6.5852634],[106.7877105,-6.5851288],[106.7877137,-6.5849622],[106.7877244,-6.5844348],[106.7877282,-6.5841951],[106.7877319,-6.5840014],[106.7877419,-6.5834698],[106.7877616,-6.5829744],[106.7877636,-6.5828244],[106.7877642,-6.5827796],[106.7883519,-6.5827959],[106.788767,-6.5828074],[106.7890205,-6.5828199],[106.7897205,-6.582826],[106.7899828,-6.5828331],[106.7901543,-6.5828374],[106.7903008,-6.5828434],[106.7903802,-6.5828451],[106.7906289,-6.5828646],[106.7907863,-6.5828781],[106.7909489,-6.5829064],[106.7910257,-6.5829246],[106.7910628,-6.5829309],[106.7913564,-6.5830455],[106.7913629,-6.583048],[106.791417,-6.5830659],[106.7914765,-6.5830837],[106.7914975,-6.5830875],[106.7915132,-6.5830903],[106.7915622,-6.5830938],[106.7916225,-6.5830985],[106.7920393,-6.5831078],[106.7921499,-6.5831125],[106.792173,-6.5831108],[106.7922318,-6.5831097],[106.7924081,-6.5830732],[106.7925918,-6.5830066],[106.7927152,-6.5829426],[106.7928627,-6.5828467],[106.7930129,-6.5827121],[106.7930759,-6.5826429],[106.793135,-6.5825376],[106.7931537,-6.582451],[106.7931604,-6.5822485],[106.7931725,-6.5821486],[106.7932262,-6.5820527],[106.7933227,-6.5819474],[106.7934488,-6.5818795],[106.7937385,-6.5817689],[106.7941408,-6.5816703],[106.794632,-6.5815657],[106.7946758,-6.5815566],[106.7947201,-6.5815473],[106.7948935,-6.5815098],[106.795091,-6.5814717],[106.7953503,-6.5814217],[106.7956716,-6.5813597],[106.7958623,-6.5813229],[106.795991,-6.5812981],[106.7960668,-6.5812835],[106.7962144,-6.581255],[106.7962674,-6.5812448],[106.7963964,-6.5812199],[106.7964619,-6.5812073],[106.7965752,-6.5811737],[106.7966248,-6.5811447],[106.7967165,-6.5810614],[106.796721,-6.5809863],[106.796728,-6.5808672],[106.7967307,-6.5808399],[106.796728,-6.5804637],[106.7967284,-6.5803633],[106.7967291,-6.5801635],[106.7967317,-6.5800574],[106.7966985,-6.5791723],[106.7966424,-6.5784311],[106.7966033,-6.5780074],[106.7965987,-6.5778458],[106.7965646,-6.5771089],[106.7965546,-6.5767274],[106.7965333,-6.5759131],[106.7965311,-6.575828],[106.7965218,-6.5754718],[106.7964828,-6.5739803],[106.7964807,-6.5734921],[106.7964883,-6.573355],[106.7964994,-6.5732937],[106.7965119,-6.5732574],[106.7965534,-6.5731762],[106.7967318,-6.5729057],[106.7967982,-6.5728051],[106.7969004,-6.57265],[106.7971266,-6.5723072],[106.7972448,-6.5721361],[106.7973504,-6.5719831],[106.7974489,-6.5718404],[106.7975369,-6.5717171],[106.7976038,-6.5716235],[106.7978376,-6.5712959],[106.7980232,-6.5710359],[106.7981229,-6.5708962],[106.7982115,-6.5707721],[106.7984018,-6.5705156],[106.7985403,-6.5703172],[106.7987422,-6.5700395],[106.7988624,-6.5699451],[106.7991103,-6.5697796],[106.7993496,-6.5696086],[106.7994611,-6.5695172],[106.7997101,-6.5693049],[106.7997619,-6.5692608],[106.799994,-6.569061],[106.8000728,-6.5689879],[106.8003493,-6.5687132],[106.8003665,-6.5686946],[106.8005177,-6.5685313],[106.8008062,-6.5682042],[106.8010043,-6.5679591],[106.8012748,-6.5676244],[106.8014196,-6.5673928],[106.8017528,-6.56668],[106.8018495,-6.5664902],[106.8019286,-6.5663716],[106.801962,-6.5663397],[106.8020144,-6.5663237],[106.8020982,-6.566343],[106.8022877,-6.5664702],[106.8023926,-6.5665489],[106.8024523,-6.5665939],[106.8025475,-6.5666666],[106.8025702,-6.5666839],[106.8027278,-6.5668037],[106.802852,-6.5669064],[106.8035111,-6.5674082],[106.8040408,-6.5678103],[106.8040777,-6.56784],[106.804471,-6.5681336],[106.8045234,-6.5681611],[106.8046979,-6.5682939],[106.8049621,-6.5684579],[106.8052132,-6.5686497],[106.8053477,-6.5687384],[106.8054082,-6.5687881],[106.8055114,-6.5688741],[106.8055932,-6.568903],[106.8056649,-6.5689177],[106.8057233,-6.5689234],[106.8057822,-6.568923],[106.8057972,-6.5689206],[106.8058309,-6.5689152],[106.8058714,-6.5689024],[106.8065151,-6.5685997],[106.8065402,-6.5685899],[106.8066597,-6.5685326],[106.8067415,-6.5684934],[106.8068692,-6.5684321],[106.8070231,-6.568385],[106.8070747,-6.5683757],[106.8071408,-6.5683651],[106.8071995,-6.568365],[106.8072631,-6.5683699],[106.807337,-6.5683902],[106.8075993,-6.5684605],[106.8077815,-6.5685101],[106.8079801,-6.5685724],[106.8081354,-6.5686159],[106.8083156,-6.5686552],[106.8084114,-6.5686734],[106.8085243,-6.5686934],[106.8088965,-6.5687599],[106.8090015,-6.5687786],[106.8090535,-6.5687839],[106.8091696,-6.5688194],[106.8091568,-6.5689059],[106.8090353,-6.5688739],[106.8089597,-6.5688569],[106.8087956,-6.5688201],[106.8084987,-6.5687738],[106.8082264,-6.5687185],[106.8080252,-6.5686659],[106.8078321,-6.5686086],[106.8076773,-6.5685553],[106.8075725,-6.568521],[106.8073349,-6.5684458],[106.8072466,-6.5684224],[106.8071897,-6.5684174],[106.8071207,-6.5684254],[106.8070409,-6.5684454],[106.806896,-6.5685034],[106.8068096,-6.5685446],[106.8067041,-6.5685949],[106.806571,-6.5686584],[106.8064555,-6.5687135],[106.8060435,-6.5689021],[106.8059425,-6.5689483],[106.8058708,-6.5689736],[106.8058203,-6.5689907],[106.8056796,-6.569029],[106.8056294,-6.5690443],[106.8055925,-6.5690589],[106.8055571,-6.569076],[106.8054385,-6.5691474],[106.8054353,-6.5691514],[106.8053946,-6.5692022],[106.8052293,-6.5694084],[106.8052011,-6.5694435],[106.8051942,-6.5694521],[106.8048812,-6.5698426],[106.8046546,-6.5701253],[106.8043957,-6.5704482],[106.8041185,-6.5707941],[106.8040995,-6.5708178],[106.803871,-6.5711028],[106.8037375,-6.5712694],[106.803728,-6.5712812],[106.8036816,-6.5713391],[106.803551,-6.571502],[106.8034781,-6.5716014],[106.8034013,-6.5717062],[106.8033226,-6.5718134],[106.8031088,-6.5720966],[106.8030073,-6.5722331],[106.8026749,-6.5726801],[106.8023189,-6.5731588],[106.8022184,-6.5732939],[106.802108,-6.5734427],[106.8019855,-6.5736071],[106.8019165,-6.5737],[106.8017671,-6.5739009],[106.8016983,-6.5739933],[106.801594,-6.5741342],[106.8014138,-6.5743759],[106.8012828,-6.5745521],[106.801143,-6.5747415],[106.801116,-6.5747764],[106.8009733,-6.5749683],[106.800912,-6.5750513],[106.8008714,-6.5751053],[106.8007545,-6.5752625],[106.8001782,-6.5760375],[106.8000452,-6.5762163],[106.7999122,-6.5763939],[106.7998639,-6.5764658],[106.7995923,-6.5768235],[106.7993643,-6.5771239],[106.7993151,-6.5771877],[106.7992641,-6.577254],[106.7992462,-6.5772773],[106.7990612,-6.5775175],[106.7987864,-6.577874],[106.7987471,-6.5779329],[106.7987244,-6.5779763],[106.7985841,-6.5781791],[106.7985644,-6.5782075],[106.7982377,-6.5786877],[106.7979225,-6.5791686],[106.7977209,-6.5795241],[106.7976609,-6.5796376],[106.7975067,-6.579929],[106.797471,-6.5799964],[106.7973961,-6.5802194],[106.7972718,-6.5804361],[106.7971818,-6.580524],[106.7971288,-6.5806284],[106.7970783,-6.5807669],[106.7969996,-6.5809678],[106.7968673,-6.5814282],[106.7968425,-6.5815051],[106.7967883,-6.581664],[106.7967907,-6.5817381],[106.7968063,-6.5822145],[106.7968187,-6.5825935],[106.7968466,-6.5834472],[106.7968486,-6.5835075],[106.7968517,-6.5836021],[106.7968866,-6.5846718],[106.7968877,-6.5847047],[106.7968943,-6.5849072],[106.7969017,-6.5851326],[106.7969047,-6.5852239],[106.7969106,-6.5854067],[106.7969203,-6.5857039],[106.7969481,-6.5865537],[106.7969522,-6.5866793],[106.796958,-6.5868557],[106.7969632,-6.587014],[106.7969681,-6.587166],[106.7969782,-6.5874751],[106.7969787,-6.5874896],[106.7969839,-6.5876498],[106.7969909,-6.5878638],[106.7969965,-6.5880353],[106.7970014,-6.5881837],[106.7970031,-6.5882369],[106.7970075,-6.5883711],[106.7970163,-6.5886389],[106.7970179,-6.5886874],[106.7970369,-6.5892709],[106.7970431,-6.5894601],[106.7970458,-6.5895413],[106.7970591,-6.5899501],[106.7970615,-6.5900234],[106.7970648,-6.5901243],[106.7970806,-6.5906077],[106.7970817,-6.5906405],[106.7970922,-6.5909622],[106.7971064,-6.5913976],[106.797111,-6.5915363],[106.7971139,-6.5916262],[106.7971212,-6.5918487],[106.7970489,-6.5918507],[106.796981,-6.5918524],[106.7969189,-6.5918537],[106.7969085,-6.591854],[106.7961539,-6.591877],[106.7956191,-6.5918933],[106.7950918,-6.5919094],[106.79498,-6.5919128],[106.7946008,-6.5919244],[106.7943479,-6.5919321],[106.7941443,-6.5919383],[106.7938075,-6.5919486],[106.7926309,-6.5919909],[106.7924844,-6.591988],[106.7923621,-6.5925535],[106.7923195,-6.5927558],[106.7922356,-6.5931567],[106.7920993,-6.593784],[106.7920393,-6.59406],[106.7920163,-6.5941669],[106.7919308,-6.5945649],[106.7919297,-6.5945702],[106.7917686,-6.5953199],[106.7917123,-6.5955819],[106.7916851,-6.5957088],[106.7916224,-6.5960007],[106.7915835,-6.5961818],[106.7915786,-6.5962043],[106.7915712,-6.5962295],[106.7918843,-6.5962994],[106.7921702,-6.5963632],[106.7922716,-6.5963859],[106.7926262,-6.5964651],[106.7929399,-6.5965351],[106.7932168,-6.5965969],[106.7933596,-6.5966228],[106.7935182,-6.5966355],[106.793553,-6.5966383],[106.7936751,-6.5966686],[106.7937088,-6.5966925],[106.7937228,-6.5967184],[106.7937142,-6.5967526],[106.7936935,-6.5967645],[106.7936617,-6.5967705],[106.7935867,-6.5967523],[106.7935343,-6.5967346],[106.7933455,-6.5966881],[106.7932506,-6.5966662],[106.7929462,-6.5965915],[106.7929255,-6.596586],[106.7926299,-6.5965189],[106.7916013,-6.5963035],[106.7913165,-6.5962436],[106.7911657,-6.5962118],[106.7910433,-6.5961869],[106.7908731,-6.5961521],[106.790679,-6.5961119],[106.7905984,-6.5960952],[106.7905558,-6.5960872],[106.7904534,-6.5960653],[106.7899844,-6.5959585],[106.7897075,-6.5958985],[106.7889469,-6.5957343],[106.7886015,-6.5956597],[106.7884763,-6.5956324],[106.7883035,-6.5956096],[106.7880195,-6.595592],[106.7876846,-6.5955865],[106.7876592,-6.5955388],[106.7875492,-6.5953694],[106.7875308,-6.5952832],[106.7873527,-6.5948642],[106.7872087,-6.5945552],[106.787177,-6.5944838],[106.7868961,-6.5938511],[106.7868559,-6.5937671],[106.7868204,-6.5936945],[106.7867365,-6.5935133],[106.7866762,-6.5933728],[106.786632,-6.5932837],[106.7866119,-6.5932532],[106.7865712,-6.5931916],[106.7865544,-6.5931636],[106.7864496,-6.5930024],[106.7864281,-6.5929685],[106.7862504,-6.5926894],[106.7861907,-6.5925715],[106.7861323,-6.5923936],[106.7861089,-6.592267],[106.786101,-6.5921365],[106.7860834,-6.5918447],[106.7860495,-6.5915879],[106.7860438,-6.5915446],[106.7860211,-6.5913774],[106.7860171,-6.5913418],[106.7860224,-6.5912432],[106.7860472,-6.5911932],[106.7861009,-6.5911594],[106.7862028,-6.5910314],[106.7863513,-6.5909222],[106.7863821,-6.5908703],[106.786392,-6.5908119],[106.7863765,-6.590745],[106.7859617,-6.5901782],[106.7859479,-6.5901565]]]}},
{"type":"Feature","properties":{"FID":null,"Keterangan":null,"Nama":null,"id":"relation/20243092","@id":"relation/20243092","colour":"#04ff00","colour:back":null,"from":null,"name":"Terminal Ciawi–Terminal Bubulak (via Baranangsiang)","network":"Angkutan Kota Bogor","old_ref":null,"operator":null,"ref":"TPK-2","roundtrip":null,"route":"bus","to":null,"type":"route","via":"Baranangsiang","layer":"angkot-kota-bogor","path":"C:/Users/Dzaka/Desktop/kuliah_smster_5/sig/tugas Akhir/frontend/public/rute/angkot-kota-bogor.geojson|geometrytype=MultiLineString"},"geometry":{"type":"MultiLineString","coordinates":[[[106.8183558,-6.6230094],[106.8182062,-6.6229389],[106.8180178,-6.6228296],[106.8175907,-6.6225312],[106.8169941,-6.6220767],[106.8168919,-6.6219988],[106.8168074,-6.6219344],[106.8166957,-6.6218436],[106.8166049,-6.6217699],[106.8164866,-6.6216589],[106.8164353,-6.6216107],[106.81633,-6.6215221],[106.8161898,-6.6213799],[106.8161319,-6.6213437],[106.8160873,-6.6212922],[106.81606,-6.62123],[106.8160524,-6.6211624],[106.8160651,-6.6210957],[106.8160971,-6.6210357],[106.8161455,-6.6209876],[106.8162059,-6.6209559],[106.816255,-6.620948],[106.8162596,-6.6208234],[106.8162449,-6.6207242],[106.8160934,-6.6202763],[106.815983,-6.6199551],[106.8155294,-6.6187519],[106.8154177,-6.6184509],[106.8151145,-6.6177588],[106.8150627,-6.6176442],[106.8149249,-6.617348],[106.8148562,-6.6171845],[106.8146745,-6.6166744],[106.8145537,-6.616294],[106.8144387,-6.6158791],[106.8143479,-6.6155553],[106.8143076,-6.6154135],[106.814218,-6.6151758],[106.8141527,-6.6150285],[106.8140106,-6.6146634],[106.8139661,-6.6145549],[106.8138718,-6.6143251],[106.8137826,-6.6141512],[106.8136961,-6.6139521],[106.8135667,-6.6136656],[106.8135231,-6.6135777],[106.8133856,-6.61326],[106.8131996,-6.612871],[106.8130584,-6.6126165],[106.8129618,-6.6124527],[106.8128546,-6.6122812],[106.8127282,-6.6120737],[106.8126719,-6.6119785],[106.8125072,-6.6117],[106.8123958,-6.6115081],[106.8122745,-6.6113043],[106.8122714,-6.6112993],[106.8122296,-6.6112317],[106.8121183,-6.6110725],[106.8119057,-6.6107701],[106.811787,-6.6105989],[106.8116254,-6.6103758],[106.8115289,-6.6102653],[106.811307,-6.6099695],[106.8107937,-6.6092865],[106.8107779,-6.6092655],[106.8105184,-6.6089117],[106.810328,-6.6086359],[106.8097029,-6.6077641],[106.8093014,-6.6072878],[106.8090235,-6.6069853],[106.8089959,-6.6069549],[106.8087708,-6.6066928],[106.8087002,-6.6066089],[106.8086089,-6.6065187],[106.8081441,-6.6060071],[106.8077753,-6.6055795],[106.8072581,-6.6049615],[106.8071445,-6.6048309],[106.8069967,-6.604658],[106.8069443,-6.604585],[106.8069027,-6.6045261],[106.8068691,-6.6044817],[106.8067156,-6.6042813],[106.8064227,-6.60396],[106.8062764,-6.6037594],[106.8062146,-6.6036698],[106.8061658,-6.6035921],[106.8060613,-6.60342],[106.8056636,-6.6025171],[106.8054741,-6.6020611],[106.8053688,-6.6018281],[106.8052468,-6.6017235],[106.805093,-6.6016619],[106.8049599,-6.6016241],[106.8048234,-6.6015994],[106.8046866,-6.6015795],[106.8045484,-6.6015746],[106.8044987,-6.6015777],[106.8044283,-6.6015895],[106.804265,-6.6016335],[106.8042416,-6.6016395],[106.8038645,-6.6017645],[106.8036801,-6.6018152],[106.803448,-6.601884],[106.8030652,-6.6020022],[106.8025045,-6.6021768],[106.8024432,-6.6021967],[106.8020246,-6.6023329],[106.8020075,-6.6023356],[106.8018961,-6.6023528],[106.8004413,-6.6025778],[106.7998455,-6.6026365],[106.79975,-6.6026604],[106.7996319,-6.6027064],[106.799076,-6.6029769],[106.7989278,-6.6030467],[106.7989033,-6.6030551],[106.7988427,-6.603076],[106.7987736,-6.603074],[106.7986663,-6.6030627],[106.7986073,-6.6030494],[106.7985295,-6.6030447],[106.7984853,-6.603048],[106.7984477,-6.603058],[106.798382,-6.603076],[106.7983264,-6.6030967],[106.7981909,-6.6031733],[106.798174,-6.6031835],[106.7979054,-6.6033734],[106.7978745,-6.6033912],[106.7978645,-6.603399],[106.7976903,-6.6035388],[106.7972226,-6.6038893],[106.7969793,-6.6040592],[106.7968384,-6.6041463],[106.7967213,-6.6041865],[106.7966462,-6.6041895],[106.7965913,-6.6041868],[106.7965337,-6.6041824],[106.7964774,-6.6041699],[106.7964242,-6.6041401],[106.7963846,-6.6041074],[106.7963302,-6.6040465],[106.7962771,-6.6039754],[106.7961978,-6.6038655],[106.7961639,-6.6038016],[106.7961527,-6.6037798],[106.7961429,-6.6037605],[106.7959055,-6.603283],[106.7958872,-6.6032412],[106.7956616,-6.6027343],[106.7956045,-6.6026017],[106.7954764,-6.6023044],[106.7954083,-6.6021463],[106.7953647,-6.602045],[106.795332,-6.6019762],[106.7952083,-6.6016123],[106.7951426,-6.6014421],[106.7950955,-6.6012779],[106.7950252,-6.6010004],[106.7949816,-6.6008293],[106.7949348,-6.6006322],[106.7949022,-6.6005066],[106.7948931,-6.6004656],[106.7948602,-6.6003385],[106.7948261,-6.6002071],[106.7948076,-6.6001399],[106.7947853,-6.6000748],[106.7947537,-6.5999713],[106.794741,-6.5999253],[106.7947134,-6.5998207],[106.7946276,-6.599563],[106.7946115,-6.5995164],[106.7945947,-6.5994651],[106.7944237,-6.5989601],[106.7942468,-6.5984849],[106.7942142,-6.5983946],[106.7941783,-6.5982953],[106.7941475,-6.5982114],[106.7941194,-6.5981248],[106.7941113,-6.5980995],[106.7940757,-6.5980003],[106.7939879,-6.5977305],[106.7939617,-6.5976426],[106.7939453,-6.597588],[106.7939241,-6.5975213],[106.7938252,-6.5971973],[106.7938209,-6.5971813],[106.7937715,-6.5970632],[106.7937224,-6.5969405],[106.7936581,-6.5968193],[106.7935867,-6.5967523],[106.7935343,-6.5967346],[106.7933455,-6.5966881],[106.7932506,-6.5966662],[106.7929462,-6.5965915],[106.7929255,-6.596586],[106.7926299,-6.5965189],[106.7916013,-6.5963035],[106.7913165,-6.5962436],[106.7911657,-6.5962118],[106.7910433,-6.5961869],[106.7908731,-6.5961521],[106.790679,-6.5961119],[106.7905984,-6.5960952],[106.7905558,-6.5960872],[106.7904534,-6.5960653],[106.7899844,-6.5959585],[106.7897075,-6.5958985],[106.7889469,-6.5957343],[106.7886015,-6.5956597],[106.7884763,-6.5956324],[106.7883035,-6.5956096],[106.7880195,-6.595592],[106.7876846,-6.5955865],[106.787378,-6.595586],[106.7873262,-6.5955854],[106.7870217,-6.595567],[106.7868529,-6.5955666],[106.7864853,-6.5955276],[106.786302,-6.5955217],[106.7862515,-6.5955177],[106.786126,-6.5955079],[106.7857984,-6.5954822],[106.7855625,-6.5954637],[106.7854866,-6.5954578],[106.7849435,-6.5954018],[106.7847235,-6.5953645],[106.784399,-6.5952965],[106.7842354,-6.5952512],[106.7839672,-6.5951313],[106.783788,-6.5950287],[106.7837043,-6.5949808],[106.7835775,-6.5949016],[106.7833831,-6.5947803],[106.7829321,-6.594458],[106.7828427,-6.5944084],[106.7827653,-6.5944032],[106.7826906,-6.5944263],[106.7825916,-6.5944705],[106.7825225,-6.5945271],[106.7824224,-6.5946109],[106.7824655,-6.5944828],[106.7825053,-6.5944352],[106.7825426,-6.5944009],[106.7826666,-6.5943366],[106.782681,-6.5943287],[106.7827575,-6.594326],[106.7828265,-6.5943333],[106.7828864,-6.5943528],[106.7829215,-6.5943642],[106.7829778,-6.5943849],[106.7834382,-6.5946856],[106.7837434,-6.5948985],[106.7837841,-6.5949242],[106.783976,-6.5950307],[106.7842662,-6.595162],[106.7846394,-6.5952565],[106.7847108,-6.5952721],[106.7849569,-6.5953258],[106.7854296,-6.5953844],[106.7858025,-6.5954159],[106.7861061,-6.5954413],[106.7863087,-6.5954551],[106.7868673,-6.5954817],[106.7870188,-6.595489],[106.7872529,-6.5954857],[106.7875194,-6.5954791],[106.7875334,-6.595466],[106.7875423,-6.5954527],[106.7875432,-6.5954514],[106.7875459,-6.5954344],[106.7875473,-6.595426],[106.7875492,-6.5953694],[106.7875308,-6.5952832],[106.7873527,-6.5948642],[106.7872087,-6.5945552],[106.787177,-6.5944838],[106.7868961,-6.5938511],[106.7868559,-6.5937671],[106.7868204,-6.5936945],[106.7867365,-6.5935133],[106.7866762,-6.5933728],[106.786632,-6.5932837],[106.7867053,-6.5932479],[106.7867472,-6.5932302],[106.786781,-6.5932223],[106.7872867,-6.5931985],[106.787499,-6.5931984],[106.7876698,-6.5931983],[106.7876838,-6.5931983],[106.7878127,-6.5932056],[106.7878953,-6.593558],[106.787969,-6.5938337],[106.7880623,-6.5941101],[106.7881693,-6.594434],[106.7882064,-6.5945464],[106.7882486,-6.594669],[106.7883733,-6.5950274],[106.7883955,-6.5950913],[106.7884246,-6.5951873],[106.7884352,-6.5952261],[106.7884471,-6.5952692],[106.7884587,-6.5953344],[106.7884902,-6.5954552],[106.7884957,-6.5954761],[106.7885099,-6.5955064],[106.7885142,-6.5955157],[106.788529,-6.5955417],[106.7885594,-6.595561],[106.7886107,-6.5955808],[106.7889539,-6.5956546],[106.7890829,-6.5956824],[106.7894162,-6.5957519],[106.7895364,-6.59578],[106.789718,-6.5958196],[106.7897767,-6.5958335],[106.7898403,-6.5958486],[106.7899681,-6.5958788],[106.7900398,-6.5958957],[106.7900558,-6.5958995],[106.7905077,-6.5960063],[106.790561,-6.5960184],[106.7906135,-6.59603],[106.791057,-6.5961231],[106.7911277,-6.5961377],[106.7915712,-6.5962295],[106.7918843,-6.5962994],[106.7921702,-6.5963632],[106.7922716,-6.5963859],[106.7926262,-6.5964651],[106.7929399,-6.5965351],[106.7932168,-6.5965969],[106.7933596,-6.5966228],[106.7935182,-6.5966355],[106.793553,-6.5966383],[106.7937079,-6.5966206],[106.7937661,-6.5965925],[106.7938382,-6.5965347],[106.7939299,-6.596421],[106.7939963,-6.596238],[106.7941479,-6.5958377],[106.7942061,-6.5956753],[106.7942081,-6.5956683],[106.7942749,-6.5954737],[106.7943815,-6.5951603],[106.7944828,-6.5949182],[106.7946279,-6.5946378],[106.7946766,-6.5945578],[106.7947698,-6.5944846],[106.7948382,-6.5944406],[106.7949695,-6.5943593],[106.7951258,-6.594264],[106.7959506,-6.5938937],[106.796139,-6.5938038],[106.7962517,-6.5937345],[106.7963442,-6.5936712],[106.7964461,-6.5936013],[106.7965883,-6.593494],[106.7969298,-6.5931758],[106.7970525,-6.5931188],[106.7971408,-6.5930744],[106.7971945,-6.5930687],[106.7972495,-6.5930664],[106.797344,-6.5930894],[106.797378,-6.5931031],[106.7974751,-6.593158],[106.797621,-6.5932635],[106.7978228,-6.5933788],[106.7979643,-6.5934381],[106.7981292,-6.5934707],[106.7983552,-6.5934767],[106.7985195,-6.5934594],[106.798614,-6.5934387],[106.7987488,-6.5933934],[106.7989453,-6.5932949],[106.7991123,-6.5931676],[106.7995032,-6.5928412],[106.7996393,-6.5927446],[106.7997506,-6.5926787],[106.7998747,-6.5926194],[106.8000007,-6.5925701],[106.8003434,-6.5924256],[106.8004725,-6.5923656],[106.8005794,-6.5923323],[106.8007437,-6.5922963],[106.8009402,-6.592289],[106.8011232,-6.5923177],[106.8012976,-6.592381],[106.8015041,-6.5924716],[106.8017494,-6.5926043],[106.8018877,-6.5926943],[106.8019803,-6.592744],[106.8020952,-6.5928287],[106.8022545,-6.5929451],[106.8023803,-6.5930415],[106.8025052,-6.5931443],[106.8029462,-6.5935856],[106.8031477,-6.5938171],[106.8035373,-6.5943392],[106.8039496,-6.5950614],[106.8041763,-6.5955044],[106.8041977,-6.5955563],[106.804272,-6.5957365],[106.8042801,-6.5957506],[106.8042971,-6.5957811],[106.8043047,-6.5958019],[106.8043493,-6.5960206],[106.8044089,-6.5964153],[106.804425,-6.5965207],[106.8044672,-6.5968086],[106.8045131,-6.5970865],[106.804523,-6.5971513],[106.8045582,-6.5973771],[106.8046123,-6.5977544],[106.8046144,-6.5977676],[106.8046318,-6.5978819],[106.8046509,-6.5979926],[106.8046694,-6.5981135],[106.8046774,-6.5981662],[106.8046914,-6.5982567],[106.8047478,-6.5985541],[106.8047921,-6.5988767],[106.8048383,-6.5991963],[106.804902,-6.599637],[106.8049577,-6.6000347],[106.8050341,-6.6004651],[106.8050629,-6.6006102],[106.805066,-6.6006283],[106.8051535,-6.6009726],[106.8051623,-6.600999],[106.8051708,-6.6010246],[106.8052246,-6.6011681],[106.8052879,-6.6012872],[106.8052986,-6.6013211],[106.8053221,-6.6013954],[106.8053462,-6.6014686],[106.8054428,-6.6017309],[106.8054616,-6.6017824],[106.8056669,-6.6023133],[106.8059878,-6.6030517],[106.8061447,-6.6033879],[106.8062827,-6.6036294],[106.8064971,-6.6039127],[106.8067296,-6.6041728],[106.8068413,-6.6042764],[106.8069039,-6.6043203],[106.8069967,-6.6043286],[106.8070623,-6.6043085],[106.8071812,-6.6042701],[106.8072791,-6.6042306],[106.8074797,-6.6040856],[106.8077301,-6.6039167],[106.8079189,-6.6037935],[106.808021,-6.6037229],[106.80808,-6.6036821],[106.808156,-6.6036295],[106.8086514,-6.6032873],[106.8087666,-6.6032076],[106.8089233,-6.6030964],[106.8092501,-6.6028645],[106.8092862,-6.6028391],[106.8097005,-6.6025468],[106.8098456,-6.6024441],[106.8100088,-6.6023374],[106.8103718,-6.602063],[106.810431,-6.6020453],[106.8107777,-6.6018054],[106.8109421,-6.6017055],[106.8110248,-6.6016469],[106.8110483,-6.6016461],[106.8110694,-6.6016574],[106.8110978,-6.6016809],[106.8111147,-6.6017172],[106.8111147,-6.6017551],[106.8110929,-6.6017887],[106.8108414,-6.6019598],[106.8107806,-6.6020075],[106.810667,-6.6021153],[106.8100922,-6.6025026],[106.8099612,-6.6025954],[106.8082967,-6.603775],[106.8076983,-6.6041436],[106.8073699,-6.6044101],[106.8072747,-6.6045122],[106.8072448,-6.6046226],[106.807261,-6.6047043],[106.8072836,-6.6047734],[106.80738,-6.6049346],[106.8074553,-6.6050182],[106.8078205,-6.6054286],[106.8078838,-6.6055024],[106.8081875,-6.6058413],[106.8082072,-6.6058635],[106.80825,-6.6059112],[106.8082927,-6.6059593],[106.8083143,-6.6059841],[106.8084192,-6.6061041],[106.8085581,-6.6062642],[106.8086024,-6.6063121],[106.8086899,-6.6064138],[106.8087416,-6.6064721],[106.8088145,-6.6065536],[106.8088745,-6.6066217],[106.8090318,-6.6067999],[106.8090924,-6.6068629],[106.8091231,-6.6068951],[106.8092373,-6.6070143],[106.8093579,-6.6071453],[106.8098134,-6.6076731],[106.8098755,-6.6077594],[106.8100974,-6.608092],[106.8101708,-6.6082041],[106.8103364,-6.6084684],[106.8105431,-6.6087501],[106.8106085,-6.6088392],[106.8108744,-6.6091975],[106.8109305,-6.6092762],[106.8110732,-6.6094648],[106.8114386,-6.6099474],[106.8116569,-6.6102359],[106.8117575,-6.6103758],[106.8119466,-6.6106544],[106.8119684,-6.6106862],[106.8120217,-6.6107648],[106.8121183,-6.6109007],[106.8121645,-6.6109667],[106.8122806,-6.6111378],[106.8124388,-6.6114083],[106.8124948,-6.6115009],[106.8127077,-6.6118515],[106.8127154,-6.6118643],[106.8128096,-6.6120217],[106.8128531,-6.6120998],[106.812876,-6.612141],[106.8130921,-6.6124963],[106.8131953,-6.6126619],[106.813215,-6.6126937],[106.8133477,-6.6129683],[106.8135734,-6.6134649],[106.8136633,-6.6136377],[106.8137886,-6.6138851],[106.8138882,-6.6140853],[106.8139589,-6.6142571],[106.8140159,-6.614391],[106.8141075,-6.6146189],[106.8141786,-6.6147928],[106.8144236,-6.6153402],[106.8144813,-6.615506],[106.8146563,-6.6161095],[106.8148105,-6.616637],[106.815004,-6.6171759],[106.8151881,-6.6175876],[106.8153758,-6.6180252],[106.8154966,-6.6183236],[106.8156158,-6.6186207],[106.815756,-6.6189817],[106.8158247,-6.619167],[106.815984,-6.6195835],[106.8161201,-6.6199176],[106.8162194,-6.6201706],[106.8162412,-6.6202258],[106.8163106,-6.6203998],[106.8163328,-6.620457],[106.8164037,-6.6206342],[106.8164403,-6.6207398],[106.8164849,-6.6209579],[106.8164864,-6.6210545],[106.8164919,-6.62108],[106.8165096,-6.6211457],[106.8165835,-6.621231],[106.8166499,-6.6213356],[106.8167099,-6.6214668],[106.8167245,-6.6215054],[106.8167303,-6.6215194],[106.816788,-6.621628],[106.8168738,-6.6217619],[106.8170026,-6.6218831],[106.8176123,-6.6223444],[106.8176292,-6.6223594],[106.8179239,-6.6226012],[106.8181083,-6.6227517],[106.8182719,-6.6228809],[106.8183558,-6.6230094],[106.8184349,-6.6230541],[106.818516,-6.623122],[106.8194769,-6.62394],[106.8195178,-6.6239766],[106.8199859,-6.6243956],[106.8204781,-6.6248738],[106.8208905,-6.6253147],[106.8213974,-6.6258516],[106.8216824,-6.6261713],[106.8218733,-6.6263786],[106.8221,-6.6266248],[106.8222562,-6.6268096],[106.822303,-6.6268764],[106.8226828,-6.6273797],[106.8232056,-6.6281406],[106.8232708,-6.628229],[106.823321,-6.628297],[106.8234299,-6.6284332],[106.8236055,-6.6286884],[106.8237497,-6.6289142],[106.8238213,-6.6290501],[106.8239495,-6.6292912],[106.8240368,-6.6294842],[106.8240957,-6.6296229],[106.8241225,-6.6296935],[106.824217,-6.6299538],[106.8242318,-6.6299946],[106.8243103,-6.6301664],[106.8244088,-6.6304015],[106.8244819,-6.6306113],[106.8244967,-6.630654],[106.8245511,-6.6308114],[106.8247697,-6.6313495],[106.8248112,-6.6314517],[106.8248531,-6.6315429],[106.8248777,-6.6315948],[106.8250107,-6.6318675],[106.8250745,-6.6320196],[106.8252456,-6.6324273],[106.8252685,-6.6324818],[106.8254817,-6.632957],[106.8256689,-6.6333674],[106.8257225,-6.6334586],[106.8257627,-6.6335147],[106.825803,-6.6335742],[106.8258716,-6.6336808],[106.8258854,-6.6337023],[106.8259347,-6.6337547],[106.8260658,-6.633894],[106.8265647,-6.6343973],[106.8266083,-6.6344445],[106.82667,-6.6345044],[106.8268758,-6.6347043],[106.8274471,-6.6352085],[106.8276489,-6.6354189],[106.8282625,-6.6358576],[106.8283524,-6.6359225],[106.8284116,-6.6359568],[106.8284735,-6.6359926],[106.8290108,-6.6363035],[106.8293814,-6.6365354],[106.8296878,-6.6367272],[106.8300686,-6.636987],[106.8301311,-6.637028],[106.830276,-6.6371214],[106.8303336,-6.6371626],[106.8311343,-6.6377076],[106.8317724,-6.6381392],[106.8320141,-6.6382976],[106.832377,-6.6385281],[106.8329886,-6.6389251],[106.8335089,-6.6392581],[106.8338817,-6.6394853],[106.8339465,-6.6395332],[106.8348862,-6.6402286],[106.8351612,-6.6404357],[106.8354481,-6.6406662],[106.8357244,-6.6409033],[106.8359031,-6.6410613],[106.8360548,-6.6411954],[106.8362126,-6.6413349],[106.8364306,-6.6415291],[106.8366632,-6.6417276],[106.8367208,-6.6417778],[106.8371359,-6.6421335],[106.8377441,-6.6426641],[106.8381766,-6.6430427],[106.8384052,-6.6432465],[106.8386453,-6.6434583],[106.8388773,-6.6436647],[106.8389665,-6.6437453],[106.8389939,-6.6437693],[106.839285,-6.6440217],[106.8395371,-6.6442469],[106.8397037,-6.644398],[106.8397786,-6.644466],[106.840077,-6.6447224],[106.8402499,-6.6448815],[106.8405819,-6.645176],[106.8406785,-6.6452632],[106.840818,-6.6453832],[106.8409534,-6.6455057],[106.8410982,-6.6456336],[106.8413724,-6.6458927],[106.8416534,-6.6461491],[106.8419317,-6.6464148],[106.842157,-6.64663],[106.8422024,-6.6466763],[106.8423267,-6.6468031],[106.842391,-6.6468831],[106.8424427,-6.6469543],[106.842497,-6.647031],[106.8425627,-6.6471295],[106.8426713,-6.6473213],[106.842843,-6.6476664],[106.8430173,-6.6480207],[106.8430824,-6.6481559],[106.8431997,-6.6483804],[106.8432561,-6.6484869],[106.8433151,-6.6485988],[106.843374,-6.6486901],[106.8434452,-6.6487946],[106.843472,-6.6488306],[106.8435461,-6.6489326],[106.8436262,-6.6490344],[106.8437053,-6.6491169],[106.8437764,-6.6491982],[106.843867,-6.6493036],[106.8440304,-6.6494956],[106.8441316,-6.6496042],[106.8442263,-6.6497108],[106.8443207,-6.6498192],[106.8444199,-6.6499429],[106.8444562,-6.6499941],[106.8445026,-6.6500482],[106.8445509,-6.6501091],[106.844627,-6.6502214],[106.8447308,-6.6504047],[106.8447901,-6.6504953],[106.8448502,-6.6506024],[106.8448639,-6.6506242],[106.8448793,-6.6506564],[106.8449133,-6.6507208],[106.8449714,-6.6508599],[106.8450374,-6.6510085],[106.8450894,-6.6511554],[106.8451445,-6.6512906],[106.8452334,-6.6515424],[106.8452519,-6.6515969],[106.8453254,-6.6518091],[106.8453952,-6.6520086],[106.8455199,-6.6523214],[106.84554,-6.6523853],[106.8455571,-6.6524465],[106.8456868,-6.6528222],[106.8457193,-6.6529087],[106.8457862,-6.6531002],[106.8458457,-6.6532624],[106.8458846,-6.653359],[106.8459344,-6.6534756],[106.8459867,-6.6535928],[106.8460807,-6.6537909],[106.8461023,-6.6538402],[106.846303,-6.6542715],[106.8463442,-6.654341],[106.8463921,-6.6544189],[106.8464526,-6.6545552],[106.8464771,-6.6546025],[106.8465426,-6.654723],[106.8465568,-6.6547854],[106.8465653,-6.6548133],[106.8468207,-6.6552899],[106.8469138,-6.6554653],[106.8470062,-6.6556142],[106.8470892,-6.655733],[106.8471717,-6.6558382]],[[106.7824224,-6.5946109],[106.7818809,-6.595233],[106.7817722,-6.5953482],[106.7817016,-6.5954293],[106.7813343,-6.5958125],[106.7813264,-6.5958193],[106.7809433,-6.5961612],[106.7807251,-6.5962946],[106.7805241,-6.596357],[106.7801387,-6.5962995],[106.7798144,-6.5962117],[106.7796205,-6.596202],[106.7794501,-6.5960716],[106.7793417,-6.5959886],[106.7789737,-6.5955789],[106.7788886,-6.5954813],[106.7785051,-6.5950209],[106.778275,-6.5947644],[106.7781045,-6.5945665],[106.7780766,-6.5945347],[106.7777264,-6.5941362],[106.7774836,-6.5938613],[106.7771824,-6.5935203],[106.7771389,-6.5934691],[106.7769586,-6.5932668],[106.7769282,-6.5932328],[106.7768624,-6.593159],[106.7766676,-6.5929256],[106.776623,-6.5928722],[106.7766054,-6.5928516],[106.7764539,-6.5926747],[106.7764066,-6.5926238],[106.7760538,-6.5922325],[106.7759514,-6.5921198],[106.7757683,-6.5919182],[106.7757469,-6.5918947],[106.7755957,-6.5917221],[106.7755151,-6.5916292],[106.7753572,-6.5914537],[106.7753142,-6.5914063],[106.7751186,-6.5911906],[106.7750276,-6.5910974],[106.7746364,-6.5906966],[106.7746334,-6.5906936],[106.7745694,-6.5906289],[106.7745179,-6.5905765],[106.7745142,-6.5905727],[106.7740537,-6.5900379],[106.7739853,-6.5899598],[106.7735381,-6.5894487],[106.7731226,-6.5889894],[106.7731071,-6.5889724],[106.7730265,-6.588884],[106.7729681,-6.58882],[106.772753,-6.5885842],[106.7727289,-6.5885604],[106.7723465,-6.5881198],[106.7721661,-6.5879246],[106.772093,-6.5878187],[106.7720488,-6.5877321],[106.7720222,-6.5876578],[106.7720058,-6.5875789],[106.7719966,-6.587499],[106.7719891,-6.5873891],[106.7719878,-6.5873657],[106.7719803,-6.5872288],[106.7719758,-6.5871468],[106.7719755,-6.5871404],[106.771975,-6.5871319],[106.7719771,-6.5870086],[106.7719781,-6.5869087],[106.7719803,-6.5868335],[106.7719746,-6.5867168],[106.7719656,-6.5865943],[106.7719549,-6.5864851],[106.7719348,-6.5863339],[106.7718966,-6.5862233],[106.7718058,-6.5859745],[106.7717674,-6.5859026],[106.7716748,-6.5857583],[106.7715349,-6.5855694],[106.7715258,-6.5855564],[106.7714185,-6.5854033],[106.7710718,-6.5849167],[106.7706949,-6.5844574],[106.7706135,-6.5843692],[106.7705206,-6.5842705],[106.7703164,-6.5840473],[106.7701563,-6.583868],[106.7700833,-6.5837858],[106.770013,-6.5837067],[106.7699352,-6.5836127],[106.7698668,-6.5835341],[106.7697924,-6.5834502],[106.7697496,-6.5834009],[106.7697461,-6.5833969],[106.7697045,-6.5833456],[106.7696381,-6.5832697],[106.7693639,-6.5829899],[106.7692814,-6.5829061],[106.7691512,-6.582774],[106.7690545,-6.5826627],[106.7688569,-6.5824354],[106.7686417,-6.5821879],[106.7684801,-6.5819514],[106.7683192,-6.5817143],[106.7682053,-6.5815178],[106.7681669,-6.5814605],[106.768122,-6.5813912],[106.7678297,-6.5808816],[106.7676191,-6.5805632],[106.7675004,-6.5804333],[106.7674072,-6.580364],[106.7672798,-6.5802941],[106.7672153,-6.5802767],[106.767145,-6.5802674],[106.767088,-6.5802634],[106.7670022,-6.5802648],[106.7668557,-6.5802599],[106.7667527,-6.5802675],[106.7666033,-6.5802827],[106.7662242,-6.5803201],[106.7656946,-6.580394],[106.7654975,-6.580422],[106.7653835,-6.5804353],[106.7651448,-6.5804539],[106.7647478,-6.5804726],[106.7644636,-6.5804875],[106.7643522,-6.5804899],[106.7639036,-6.5804912],[106.7638754,-6.5804873],[106.7637165,-6.5804766],[106.7635368,-6.580434],[106.763278,-6.5803413],[106.7632454,-6.5801815],[106.7632417,-6.5801282],[106.7632303,-6.5800616],[106.7631218,-6.5796451],[106.7631177,-6.5796319],[106.7630842,-6.5794801],[106.7630419,-6.5793438],[106.7630285,-6.5793049],[106.7630064,-6.5792499],[106.7629886,-6.5792039],[106.7629712,-6.5791663],[106.7629588,-6.5791367],[106.7629497,-6.579107],[106.762943,-6.579085],[106.762937,-6.5790128],[106.7629346,-6.5789541],[106.7629346,-6.5789012],[106.7629313,-6.5788372],[106.7629293,-6.5787743],[106.7629148,-6.578716],[106.7628971,-6.5786737],[106.762885,-6.5786447],[106.7628692,-6.5786067],[106.7628428,-6.5785268],[106.7628143,-6.5784449],[106.7627669,-6.5783303],[106.7627294,-6.578237],[106.7626805,-6.5781231],[106.7626496,-6.5780545],[106.7626215,-6.5779932],[106.7626007,-6.5779473],[106.7625598,-6.5778407],[106.7625283,-6.5777528],[106.7623982,-6.5773211],[106.7623626,-6.5772019],[106.7623288,-6.5771529],[106.7622574,-6.5768801],[106.7621863,-6.5766749],[106.7621293,-6.5765024],[106.762083,-6.5763339],[106.7620482,-6.5762087],[106.7620159,-6.5761034],[106.7619979,-6.5760581],[106.761959,-6.5759449],[106.761904,-6.575795],[106.7617705,-6.5754112],[106.7617424,-6.5753147],[106.7616908,-6.5751561],[106.7616558,-6.5750663],[106.761621,-6.5749436],[106.7615982,-6.574891],[106.7615613,-6.5748351],[106.7615084,-6.5747751],[106.7614306,-6.5746952],[106.7613696,-6.5746426],[106.7613105,-6.5745899],[106.7612066,-6.5745027],[106.7611215,-6.5744387],[106.761037,-6.5743774],[106.7608874,-6.5742728],[106.7607392,-6.5741629],[106.7606091,-6.5740803],[106.7605005,-6.5740031],[106.7604301,-6.5739538],[106.7603463,-6.5739085],[106.7602856,-6.5738697],[106.760243,-6.5738425],[106.760121,-6.5737379],[106.7599996,-6.573628],[106.7599238,-6.5735587],[106.7598635,-6.5735154],[106.759817,-6.5734876],[106.7598045,-6.5734801],[106.7597127,-6.5734258],[106.7596999,-6.5734182],[106.759606,-6.5733689],[106.7595128,-6.5733189],[106.7594464,-6.573273],[106.7593874,-6.573221],[106.7593512,-6.5731724],[106.7592922,-6.5730784],[106.7592211,-6.5729645],[106.7591836,-6.5729039],[106.7591333,-6.5728213],[106.7591004,-6.572758],[106.7590501,-6.5726614],[106.7590139,-6.5725922],[106.7589489,-6.5724529],[106.7588919,-6.5723444],[106.7588382,-6.5722464],[106.7587946,-6.5721592],[106.7587329,-6.5720446],[106.7586599,-6.5719114],[106.7585593,-6.5717395],[106.7584607,-6.5715603],[106.758391,-6.5714231],[106.7583346,-6.5713165],[106.7582495,-6.5711473],[106.7581905,-6.5710194],[106.7581308,-6.5709088],[106.7580657,-6.5708069],[106.7580195,-6.570727],[106.7579927,-6.5706777],[106.7579745,-6.570633],[106.7579504,-6.5705691],[106.7579095,-6.5704545],[106.7578726,-6.5703439],[106.7578391,-6.5702553],[106.7577922,-6.5701447],[106.7577687,-6.5700881],[106.7577117,-6.5699516],[106.7576601,-6.5698223],[106.7576024,-6.5696818],[106.7575429,-6.569505],[106.7575116,-6.5694123],[106.7573035,-6.5695849],[106.7570909,-6.5697517],[106.7568812,-6.5699161],[106.7564288,-6.570278],[106.7563685,-6.5703262],[106.7562727,-6.5704028],[106.7556272,-6.5708889],[106.7553526,-6.5710674],[106.7552582,-6.5710224],[106.7552411,-6.5709881],[106.7549292,-6.5703005],[106.7548028,-6.5701456],[106.7545282,-6.569809],[106.754758,-6.5695473],[106.7548302,-6.5696378],[106.7548984,-6.570003],[106.754915,-6.5700461],[106.7550037,-6.5701789],[106.7550373,-6.5702358],[106.7553104,-6.5708825],[106.7553247,-6.5709159],[106.7553286,-6.5709251],[106.7553469,-6.5709681],[106.7555802,-6.5708165],[106.7561294,-6.5703853],[106.7561983,-6.5703286],[106.7570438,-6.5696451],[106.7571425,-6.5695637],[106.7571944,-6.5695198],[106.7572626,-6.5694664],[106.7574779,-6.5692979],[106.7575116,-6.5694123]],[[106.8465426,-6.654723],[106.8466005,-6.6547647],[106.8466213,-6.6547916],[106.8468569,-6.6552305],[106.8469072,-6.6552688],[106.8469565,-6.65529],[106.8470097,-6.6553002],[106.8470615,-6.6553024],[106.8471049,-6.6552972],[106.8471413,-6.6552855],[106.8471741,-6.6552688],[106.8472025,-6.6552478],[106.8472307,-6.655214],[106.8472668,-6.6551505],[106.8474306,-6.6545682],[106.8475324,-6.6542039],[106.8477079,-6.6535967],[106.8477145,-6.6535811],[106.8477227,-6.6535689],[106.8477342,-6.6535586],[106.8477479,-6.6535515],[106.847762,-6.6535481],[106.8477754,-6.653548],[106.8477884,-6.6535508],[106.8478003,-6.6535561],[106.8478116,-6.6535646],[106.8478211,-6.6535761],[106.8478279,-6.6535909],[106.8478306,-6.65361],[106.8478296,-6.6536289],[106.8476316,-6.6543099],[106.8473059,-6.6554926],[106.8472554,-6.655644],[106.8472121,-6.6557538]]]}},
{"type":"Feature","properties":{"FID":null,"Keterangan":null,"Nama":null,"id":"relation/20252449","@id":"relation/20252449","colour":"#04ff00","colour:back":null,"from":"Perumahan Yasmin","name":"Perumahan Yasmin–Cipinang Gading","network":"Angkutan Kota Bogor","old_ref":null,"operator":null,"ref":"01","roundtrip":null,"route":"bus","to":"Cipinang Gading","type":"route","via":null,"layer":"angkot-kota-bogor","path":"C:/Users/Dzaka/Desktop/kuliah_smster_5/sig/tugas Akhir/frontend/public/rute/angkot-kota-bogor.geojson|geometrytype=MultiLineString"},"geometry":{"type":"MultiLineString","coordinates":[[[106.7674866,-6.5703835],[106.7673326,-6.5704722],[106.767393,-6.5705406],[106.7676865,-6.5709102],[106.7677327,-6.5709684],[106.7680114,-6.5713371],[106.7686327,-6.5721551],[106.7688098,-6.5723669],[106.7688981,-6.5724755],[106.7689207,-6.5725034],[106.7691517,-6.5727878],[106.7694795,-6.573207],[106.7696857,-6.5734708],[106.7699361,-6.5738025],[106.7701728,-6.5740932],[106.7703763,-6.5743522],[106.7704585,-6.5744568],[106.7705745,-6.5746023],[106.7708776,-6.5750024],[106.7710285,-6.575196],[106.7710636,-6.5752409],[106.7713233,-6.5755742],[106.7714105,-6.5756876],[106.771544,-6.5758737],[106.7717064,-6.576064],[106.7719665,-6.5764016],[106.7721115,-6.5765443],[106.7721603,-6.576601],[106.772282,-6.5767536],[106.7723968,-6.5769012],[106.7725558,-6.5771218],[106.7725964,-6.5771791],[106.7726277,-6.5772146],[106.772679,-6.5772768],[106.7727244,-6.5773275],[106.7729002,-6.5775238],[106.7729344,-6.5775268],[106.7729533,-6.5775299],[106.7729812,-6.5775353],[106.7729993,-6.5775446],[106.7733979,-6.57786],[106.7738163,-6.5781906],[106.7742544,-6.5785269],[106.7751489,-6.5792823],[106.7757443,-6.5797509],[106.7758256,-6.5798851],[106.7759706,-6.5800487],[106.7761196,-6.5801838],[106.7763168,-6.5803554],[106.7766511,-6.5807134],[106.7767389,-6.5807923],[106.7768355,-6.5808699],[106.7769616,-6.5809692],[106.777339,-6.5812622],[106.7773709,-6.5812851],[106.7774064,-6.5813087],[106.7779441,-6.5815747],[106.7780264,-6.581618],[106.7783674,-6.5818082],[106.7784412,-6.5818541],[106.7785042,-6.5818888],[106.7785498,-6.5819208],[106.7785974,-6.5819567],[106.7786443,-6.5819987],[106.7787255,-6.5820667],[106.7789622,-6.5823095],[106.7790712,-6.5824196],[106.7790975,-6.5824495],[106.7795474,-6.5829281],[106.7797787,-6.5831741],[106.7799451,-6.5833567],[106.7800198,-6.5834455],[106.7801759,-6.5836274],[106.7804191,-6.5839013],[106.7812746,-6.5848854],[106.7814195,-6.5850196],[106.7814588,-6.5850601],[106.7817131,-6.5853223],[106.7820073,-6.5855662],[106.7820646,-6.5856203],[106.7827587,-6.5862094],[106.7829181,-6.5863521],[106.7830283,-6.5864352],[106.7831345,-6.5865224],[106.783199,-6.5865818],[106.783854,-6.5870913],[106.7845325,-6.587582],[106.7846254,-6.5876614],[106.7846739,-6.5877088],[106.7847226,-6.5877533],[106.7847725,-6.5878061],[106.7848396,-6.5879068],[106.7848735,-6.5879619],[106.7849033,-6.5880104],[106.7849493,-6.5880902],[106.7849744,-6.5881344],[106.7850414,-6.5883003],[106.7850948,-6.5885132],[106.7851071,-6.58857],[106.7851259,-6.5888458],[106.7851943,-6.5890537],[106.7853304,-6.5892908],[106.7856838,-6.5897832],[106.7859479,-6.5901565],[106.7860376,-6.5902017],[106.7860647,-6.5902107],[106.7860982,-6.5902147],[106.7861323,-6.5902173],[106.7861693,-6.5902087],[106.7862898,-6.5901747],[106.7863295,-6.5901454],[106.7865375,-6.5900211],[106.7868671,-6.5897364],[106.786974,-6.5896453],[106.7870665,-6.5895919],[106.7872066,-6.5895113],[106.7873193,-6.5894713],[106.7874373,-6.5894467],[106.7875266,-6.5894366],[106.7876001,-6.5894355],[106.7876718,-6.5894593],[106.7877331,-6.5895031],[106.7877787,-6.5895629],[106.7877772,-6.5896172],[106.7877718,-6.5897776],[106.7877737,-6.5900282],[106.7877759,-6.5903153],[106.7887764,-6.5903462],[106.7894409,-6.5903959],[106.7895911,-6.5904157],[106.7897949,-6.5904512],[106.7899381,-6.5904775],[106.7900164,-6.5904931],[106.790199,-6.5905296],[106.7903904,-6.5905678],[106.7905379,-6.5905924],[106.7906243,-6.5906069],[106.7906166,-6.5906435],[106.7905292,-6.5910589],[106.790444,-6.5914637],[106.7904423,-6.5914718],[106.7904251,-6.5915534],[106.7903981,-6.5916815],[106.7903876,-6.5917315],[106.7903793,-6.5917654],[106.7902407,-6.5923326],[106.7902106,-6.5924555],[106.7900281,-6.5933698],[106.7899868,-6.5935945],[106.789927,-6.5939204],[106.7899222,-6.5939431],[106.7898165,-6.5944455],[106.7896011,-6.5954824],[106.78958,-6.5955823],[106.7896269,-6.5957108],[106.7897767,-6.5958335],[106.7898403,-6.5958486],[106.7899681,-6.5958788],[106.7900398,-6.5958957],[106.7900558,-6.5958995],[106.7905077,-6.5960063],[106.790561,-6.5960184],[106.7906135,-6.59603],[106.791057,-6.5961231],[106.7911277,-6.5961377],[106.7915712,-6.5962295],[106.7918843,-6.5962994],[106.7921702,-6.5963632],[106.7922716,-6.5963859],[106.7926262,-6.5964651],[106.7929399,-6.5965351],[106.7932168,-6.5965969],[106.7933596,-6.5966228],[106.7935182,-6.5966355],[106.793553,-6.5966383],[106.7937079,-6.5966206],[106.7937661,-6.5965925],[106.7938382,-6.5965347],[106.7939299,-6.596421],[106.7939963,-6.596238],[106.7941479,-6.5958377],[106.7942061,-6.5956753],[106.7942081,-6.5956683],[106.7942749,-6.5954737],[106.7943815,-6.5951603],[106.7944828,-6.5949182],[106.7946279,-6.5946378],[106.7946766,-6.5945578],[106.7947698,-6.5944846],[106.7948382,-6.5944406],[106.7949695,-6.5943593],[106.7951258,-6.594264],[106.7959506,-6.5938937],[106.796139,-6.5938038],[106.7962517,-6.5937345],[106.7963442,-6.5936712],[106.7964461,-6.5936013],[106.7965883,-6.593494],[106.7969298,-6.5931758],[106.7970525,-6.5931188],[106.7971408,-6.5930744],[106.7971945,-6.5930687],[106.7972495,-6.5930664],[106.797344,-6.5930894],[106.797378,-6.5931031],[106.7974751,-6.593158],[106.797621,-6.5932635],[106.7978228,-6.5933788],[106.7979643,-6.5934381],[106.7981292,-6.5934707],[106.7983552,-6.5934767],[106.7985195,-6.5934594],[106.798614,-6.5934387],[106.7987488,-6.5933934],[106.7989453,-6.5932949],[106.7991123,-6.5931676],[106.7995032,-6.5928412],[106.7996393,-6.5927446],[106.7997506,-6.5926787],[106.7998747,-6.5926194],[106.8000007,-6.5925701],[106.8003434,-6.5924256],[106.8004725,-6.5923656],[106.8005794,-6.5923323],[106.8007437,-6.5922963],[106.8009402,-6.592289],[106.8011232,-6.5923177],[106.8012976,-6.592381],[106.8015041,-6.5924716],[106.8017494,-6.5926043],[106.8018877,-6.5926943],[106.8019803,-6.592744],[106.8020952,-6.5928287],[106.8022545,-6.5929451],[106.8023803,-6.5930415],[106.8025052,-6.5931443],[106.8029462,-6.5935856],[106.8031477,-6.5938171],[106.8035373,-6.5943392],[106.8039496,-6.5950614],[106.8041763,-6.5955044],[106.8041977,-6.5955563],[106.804272,-6.5957365],[106.8042801,-6.5957506],[106.8042584,-6.5958053],[106.8042562,-6.5958288],[106.8042609,-6.5958582],[106.8046282,-6.5981795],[106.8049176,-6.6000413],[106.8049847,-6.600473],[106.8050004,-6.6005738],[106.8050265,-6.6006694],[106.8050449,-6.6007682],[106.8050701,-6.6010104],[106.8050638,-6.6010814],[106.805004,-6.6011922],[106.804838,-6.6013565],[106.8047248,-6.6014463],[106.8045697,-6.6015247],[106.8044269,-6.6015785],[106.8042416,-6.6016395]],[[106.804265,-6.6016335],[106.8042416,-6.6016395],[106.8038645,-6.6017645],[106.8036801,-6.6018152],[106.803448,-6.601884],[106.8030652,-6.6020022],[106.8025045,-6.6021768],[106.8024432,-6.6021967],[106.8020246,-6.6023329],[106.8020075,-6.6023356],[106.8018961,-6.6023528],[106.8004413,-6.6025778],[106.7998455,-6.6026365],[106.79975,-6.6026604],[106.7996319,-6.6027064],[106.799076,-6.6029769],[106.7989499,-6.603082],[106.7989313,-6.6030926],[106.7988763,-6.603124],[106.7988569,-6.6031835],[106.7988701,-6.6032306],[106.7991844,-6.603819],[106.7992793,-6.6040118],[106.7994081,-6.604253],[106.7994695,-6.6043778],[106.799638,-6.6046741],[106.7998335,-6.6049526],[106.8001946,-6.6053682],[106.8002965,-6.6054813],[106.8004615,-6.6056632],[106.8006371,-6.6058637],[106.8008139,-6.6060761],[106.800979,-6.6062782],[106.8012925,-6.6066803],[106.8014293,-6.6068671],[106.8015369,-6.6070043],[106.8017092,-6.6072346],[106.8017683,-6.6073091],[106.8018843,-6.6074583],[106.8020117,-6.6076128],[106.8021814,-6.607776],[106.8025294,-6.6081364],[106.802797,-6.6084085],[106.8028629,-6.6084841],[106.8030297,-6.608658],[106.8031663,-6.6087758],[106.8032091,-6.6088116],[106.8032985,-6.6088992],[106.8038553,-6.6094075],[106.8044784,-6.6099416],[106.8048094,-6.6102155],[106.8054641,-6.610813],[106.8056255,-6.6109594],[106.8057822,-6.6110995],[106.805867,-6.6111728],[106.805941,-6.6112453],[106.8060485,-6.6113522],[106.8062055,-6.6114692],[106.8065255,-6.6117868],[106.8065775,-6.6118472],[106.806685,-6.6119555],[106.8067847,-6.6120624],[106.8068758,-6.6121745],[106.807004,-6.6123201],[106.8071398,-6.6124744],[106.8072917,-6.6126638],[106.8074066,-6.6127943],[106.8075371,-6.6129722],[106.8076229,-6.6130775],[106.807699,-6.6131722],[106.8077114,-6.613192],[106.8078191,-6.6133295],[106.8078925,-6.6134265],[106.8079472,-6.6135023],[106.8079972,-6.6135639],[106.8080668,-6.6136596],[106.8080817,-6.6136824],[106.8081413,-6.6137734],[106.8081962,-6.6138648],[106.8082576,-6.6139559],[106.8083022,-6.6140293],[106.8083517,-6.6140995],[106.8083949,-6.6141718],[106.8084624,-6.6142838],[106.8085027,-6.614347],[106.8085424,-6.614413],[106.8086033,-6.6145022],[106.8086302,-6.6145516],[106.8087216,-6.6146947],[106.8087768,-6.6147741],[106.8088447,-6.6148719],[106.8088936,-6.6149472],[106.8089472,-6.6150265],[106.8089786,-6.6150767],[106.8091107,-6.6152432],[106.8092135,-6.6153582],[106.8093637,-6.615518],[106.8095607,-6.6157239],[106.8099739,-6.6160866],[106.8101872,-6.6162233],[106.8102917,-6.6162987],[106.8106451,-6.6166071],[106.8109784,-6.6169201],[106.8111562,-6.6170861],[106.8116114,-6.617511],[106.8119538,-6.6178304],[106.8119628,-6.6178391],[106.812125,-6.6179879],[106.8121746,-6.6180312],[106.8124745,-6.6183127],[106.8126307,-6.6184492],[106.8130964,-6.6188759],[106.813336,-6.6190809],[106.8142714,-6.6197963],[106.8143861,-6.6199022],[106.8143831,-6.6199715],[106.8143764,-6.6200228],[106.814366,-6.6200674],[106.8143452,-6.6201233],[106.8142128,-6.6202275],[106.8141568,-6.6202698],[106.8140951,-6.6202998],[106.8139963,-6.6203372],[106.8136512,-6.6204117],[106.8132808,-6.620493],[106.8129055,-6.6206096],[106.8126192,-6.6207022],[106.8125569,-6.6207255],[106.8124978,-6.6207599],[106.8124644,-6.6207862],[106.8124254,-6.620842],[106.8123771,-6.6209166],[106.8123376,-6.6209779],[106.8123007,-6.6210685],[106.8122705,-6.6211464],[106.812239,-6.6212683],[106.8122014,-6.6214815],[106.8121461,-6.6217793],[106.8121413,-6.6218672],[106.8121391,-6.6219412],[106.8121625,-6.6221791],[106.8121656,-6.6222482],[106.8121809,-6.6223357],[106.8122052,-6.6224539],[106.8122434,-6.6225713],[106.8124176,-6.6228852],[106.8124533,-6.6229563],[106.8125082,-6.6230659],[106.8125268,-6.6231366],[106.8125335,-6.62322],[106.812529,-6.623289],[106.8125161,-6.6233404],[106.8124971,-6.6233705],[106.812475,-6.6233967],[106.8124394,-6.623428],[106.8124033,-6.6234424],[106.8123317,-6.6234587],[106.8121726,-6.6234724],[106.8120177,-6.623489],[106.8118698,-6.6235075],[106.8115331,-6.6235412],[106.8115098,-6.6235435],[106.8110877,-6.6235846],[106.8110273,-6.6235905],[106.8108312,-6.6236025],[106.8104652,-6.6236664],[106.8102974,-6.6237102],[106.8102252,-6.6237389],[106.8100689,-6.6238277],[106.8100327,-6.6239276],[106.8099907,-6.6243649],[106.8099517,-6.6245121],[106.8099118,-6.6245892],[106.8098611,-6.6246455],[106.8097912,-6.6247048],[106.8096574,-6.6247826],[106.8094646,-6.6248899],[106.8093381,-6.6249205],[106.8092211,-6.6249011],[106.8091551,-6.6248596],[106.8091068,-6.6247965],[106.8090712,-6.6247364],[106.8090321,-6.6248035],[106.8090142,-6.6248518],[106.8090053,-6.6248887],[106.8090076,-6.6249431],[106.8090271,-6.6249857],[106.8090595,-6.6250293],[106.809099,-6.6250662],[106.8092322,-6.6251362],[106.8096915,-6.6253067],[106.8098755,-6.6253621],[106.8099075,-6.6253873],[106.8099929,-6.6254683],[106.8100366,-6.6255133],[106.8100576,-6.6255363],[106.8100888,-6.625593],[106.8101072,-6.6256284],[106.810118,-6.6256781],[106.8101168,-6.6257487],[106.8101069,-6.6258009],[106.8100836,-6.6258445],[106.810034,-6.6258865],[106.8099848,-6.6259014],[106.8099337,-6.6259156],[106.8099033,-6.6259127],[106.80987,-6.6258815],[106.8098461,-6.6258706],[106.8097897,-6.6257886],[106.8097614,-6.6256297],[106.8097022,-6.6254939],[106.8096062,-6.6254346],[106.8091986,-6.6253583],[106.8090513,-6.6253604],[106.8089617,-6.6254049],[106.8089041,-6.6254473],[106.8088627,-6.6255317],[106.8088002,-6.6256595],[106.8087851,-6.6257047],[106.8088883,-6.6257757],[106.8089868,-6.6258225],[106.8092832,-6.6259634],[106.8093503,-6.6259981],[106.809433,-6.6260744],[106.8094829,-6.6261052],[106.8096548,-6.6262306],[106.809754,-6.6263551],[106.809778,-6.6263957],[106.8098317,-6.6264864],[106.8099676,-6.6267997],[106.8101502,-6.6272602],[106.8102083,-6.6274547],[106.8102215,-6.6275326],[106.8102394,-6.6276627],[106.8100248,-6.6276966],[106.8098371,-6.6277179],[106.8095608,-6.6277672],[106.8092077,-6.6278341],[106.8091258,-6.6278534],[106.8089313,-6.6278981],[106.8087264,-6.627949],[106.8086913,-6.6279634],[106.8086643,-6.6279857],[106.8086472,-6.6280035],[106.8086258,-6.6280234],[106.8086062,-6.6280519],[106.8085885,-6.6280961],[106.8085693,-6.6281446],[106.8085674,-6.6282169],[106.8085668,-6.6282967],[106.8085646,-6.6283634],[106.8085546,-6.6284572],[106.808549,-6.6285059],[106.8085216,-6.6285587],[106.8084849,-6.6285887],[106.808449,-6.6286125],[106.808414,-6.628629],[106.8083786,-6.6286358],[106.8083511,-6.6286378],[106.8083258,-6.6286387],[106.808289,-6.6286413],[106.8082165,-6.6286456],[106.8081491,-6.6286311],[106.808095,-6.6286212],[106.8080635,-6.6286085],[106.8080304,-6.6285841],[106.8080024,-6.6285595],[106.8079575,-6.6285145],[106.8078848,-6.6283997],[106.8078458,-6.6283425],[106.8078023,-6.6282819],[106.8077879,-6.6282668],[106.8077655,-6.628253],[106.8077369,-6.6282441],[106.807707,-6.6282452],[106.8076708,-6.628255],[106.8076412,-6.6282775],[106.8076053,-6.6283169],[106.8075807,-6.62835],[106.8075572,-6.628392],[106.8075034,-6.6284967],[106.807462,-6.6285659],[106.8073881,-6.6286814],[106.8073523,-6.6286403],[106.8073251,-6.6286084],[106.8072951,-6.6285692],[106.8072738,-6.6285439],[106.8072507,-6.6285132],[106.8072293,-6.6284958],[106.8071971,-6.6284772],[106.8071705,-6.6284663],[106.807144,-6.6284568],[106.8071126,-6.6284437],[106.807061,-6.6284499],[106.8069954,-6.6284483],[106.8069176,-6.6284509],[106.8068549,-6.6284343],[106.8067946,-6.6284147],[106.8067546,-6.6284027],[106.8067038,-6.6283786],[106.8066674,-6.628362],[106.8066192,-6.6283325],[106.806542,-6.6282972],[106.8065112,-6.6282814],[106.806436,-6.6282361],[106.8064092,-6.6282215],[106.8063809,-6.6282146],[106.8063321,-6.6282055],[106.8061678,-6.6281975],[106.8059464,-6.6281953],[106.8056568,-6.6282235],[106.8053738,-6.6282122],[106.8053162,-6.6281958],[106.8052605,-6.6281769],[106.8046308,-6.6278947],[106.8043768,-6.6277612],[106.8034213,-6.6272097],[106.8033634,-6.6271677],[106.8033059,-6.6270978],[106.8032905,-6.6270352],[106.8032851,-6.6269313],[106.8032891,-6.6267968],[106.8032898,-6.6266149],[106.8032891,-6.6265057],[106.8032717,-6.6264071],[106.8032516,-6.6263412],[106.8032026,-6.626206],[106.8031651,-6.6261094],[106.8031047,-6.6259828],[106.8030155,-6.625823],[106.8029116,-6.6256818],[106.8028459,-6.6255998],[106.8027795,-6.6255226],[106.8027272,-6.6254639],[106.8026702,-6.6254033],[106.8026025,-6.6253447],[106.8025106,-6.6252708],[106.8024268,-6.6251922],[106.8023443,-6.6251149],[106.8022605,-6.6250377],[106.8021532,-6.6249031],[106.8020707,-6.6248005],[106.8019963,-6.6247066],[106.8019266,-6.6246094],[106.8018407,-6.6245161],[106.8017462,-6.6244122],[106.8016899,-6.6243383],[106.8016409,-6.6242663],[106.8015933,-6.6241818],[106.8015504,-6.6240925],[106.8014967,-6.62394],[106.8014659,-6.6237668],[106.8014639,-6.6237391],[106.8014518,-6.6235703],[106.8014471,-6.623473],[106.8014418,-6.6233705],[106.8014136,-6.6233185],[106.8013801,-6.6232699],[106.801311,-6.6232146],[106.8012104,-6.6231627],[106.80113,-6.6231314],[106.8010173,-6.6231114],[106.8008128,-6.6230927],[106.8006423,-6.6230893],[106.8005472,-6.6230874]]]}},
{"type":"Feature","properties":{"FID":null,"Keterangan":null,"Nama":null,"id":"relation/20397419","@id":"relation/20397419","colour":"#04ff00","colour:back":null,"from":"Warung Jambu","name":"Warung Jambu–BTM","network":"Angkutan Kota Bogor","old_ref":null,"operator":null,"ref":"08","roundtrip":null,"route":"bus","to":"BTM","type":"route","via":null,"layer":"angkot-kota-bogor","path":"C:/Users/Dzaka/Desktop/kuliah_smster_5/sig/tugas Akhir/frontend/public/rute/angkot-kota-bogor.geojson|geometrytype=MultiLineString"},"geometry":{"type":"MultiLineString","coordinates":[[[106.804265,-6.6016335],[106.8042416,-6.6016395],[106.8038645,-6.6017645],[106.8036801,-6.6018152],[106.803448,-6.601884],[106.8030652,-6.6020022],[106.8025045,-6.6021768],[106.8024432,-6.6021967],[106.8020246,-6.6023329],[106.8020075,-6.6023356],[106.8018961,-6.6023528],[106.8004413,-6.6025778],[106.7998455,-6.6026365],[106.79975,-6.6026604],[106.7996319,-6.6027064],[106.799076,-6.6029769],[106.7989278,-6.6030467],[106.7989033,-6.6030551],[106.7988427,-6.603076],[106.7987736,-6.603074],[106.7986663,-6.6030627],[106.7986073,-6.6030494],[106.7985295,-6.6030447],[106.7984853,-6.603048],[106.7984477,-6.603058],[106.798382,-6.603076],[106.7983264,-6.6030967],[106.7981909,-6.6031733],[106.798174,-6.6031835],[106.7979054,-6.6033734],[106.7978745,-6.6033912],[106.7978645,-6.603399],[106.7976903,-6.6035388],[106.7972226,-6.6038893],[106.7969793,-6.6040592],[106.7968384,-6.6041463],[106.7967213,-6.6041865],[106.7966462,-6.6041895],[106.7965913,-6.6041868],[106.7965337,-6.6041824],[106.7964774,-6.6041699],[106.7964242,-6.6041401],[106.7963846,-6.6041074],[106.7963302,-6.6040465],[106.7962771,-6.6039754],[106.7961978,-6.6038655]],[[106.803448,-6.601884],[106.8030652,-6.6020022],[106.8025045,-6.6021768]],[[106.8091568,-6.5689059],[106.8091496,-6.5689468],[106.8091477,-6.5689576],[106.809101,-6.5692215],[106.8090164,-6.5696105],[106.8089703,-6.5698731],[106.8087106,-6.5709348],[106.8086724,-6.5713953],[106.8086129,-6.5716651],[106.8085697,-6.5719387],[106.8084961,-6.5722461],[106.8083974,-6.5726878],[106.8083846,-6.572772],[106.8082995,-6.5732009],[106.8082731,-6.5733153],[106.8082171,-6.5735882],[106.8081916,-6.5737126],[106.8081354,-6.5739951],[106.8080019,-6.5746658],[106.8078965,-6.5751954],[106.8078045,-6.5756252],[106.807747,-6.5759068],[106.8077222,-6.5760028],[106.8076779,-6.5762546],[106.8076565,-6.5763838],[106.8076498,-6.5764152],[106.8076202,-6.576555],[106.8074887,-6.5771827],[106.8074349,-6.5774745],[106.807309,-6.5781579],[106.8072678,-6.5783812],[106.8072541,-6.5784549],[106.8072407,-6.578528],[106.8072256,-6.57861],[106.8071817,-6.5788872],[106.8071227,-6.579139],[106.8071113,-6.5791982],[106.8070824,-6.5793748],[106.8070436,-6.5795706],[106.8070344,-6.5796241],[106.8070205,-6.5796949],[106.8069449,-6.580069],[106.8068922,-6.5803362],[106.8068679,-6.5804499],[106.8068203,-6.5807083],[106.8068028,-6.5808034],[106.8067874,-6.5808829],[106.8067214,-6.5812518],[106.8066779,-6.5815127],[106.8066265,-6.5818046],[106.8066077,-6.5819101],[106.8065346,-6.5822798],[106.8064222,-6.5828395],[106.8063791,-6.5830498],[106.8062349,-6.5837226],[106.8060311,-6.5847138],[106.8059583,-6.585088],[106.805744,-6.5861899],[106.8055984,-6.5867406],[106.8055483,-6.58693],[106.8053511,-6.5876442],[106.8051004,-6.5885292],[106.8050902,-6.5885656],[106.805081,-6.5885983],[106.8051537,-6.588624],[106.8055792,-6.5887742],[106.8059047,-6.5888754],[106.8057557,-6.5895961],[106.8057293,-6.5896905],[106.8057051,-6.5898477],[106.8056837,-6.5900009],[106.805677,-6.5901674],[106.805703,-6.5904801],[106.8057188,-6.5909586],[106.8057294,-6.5912762],[106.8057306,-6.5913417],[106.8057327,-6.5914456],[106.8057447,-6.5920579],[106.8057226,-6.5921125],[106.805675,-6.5921418],[106.8056072,-6.5921531],[106.8053076,-6.5921661],[106.8050943,-6.5921705],[106.804881,-6.5921778],[106.8048496,-6.5921788],[106.8047667,-6.5921815],[106.8047459,-6.5925854],[106.8047422,-6.5926447],[106.8047056,-6.5926847],[106.8046937,-6.5927834],[106.8046609,-6.5930408],[106.8046405,-6.5931935],[106.8046354,-6.5932306],[106.8046158,-6.5933658],[106.8045919,-6.5935341],[106.8045847,-6.5935859],[106.8045659,-6.5937145],[106.8045563,-6.5937763],[106.8045269,-6.593954],[106.8045183,-6.5940087],[106.804505,-6.5940988],[106.8045006,-6.5941297],[106.804481,-6.5942631],[106.8044453,-6.5944941],[106.8044236,-6.5946275],[106.8044205,-6.5946453],[106.8044022,-6.5947523],[106.8043679,-6.5949617],[106.8043588,-6.5950214],[106.8043168,-6.5953109],[106.8043026,-6.5954067],[106.8042865,-6.5955176],[106.8042857,-6.5955456],[106.8042801,-6.5957506],[106.8042584,-6.5958053],[106.8042562,-6.5958288],[106.8042609,-6.5958582],[106.8046282,-6.5981795],[106.8049176,-6.6000413],[106.8049847,-6.600473],[106.8050004,-6.6005738],[106.8050265,-6.6006694],[106.8050449,-6.6007682],[106.8050701,-6.6010104],[106.8050638,-6.6010814],[106.805004,-6.6011922],[106.804838,-6.6013565],[106.8047248,-6.6014463],[106.8045697,-6.6015247],[106.8044269,-6.6015785],[106.8042416,-6.6016395]]]}},
{"type":"Feature","properties":{"FID":null,"Keterangan":null,"Nama":null,"id":"relation/20397420","@id":"relation/20397420","colour":"#04ff00","colour:back":null,"from":"BTM","name":"BTM–Warung Jambu","network":"Angkutan Kota Bogor","old_ref":null,"operator":null,"ref":"08","roundtrip":null,"route":"bus","to":"Warung Jambu","type":"route","via":null,"layer":"angkot-kota-bogor","path":"C:/Users/Dzaka/Desktop/kuliah_smster_5/sig/tugas Akhir/frontend/public/rute/angkot-kota-bogor.geojson|geometrytype=MultiLineString"},"geometry":{"type":"MultiLineString","coordinates":[[[106.7961978,-6.6038655],[106.7961639,-6.6038016],[106.7961527,-6.6037798],[106.7961429,-6.6037605],[106.7959055,-6.603283],[106.7958872,-6.6032412],[106.7956616,-6.6027343],[106.7956045,-6.6026017],[106.7954764,-6.6023044],[106.7954083,-6.6021463],[106.7953647,-6.602045],[106.795332,-6.6019762],[106.7952083,-6.6016123],[106.7951426,-6.6014421],[106.7950955,-6.6012779],[106.7950252,-6.6010004],[106.7949816,-6.6008293],[106.7949348,-6.6006322],[106.7949022,-6.6005066],[106.7948931,-6.6004656],[106.7948602,-6.6003385],[106.7948261,-6.6002071],[106.7948076,-6.6001399],[106.7947853,-6.6000748],[106.7947537,-6.5999713],[106.794741,-6.5999253],[106.7947134,-6.5998207],[106.7946276,-6.599563],[106.7946115,-6.5995164],[106.7945947,-6.5994651],[106.7944237,-6.5989601],[106.7942468,-6.5984849],[106.7942142,-6.5983946],[106.7941783,-6.5982953],[106.7941475,-6.5982114],[106.7941194,-6.5981248],[106.7941113,-6.5980995],[106.7940757,-6.5980003],[106.7939879,-6.5977305],[106.7939617,-6.5976426],[106.7939453,-6.597588],[106.7939241,-6.5975213],[106.7938252,-6.5971973],[106.7938209,-6.5971813],[106.7938313,-6.5969648],[106.7938746,-6.5966409],[106.7939299,-6.596421],[106.7939963,-6.596238],[106.7941479,-6.5958377],[106.7942061,-6.5956753],[106.7942081,-6.5956683],[106.7942749,-6.5954737],[106.7943815,-6.5951603],[106.7944828,-6.5949182],[106.7946279,-6.5946378],[106.7946766,-6.5945578],[106.7947698,-6.5944846],[106.7948382,-6.5944406],[106.7949695,-6.5943593],[106.7951258,-6.594264],[106.7959506,-6.5938937],[106.796139,-6.5938038],[106.7962517,-6.5937345],[106.7963442,-6.5936712],[106.7964461,-6.5936013],[106.7965883,-6.593494],[106.7969298,-6.5931758],[106.7970525,-6.5931188],[106.7971408,-6.5930744],[106.7971945,-6.5930687],[106.7972495,-6.5930664],[106.797344,-6.5930894],[106.797378,-6.5931031],[106.7974751,-6.593158],[106.797621,-6.5932635],[106.7978228,-6.5933788],[106.7979643,-6.5934381],[106.7981292,-6.5934707],[106.7983552,-6.5934767],[106.7985195,-6.5934594],[106.798614,-6.5934387],[106.7987488,-6.5933934],[106.7989453,-6.5932949],[106.7991123,-6.5931676],[106.7995032,-6.5928412],[106.7996393,-6.5927446],[106.7997506,-6.5926787],[106.7998747,-6.5926194],[106.8000007,-6.5925701],[106.8003434,-6.5924256],[106.8004725,-6.5923656],[106.8005794,-6.5923323],[106.8007437,-6.5922963],[106.8009402,-6.592289],[106.8011232,-6.5923177],[106.8012976,-6.592381],[106.8015041,-6.5924716],[106.8017494,-6.5926043],[106.8018877,-6.5926943],[106.8019803,-6.592744],[106.8020952,-6.5928287],[106.8022545,-6.5929451],[106.8023803,-6.5930415],[106.8025052,-6.5931443],[106.8029462,-6.5935856],[106.8030042,-6.5935569],[106.803132,-6.5934937],[106.8031629,-6.5934798],[106.8032582,-6.5934315],[106.8033051,-6.5933988],[106.803401,-6.5933254],[106.803499,-6.5932163],[106.8036184,-6.5930764],[106.8038873,-6.592656],[106.8039474,-6.5925516],[106.804012,-6.5924394],[106.8040985,-6.5922891],[106.8041924,-6.5922304],[106.804246,-6.5922084],[106.8043372,-6.5922024],[106.804525,-6.5921951],[106.8046906,-6.5921871],[106.8046958,-6.5916901],[106.8046953,-6.591457],[106.8046879,-6.5911812],[106.8046899,-6.5910801],[106.8046918,-6.5907716],[106.8046946,-6.590294],[106.8047087,-6.5900049],[106.8047302,-6.5897611],[106.804765,-6.5895013],[106.8048509,-6.5891063],[106.8049175,-6.5888441],[106.8049866,-6.5885718],[106.8050062,-6.5885022],[106.8051016,-6.5881624],[106.8051566,-6.5879839],[106.8052238,-6.587732],[106.805449,-6.5870126],[106.8055053,-6.5868209],[106.8056073,-6.5864538],[106.805639,-6.5863398],[106.805685,-6.5861746],[106.8057427,-6.5858202],[106.8058204,-6.5854033],[106.805972,-6.5845906],[106.8060725,-6.5840816],[106.8060968,-6.5839464],[106.8061068,-6.5838907],[106.806141,-6.5837006],[106.8061874,-6.5834535],[106.8064353,-6.5822611],[106.8066372,-6.5811757],[106.8066995,-6.5808676],[106.8067176,-6.5807891],[106.8067547,-6.5807953],[106.8068028,-6.5808034],[106.8068836,-6.5808161],[106.807478,-6.5809098],[106.8078611,-6.5809702],[106.8079825,-6.5809843],[106.8081442,-6.581003],[106.8086026,-6.5810555],[106.8088185,-6.5810695],[106.8091428,-6.5810741],[106.8098129,-6.5810734],[106.8099377,-6.5810747],[106.8109354,-6.5810807],[106.8109282,-6.5809642],[106.8109242,-6.5806649],[106.8109281,-6.580346],[106.8109338,-6.5801092],[106.8109444,-6.5798872],[106.8109499,-6.5798329],[106.8109573,-6.5797482],[106.8109796,-6.5796254],[106.8110041,-6.5794939],[106.8110704,-6.5791968],[106.81111,-6.5790406],[106.8111575,-6.5787655],[106.8111693,-6.5786718],[106.811173,-6.5786245],[106.8111765,-6.5785441],[106.8111758,-6.5784637],[106.8111743,-6.5783999],[106.8111654,-6.5782844],[106.8111607,-6.5782235],[106.8111432,-6.5781185],[106.8111271,-6.578007],[106.8111087,-6.577918],[106.8110857,-6.5778034],[106.8110562,-6.5776772],[106.8110179,-6.5775226],[106.8109778,-6.5773962],[106.8109514,-6.5772676],[106.8109113,-6.5770639],[106.8109593,-6.576951],[106.8109722,-6.5768942],[106.8109897,-6.5768241],[106.8111229,-6.5762576],[106.8111566,-6.5761002],[106.8112436,-6.5757155],[106.8113121,-6.575368],[106.8113282,-6.5752867],[106.8114275,-6.5749149],[106.8114374,-6.5748241],[106.8115165,-6.5745045],[106.8115913,-6.5741441],[106.8116573,-6.5738499],[106.8116826,-6.5737167],[106.8117201,-6.5735286],[106.8118352,-6.5729842],[106.8119547,-6.5724289],[106.8120259,-6.5720829],[106.8121519,-6.5714563],[106.8122404,-6.5710076],[106.8123097,-6.5706664],[106.8124098,-6.5702309],[106.8124635,-6.5699821],[106.8124822,-6.5698678],[106.8114665,-6.5696625],[106.8111239,-6.5695924],[106.8108137,-6.5695362],[106.8107858,-6.5695302],[106.8106843,-6.5695089],[106.8105425,-6.5694469],[106.8104872,-6.5694127],[106.8104379,-6.569372],[106.8104097,-6.569338],[106.8102917,-6.5692434],[106.8101422,-6.5691562],[106.8099631,-6.5690869],[106.809772,-6.5690463],[106.809276,-6.5689296],[106.8092189,-6.5689182],[106.8091568,-6.5689059]]]}},
{"type":"Feature","properties":{"FID":null,"Keterangan":null,"Nama":null,"id":"relation/20397459","@id":"relation/20397459","colour":"#04ff00","colour:back":null,"from":"Warung Jambu","name":"Warung Jambu–Sukasari","network":"Angkutan Kota Bogor","old_ref":null,"operator":null,"ref":"09","roundtrip":null,"route":"bus","to":"Sukasari","type":"route","via":null,"layer":"angkot-kota-bogor","path":"C:/Users/Dzaka/Desktop/kuliah_smster_5/sig/tugas Akhir/frontend/public/rute/angkot-kota-bogor.geojson|geometrytype=MultiLineString"},"geometry":{"type":"MultiLineString","coordinates":[[[106.8091568,-6.5689059],[106.8091496,-6.5689468],[106.8091477,-6.5689576],[106.809101,-6.5692215],[106.8090164,-6.5696105],[106.8089703,-6.5698731],[106.8087106,-6.5709348],[106.8086724,-6.5713953],[106.8086129,-6.5716651],[106.8085697,-6.5719387],[106.8084961,-6.5722461],[106.8083974,-6.5726878],[106.8083846,-6.572772],[106.8082995,-6.5732009],[106.8082731,-6.5733153],[106.8082171,-6.5735882],[106.8081916,-6.5737126],[106.8081354,-6.5739951],[106.8080019,-6.5746658],[106.8078965,-6.5751954],[106.8078045,-6.5756252],[106.807747,-6.5759068],[106.8077222,-6.5760028],[106.8076779,-6.5762546],[106.8076565,-6.5763838],[106.8076498,-6.5764152],[106.8076202,-6.576555],[106.8074887,-6.5771827],[106.8074349,-6.5774745],[106.807309,-6.5781579],[106.8072678,-6.5783812],[106.8072541,-6.5784549],[106.8072407,-6.578528],[106.8072256,-6.57861],[106.8071817,-6.5788872],[106.8071227,-6.579139],[106.8071113,-6.5791982],[106.8070824,-6.5793748],[106.8070436,-6.5795706],[106.8070344,-6.5796241],[106.8070205,-6.5796949],[106.8069449,-6.580069],[106.8068922,-6.5803362],[106.8068679,-6.5804499],[106.8068203,-6.5807083],[106.8068028,-6.5808034],[106.8067874,-6.5808829],[106.8067214,-6.5812518],[106.8066779,-6.5815127],[106.8066265,-6.5818046],[106.8066077,-6.5819101],[106.8065346,-6.5822798],[106.8064222,-6.5828395],[106.8063791,-6.5830498],[106.8062349,-6.5837226],[106.8060311,-6.5847138],[106.8059583,-6.585088],[106.805744,-6.5861899],[106.8055984,-6.5867406],[106.8055483,-6.58693],[106.8053511,-6.5876442],[106.8051004,-6.5885292],[106.8050902,-6.5885656],[106.805081,-6.5885983],[106.8051537,-6.588624],[106.8055792,-6.5887742],[106.8059047,-6.5888754],[106.8057557,-6.5895961],[106.8057293,-6.5896905],[106.8057051,-6.5898477],[106.8056837,-6.5900009],[106.805677,-6.5901674],[106.805703,-6.5904801],[106.8057188,-6.5909586],[106.8057294,-6.5912762],[106.8057306,-6.5913417],[106.8057327,-6.5914456],[106.8057447,-6.5920579],[106.8057226,-6.5921125],[106.805675,-6.5921418],[106.8056072,-6.5921531],[106.8053076,-6.5921661],[106.8050943,-6.5921705],[106.804881,-6.5921778],[106.8048496,-6.5921788],[106.8047667,-6.5921815],[106.8047459,-6.5925854],[106.8047422,-6.5926447],[106.8047056,-6.5926847],[106.8046937,-6.5927834],[106.8046609,-6.5930408],[106.8046405,-6.5931935],[106.8046354,-6.5932306],[106.8046158,-6.5933658],[106.8045919,-6.5935341],[106.8045847,-6.5935859],[106.8045659,-6.5937145],[106.8045563,-6.5937763],[106.8045269,-6.593954],[106.8045183,-6.5940087],[106.804505,-6.5940988],[106.8045006,-6.5941297],[106.804481,-6.5942631],[106.8044453,-6.5944941],[106.8044236,-6.5946275],[106.8044205,-6.5946453],[106.8044022,-6.5947523],[106.8043679,-6.5949617],[106.8043588,-6.5950214],[106.8043168,-6.5953109],[106.8043026,-6.5954067],[106.8042865,-6.5955176],[106.8042857,-6.5955456],[106.8042801,-6.5957506],[106.8042971,-6.5957811],[106.8043047,-6.5958019],[106.8043493,-6.5960206],[106.8044089,-6.5964153],[106.804425,-6.5965207],[106.8044672,-6.5968086],[106.8045131,-6.5970865],[106.804523,-6.5971513],[106.8045582,-6.5973771],[106.8046123,-6.5977544],[106.8046144,-6.5977676],[106.8046318,-6.5978819],[106.8046509,-6.5979926],[106.8046694,-6.5981135],[106.8046774,-6.5981662],[106.8046914,-6.5982567],[106.8047478,-6.5985541],[106.8047921,-6.5988767],[106.8048383,-6.5991963],[106.804902,-6.599637],[106.8049577,-6.6000347],[106.8050341,-6.6004651],[106.8050629,-6.6006102],[106.805066,-6.6006283],[106.8051535,-6.6009726],[106.8051623,-6.600999],[106.8051708,-6.6010246],[106.8052246,-6.6011681],[106.8052879,-6.6012872],[106.8052986,-6.6013211],[106.8053221,-6.6013954],[106.8053462,-6.6014686],[106.8054428,-6.6017309],[106.8054616,-6.6017824],[106.8056669,-6.6023133],[106.8059878,-6.6030517],[106.8061447,-6.6033879],[106.8062827,-6.6036294],[106.8064971,-6.6039127],[106.8067296,-6.6041728],[106.8068413,-6.6042764],[106.8069039,-6.6043203],[106.8069967,-6.6043286],[106.8070623,-6.6043085],[106.8071812,-6.6042701],[106.8072791,-6.6042306],[106.8074797,-6.6040856],[106.8077301,-6.6039167],[106.8079189,-6.6037935],[106.808021,-6.6037229],[106.80808,-6.6036821],[106.808156,-6.6036295],[106.8086514,-6.6032873],[106.8087666,-6.6032076],[106.8089233,-6.6030964],[106.8092501,-6.6028645],[106.8092862,-6.6028391],[106.8097005,-6.6025468],[106.8098456,-6.6024441],[106.8100088,-6.6023374],[106.8103718,-6.602063],[106.810431,-6.6020453],[106.8107777,-6.6018054],[106.8109421,-6.6017055],[106.8110248,-6.6016469],[106.8110483,-6.6016461],[106.8110694,-6.6016574],[106.8110978,-6.6016809],[106.8111147,-6.6017172],[106.8111147,-6.6017551],[106.8110929,-6.6017887],[106.8108414,-6.6019598],[106.8107806,-6.6020075],[106.810667,-6.6021153],[106.8100922,-6.6025026],[106.8099612,-6.6025954],[106.8082967,-6.603775],[106.8076983,-6.6041436],[106.8073699,-6.6044101],[106.8072747,-6.6045122],[106.8072448,-6.6046226],[106.807261,-6.6047043],[106.8072836,-6.6047734],[106.80738,-6.6049346],[106.8074553,-6.6050182],[106.8078205,-6.6054286],[106.8078838,-6.6055024],[106.8081875,-6.6058413],[106.8082072,-6.6058635],[106.80825,-6.6059112],[106.8082927,-6.6059593],[106.8083143,-6.6059841],[106.8084192,-6.6061041],[106.8085581,-6.6062642],[106.8086024,-6.6063121],[106.8086899,-6.6064138],[106.8087416,-6.6064721],[106.8088145,-6.6065536],[106.8088745,-6.6066217],[106.8090318,-6.6067999],[106.8090924,-6.6068629],[106.8091231,-6.6068951],[106.8092373,-6.6070143],[106.8093579,-6.6071453],[106.8098134,-6.6076731],[106.8098755,-6.6077594],[106.8100974,-6.608092],[106.8101708,-6.6082041],[106.8103364,-6.6084684],[106.8105431,-6.6087501],[106.8106085,-6.6088392],[106.8108744,-6.6091975],[106.8109305,-6.6092762],[106.8110732,-6.6094648],[106.8114386,-6.6099474],[106.8116569,-6.6102359],[106.8117575,-6.6103758],[106.8119466,-6.6106544],[106.8119684,-6.6106862],[106.8120217,-6.6107648],[106.8121183,-6.6109007],[106.8121645,-6.6109667],[106.8122806,-6.6111378],[106.8124388,-6.6114083],[106.8124948,-6.6115009],[106.8127077,-6.6118515],[106.8127154,-6.6118643],[106.8128096,-6.6120217],[106.8128531,-6.6120998],[106.812876,-6.612141],[106.8130921,-6.6124963],[106.8131953,-6.6126619],[106.813215,-6.6126937],[106.8133477,-6.6129683],[106.8135734,-6.6134649],[106.8136633,-6.6136377],[106.8137886,-6.6138851],[106.8138882,-6.6140853],[106.8139589,-6.6142571],[106.8140159,-6.614391],[106.8141075,-6.6146189],[106.8141786,-6.6147928],[106.8144236,-6.6153402],[106.8144813,-6.615506],[106.8146563,-6.6161095],[106.8148105,-6.616637],[106.815004,-6.6171759],[106.8151881,-6.6175876],[106.8153758,-6.6180252],[106.8154966,-6.6183236],[106.8156158,-6.6186207],[106.815756,-6.6189817],[106.8158247,-6.619167],[106.815984,-6.6195835],[106.8161201,-6.6199176],[106.8162194,-6.6201706],[106.8162412,-6.6202258],[106.8163106,-6.6203998],[106.8163328,-6.620457],[106.8164037,-6.6206342],[106.8164403,-6.6207398],[106.8164849,-6.6209579],[106.8164864,-6.6210545],[106.8164919,-6.62108],[106.8165096,-6.6211457],[106.816507,-6.6212135],[106.8164844,-6.6212777],[106.8164438,-6.6213323],[106.8163887,-6.6213726],[106.8163242,-6.621395],[106.8162558,-6.6213975],[106.8161898,-6.6213799],[106.8161319,-6.6213437],[106.8160873,-6.6212922],[106.81606,-6.62123],[106.8160524,-6.6211624],[106.8160651,-6.6210957],[106.8160971,-6.6210357],[106.8161455,-6.6209876],[106.8162059,-6.6209559],[106.816255,-6.620948],[106.8162596,-6.6208234],[106.8162449,-6.6207242],[106.8160934,-6.6202763]]]}},
{"type":"Feature","properties":{"FID":null,"Keterangan":null,"Nama":null,"id":"relation/20397460","@id":"relation/20397460","colour":"#04ff00","colour:back":null,"from":"Sukasari","name":"Sukasari–Warung Jambu","network":"Angkutan Kota Bogor","old_ref":null,"operator":null,"ref":"09","roundtrip":null,"route":"bus","to":"Warung Jambu","type":"route","via":null,"layer":"angkot-kota-bogor","path":"C:/Users/Dzaka/Desktop/kuliah_smster_5/sig/tugas Akhir/frontend/public/rute/angkot-kota-bogor.geojson|geometrytype=MultiLineString"},"geometry":{"type":"MultiLineString","coordinates":[[[106.8160934,-6.6202763],[106.815983,-6.6199551],[106.8155294,-6.6187519],[106.8154177,-6.6184509],[106.8151145,-6.6177588],[106.8150627,-6.6176442],[106.8149249,-6.617348],[106.8148562,-6.6171845],[106.8146745,-6.6166744],[106.8145537,-6.616294],[106.8144387,-6.6158791],[106.8143479,-6.6155553],[106.8143076,-6.6154135],[106.814218,-6.6151758],[106.8141527,-6.6150285],[106.8140106,-6.6146634],[106.8139661,-6.6145549],[106.8138718,-6.6143251],[106.8137826,-6.6141512],[106.8136961,-6.6139521],[106.8135667,-6.6136656],[106.8135231,-6.6135777],[106.8133856,-6.61326],[106.8131996,-6.612871],[106.8130584,-6.6126165],[106.8129618,-6.6124527],[106.8128546,-6.6122812],[106.8127282,-6.6120737],[106.8126719,-6.6119785],[106.8125072,-6.6117],[106.8123958,-6.6115081],[106.8122745,-6.6113043],[106.8122714,-6.6112993],[106.8122296,-6.6112317],[106.8121183,-6.6110725],[106.8119057,-6.6107701],[106.811787,-6.6105989],[106.8116254,-6.6103758],[106.8115289,-6.6102653],[106.811307,-6.6099695],[106.8107937,-6.6092865],[106.8107779,-6.6092655],[106.8105184,-6.6089117],[106.810328,-6.6086359],[106.8097029,-6.6077641],[106.8093014,-6.6072878],[106.8090235,-6.6069853],[106.8089959,-6.6069549],[106.8087708,-6.6066928],[106.8087002,-6.6066089],[106.8086089,-6.6065187],[106.8081441,-6.6060071],[106.8077753,-6.6055795],[106.8072581,-6.6049615],[106.8071445,-6.6048309],[106.8069967,-6.604658],[106.8069443,-6.604585],[106.8069027,-6.6045261],[106.8068691,-6.6044817],[106.8067156,-6.6042813],[106.8064227,-6.60396],[106.8062764,-6.6037594],[106.8062146,-6.6036698],[106.8061658,-6.6035921],[106.8060613,-6.60342],[106.8056636,-6.6025171],[106.8054741,-6.6020611],[106.8053688,-6.6018281],[106.8052468,-6.6017235],[106.805093,-6.6016619],[106.8049599,-6.6016241],[106.8048234,-6.6015994],[106.8046866,-6.6015795],[106.8045484,-6.6015746],[106.8044987,-6.6015777],[106.8044283,-6.6015895],[106.804265,-6.6016335],[106.8042416,-6.6016395],[106.8038645,-6.6017645],[106.8036801,-6.6018152],[106.803448,-6.601884],[106.8030652,-6.6020022],[106.8025045,-6.6021768],[106.8024432,-6.6021967],[106.8020246,-6.6023329],[106.8020075,-6.6023356],[106.8018961,-6.6023528],[106.8004413,-6.6025778],[106.7998455,-6.6026365],[106.79975,-6.6026604],[106.7996319,-6.6027064],[106.799076,-6.6029769],[106.7989278,-6.6030467],[106.7989033,-6.6030551],[106.7988427,-6.603076],[106.7987736,-6.603074],[106.7986663,-6.6030627],[106.7986073,-6.6030494],[106.7985295,-6.6030447],[106.7984853,-6.603048],[106.7984477,-6.603058],[106.798382,-6.603076],[106.7983264,-6.6030967],[106.7981909,-6.6031733],[106.798174,-6.6031835],[106.7979054,-6.6033734],[106.7978745,-6.6033912],[106.7978645,-6.603399],[106.7976903,-6.6035388],[106.7972226,-6.6038893],[106.7969793,-6.6040592],[106.7968384,-6.6041463],[106.7967213,-6.6041865],[106.7966462,-6.6041895],[106.7965913,-6.6041868],[106.7965337,-6.6041824],[106.7964774,-6.6041699],[106.7964242,-6.6041401],[106.7963846,-6.6041074],[106.7963302,-6.6040465],[106.7962771,-6.6039754],[106.7961978,-6.6038655],[106.7961639,-6.6038016],[106.7961527,-6.6037798],[106.7961429,-6.6037605],[106.7959055,-6.603283],[106.7958872,-6.6032412],[106.7956616,-6.6027343],[106.7956045,-6.6026017],[106.7954764,-6.6023044],[106.7954083,-6.6021463],[106.7953647,-6.602045],[106.795332,-6.6019762],[106.7952083,-6.6016123],[106.7951426,-6.6014421],[106.7950955,-6.6012779],[106.7950252,-6.6010004],[106.7949816,-6.6008293],[106.7949348,-6.6006322],[106.7949022,-6.6005066],[106.7948931,-6.6004656],[106.7948602,-6.6003385],[106.7948261,-6.6002071],[106.7948076,-6.6001399],[106.7947853,-6.6000748],[106.7947537,-6.5999713],[106.794741,-6.5999253],[106.7947134,-6.5998207],[106.7946276,-6.599563],[106.7946115,-6.5995164],[106.7945947,-6.5994651],[106.7944237,-6.5989601],[106.7942468,-6.5984849],[106.7942142,-6.5983946],[106.7941783,-6.5982953],[106.7941475,-6.5982114],[106.7941194,-6.5981248],[106.7941113,-6.5980995],[106.7940757,-6.5980003],[106.7939879,-6.5977305],[106.7939617,-6.5976426],[106.7939453,-6.597588],[106.7939241,-6.5975213],[106.7938252,-6.5971973],[106.7938209,-6.5971813],[106.7938313,-6.5969648],[106.7938746,-6.5966409],[106.7939299,-6.596421],[106.7939963,-6.596238],[106.7941479,-6.5958377],[106.7942061,-6.5956753],[106.7942081,-6.5956683],[106.7942749,-6.5954737],[106.7943815,-6.5951603],[106.7944828,-6.5949182],[106.7946279,-6.5946378],[106.7946766,-6.5945578],[106.7947698,-6.5944846],[106.7948382,-6.5944406],[106.7949695,-6.5943593],[106.7951258,-6.594264],[106.7959506,-6.5938937],[106.796139,-6.5938038],[106.7962517,-6.5937345],[106.7963442,-6.5936712],[106.7964461,-6.5936013],[106.7965883,-6.593494],[106.7969298,-6.5931758],[106.7970525,-6.5931188],[106.7971408,-6.5930744],[106.7971945,-6.5930687],[106.7972495,-6.5930664],[106.797344,-6.5930894],[106.797378,-6.5931031],[106.7974751,-6.593158],[106.797621,-6.5932635],[106.7978228,-6.5933788],[106.7979643,-6.5934381],[106.7981292,-6.5934707],[106.7983552,-6.5934767],[106.7985195,-6.5934594],[106.798614,-6.5934387],[106.7987488,-6.5933934],[106.7989453,-6.5932949],[106.7991123,-6.5931676],[106.7995032,-6.5928412],[106.7996393,-6.5927446],[106.7997506,-6.5926787],[106.7998747,-6.5926194],[106.8000007,-6.5925701],[106.8003434,-6.5924256],[106.8004725,-6.5923656],[106.8005794,-6.5923323],[106.8007437,-6.5922963],[106.8009402,-6.592289],[106.8011232,-6.5923177],[106.8012976,-6.592381],[106.8015041,-6.5924716],[106.8017494,-6.5926043],[106.8018877,-6.5926943],[106.8019803,-6.592744],[106.8020952,-6.5928287],[106.8022545,-6.5929451],[106.8023803,-6.5930415],[106.8025052,-6.5931443],[106.8029462,-6.5935856],[106.8030042,-6.5935569],[106.803132,-6.5934937],[106.8031629,-6.5934798],[106.8032582,-6.5934315],[106.8033051,-6.5933988],[106.803401,-6.5933254],[106.803499,-6.5932163],[106.8036184,-6.5930764],[106.8038873,-6.592656],[106.8039474,-6.5925516],[106.804012,-6.5924394],[106.8040985,-6.5922891],[106.8041924,-6.5922304],[106.804246,-6.5922084],[106.8043372,-6.5922024],[106.804525,-6.5921951],[106.8046906,-6.5921871],[106.8046958,-6.5916901],[106.8046953,-6.591457],[106.8046879,-6.5911812],[106.8046899,-6.5910801],[106.8046918,-6.5907716],[106.8046946,-6.590294],[106.8047087,-6.5900049],[106.8047302,-6.5897611],[106.804765,-6.5895013],[106.8048509,-6.5891063],[106.8049175,-6.5888441],[106.8049866,-6.5885718],[106.8050062,-6.5885022],[106.8051016,-6.5881624],[106.8051566,-6.5879839],[106.8052238,-6.587732],[106.805449,-6.5870126],[106.8055053,-6.5868209],[106.8056073,-6.5864538],[106.805639,-6.5863398],[106.805685,-6.5861746],[106.8057427,-6.5858202],[106.8058204,-6.5854033],[106.805972,-6.5845906],[106.8060725,-6.5840816],[106.8060968,-6.5839464],[106.8061068,-6.5838907],[106.806141,-6.5837006],[106.8061874,-6.5834535],[106.8064353,-6.5822611],[106.8066372,-6.5811757],[106.8066995,-6.5808676],[106.8067176,-6.5807891],[106.8067965,-6.580371],[106.8068705,-6.5799903],[106.8068894,-6.5798759],[106.8069243,-6.5796953],[106.8070386,-6.579127],[106.8070622,-6.5789898],[106.8071059,-6.5787133],[106.807124,-6.5786087],[106.8071542,-6.5784333],[106.8071637,-6.578382],[106.807187,-6.578277],[106.807291,-6.5777174],[106.8073378,-6.5774852],[106.8075021,-6.5766693],[106.8075277,-6.5765423],[106.8075909,-6.5762395],[106.8076202,-6.576072],[106.8076712,-6.5758255],[106.8077622,-6.5754311],[106.8077945,-6.5752913],[106.8078965,-6.5747571],[106.8080747,-6.5738303],[106.8081017,-6.5736899],[106.8083229,-6.5725681],[106.808345,-6.5724299],[106.8084179,-6.5720373],[106.8084744,-6.5717328],[106.80851,-6.5715413],[106.8085543,-6.5714051],[106.808614,-6.5709347],[106.8087199,-6.5703392],[106.8088178,-6.5699102],[106.8088442,-6.569793],[106.808854,-6.5697496],[106.8089278,-6.569404],[106.8089889,-6.5691027],[106.8090353,-6.5688739],[106.8090535,-6.5687839],[106.809093,-6.5686318],[106.8091722,-6.5682625],[106.8091986,-6.56809],[106.8092562,-6.5679211],[106.8093322,-6.5677421],[106.809467,-6.5673722],[106.8095382,-6.5671981],[106.8096287,-6.566973],[106.8097003,-6.5667935],[106.8099037,-6.5662839],[106.8100242,-6.5659366],[106.8101985,-6.5654691],[106.8102005,-6.5654622],[106.8103189,-6.5650416],[106.8103995,-6.5647564],[106.810447,-6.564497],[106.810461,-6.564406],[106.810452,-6.5643204],[106.8104217,-6.5642358],[106.8103709,-6.5641121],[106.810348,-6.5640779],[106.8102804,-6.5639762],[106.8100986,-6.5638429],[106.8097496,-6.5635628],[106.8096363,-6.5634719],[106.8093231,-6.5632602],[106.8082813,-6.562521],[106.8079356,-6.5622639],[106.8076826,-6.5620733],[106.8073682,-6.5618597],[106.8072095,-6.5617683],[106.8070503,-6.5616833],[106.8068799,-6.561586],[106.8067874,-6.5615354],[106.8066774,-6.561486],[106.8065701,-6.5614454],[106.8063345,-6.561351],[106.8061262,-6.5612839],[106.8058225,-6.5612522],[106.805469,-6.5612258],[106.8051977,-6.5612156],[106.8046746,-6.5612572],[106.8040825,-6.5613845],[106.8036619,-6.5614805],[106.8034324,-6.5615388],[106.8030098,-6.561637],[106.802941,-6.5616104],[106.8029112,-6.5615476],[106.8028996,-6.5614395],[106.8029272,-6.5613933],[106.803098,-6.5613355],[106.8037427,-6.5611741],[106.8039981,-6.5611148],[106.8045384,-6.5609964],[106.8049655,-6.5609325],[106.8051728,-6.5609162],[106.8052663,-6.5609182],[106.8054839,-6.5609212],[106.8057809,-6.5609698],[106.8059563,-6.5610269],[106.8062026,-6.5610777],[106.8064141,-6.5611403],[106.8066003,-6.5612073],[106.8067895,-6.5612874],[106.8070167,-6.561393],[106.8071908,-6.5614984],[106.8074142,-6.5616388],[106.8081149,-6.5621298],[106.8085215,-6.5624335],[106.808769,-6.5626151],[106.8095679,-6.5631891],[106.8097528,-6.5633186],[106.8098494,-6.5633847],[106.8098962,-6.5634167],[106.8100444,-6.5635157],[106.8100587,-6.5635253],[106.810515,-6.5637151],[106.810547,-6.5637292],[106.8106725,-6.5638103],[106.8107545,-6.563868],[106.8106673,-6.5642195],[106.8106186,-6.5644101],[106.8105922,-6.5644892],[106.8105231,-6.564707],[106.8105051,-6.5647628],[106.8104542,-6.5649211],[106.8102609,-6.5655265],[106.8101611,-6.5657953],[106.8101359,-6.5658668],[106.8100453,-6.5661288],[106.8099876,-6.5662849],[106.8099219,-6.5664581],[106.8098756,-6.5665767],[106.8096196,-6.5672063],[106.8094886,-6.5675324],[106.8094623,-6.5676089],[106.8093632,-6.5678929],[106.8093204,-6.5681011],[106.8092806,-6.5682908],[106.8091696,-6.5688194],[106.8091568,-6.5689059]]]}},
{"type":"Feature","properties":{"FID":null,"Keterangan":null,"Nama":null,"id":"relation/20397517","@id":"relation/20397517","colour":"#04ff00","colour:back":null,"from":"Sukasari","name":"Sukasari–Mawar","network":"Angkutan Kota Bogor","old_ref":null,"operator":null,"ref":"10","roundtrip":null,"route":"bus","to":"Mawar","type":"route","via":"Paledang","layer":"angkot-kota-bogor","path":"C:/Users/Dzaka/Desktop/kuliah_smster_5/sig/tugas Akhir/frontend/public/rute/angkot-kota-bogor.geojson|geometrytype=MultiLineString"},"geometry":{"type":"MultiLineString","coordinates":[[[106.81606,-6.62123],[106.8158665,-6.6211316],[106.8154845,-6.6208127],[106.8151955,-6.6206042],[106.8151646,-6.6205763],[106.8151364,-6.6205508],[106.8150995,-6.6204904],[106.8148098,-6.6202606],[106.8145477,-6.6200301],[106.814482,-6.6200554],[106.8144102,-6.6200827],[106.8143452,-6.6201233],[106.8142128,-6.6202275],[106.8141568,-6.6202698],[106.8140951,-6.6202998],[106.8139963,-6.6203372],[106.8136512,-6.6204117],[106.8132808,-6.620493],[106.8129055,-6.6206096],[106.8126192,-6.6207022],[106.8125569,-6.6207255],[106.8124978,-6.6207599],[106.8124644,-6.6207862],[106.8124254,-6.620842],[106.8123771,-6.6209166],[106.8123376,-6.6209779],[106.8123007,-6.6210685],[106.8122705,-6.6211464],[106.812239,-6.6212683],[106.8122014,-6.6214815],[106.8121461,-6.6217793],[106.8121413,-6.6218672],[106.8121391,-6.6219412],[106.8121625,-6.6221791],[106.8121656,-6.6222482],[106.8121809,-6.6223357],[106.8122052,-6.6224539],[106.8122434,-6.6225713],[106.8124176,-6.6228852],[106.8124533,-6.6229563],[106.8125082,-6.6230659],[106.8125268,-6.6231366],[106.8125335,-6.62322],[106.812529,-6.623289],[106.8125161,-6.6233404],[106.8124971,-6.6233705],[106.812475,-6.6233967],[106.8124394,-6.623428],[106.8124033,-6.6234424],[106.8123317,-6.6234587],[106.8121726,-6.6234724],[106.8120177,-6.623489],[106.8118698,-6.6235075],[106.8115331,-6.6235412],[106.8115098,-6.6235435],[106.8110877,-6.6235846],[106.8110273,-6.6235905],[106.8108312,-6.6236025],[106.8104652,-6.6236664],[106.8102974,-6.6237102],[106.8102252,-6.6237389],[106.8100689,-6.6238277],[106.8100327,-6.6239276],[106.8099907,-6.6243649],[106.8099517,-6.6245121],[106.8099118,-6.6245892],[106.8098611,-6.6246455],[106.8097912,-6.6247048],[106.8096574,-6.6247826],[106.8094646,-6.6248899],[106.8093381,-6.6249205],[106.8092211,-6.6249011],[106.8091551,-6.6248596],[106.8091068,-6.6247965],[106.8090712,-6.6247364],[106.8090582,-6.6246816],[106.8090069,-6.6244155],[106.8089949,-6.6242091],[106.8089882,-6.6239306],[106.8089788,-6.6238121],[106.8089198,-6.6233552],[106.8089144,-6.6232952],[106.8088473,-6.6228076],[106.8088312,-6.6226984],[106.8088101,-6.622527],[106.8087823,-6.6222741],[106.8087649,-6.6221116],[106.8087508,-6.621997],[106.8087233,-6.6218851],[106.8086763,-6.6218025],[106.8086126,-6.6217612],[106.8082888,-6.6216343],[106.8081697,-6.6215776],[106.8081282,-6.6215447],[106.8080594,-6.6215001],[106.8080071,-6.6214408],[106.8079488,-6.6213076],[106.8078884,-6.6211471],[106.8077121,-6.6207135],[106.807688,-6.6206395],[106.807596,-6.6204278],[106.8075485,-6.6203134],[106.8075088,-6.6202267],[106.8074848,-6.6201566],[106.807411,-6.6199502],[106.8070382,-6.6190516],[106.8069738,-6.6189284],[106.8069336,-6.6188345],[106.8066687,-6.618616],[106.8066124,-6.618562],[106.8065525,-6.6185075],[106.8064199,-6.6183835],[106.8063509,-6.6183149],[106.8063106,-6.6182763],[106.8062558,-6.6182283],[106.8061718,-6.6181457],[106.806094,-6.6180807],[106.8060269,-6.6180278],[106.8059573,-6.6179726],[106.8058788,-6.6179173],[106.8057936,-6.617842],[106.8057172,-6.6177761],[106.8056393,-6.6176936],[106.8056285,-6.6176713],[106.8055543,-6.6175429],[106.8055053,-6.6174404],[106.8053572,-6.6172601],[106.8053153,-6.6171959],[106.8052377,-6.6170854],[106.8051399,-6.6169694],[106.8049789,-6.6168076],[106.8048374,-6.6166751],[106.8048012,-6.6166411],[106.804641,-6.6164792],[106.8045438,-6.6163746],[106.8044901,-6.6163027],[106.8044463,-6.616238],[106.8043873,-6.6161525],[106.804348,-6.6160842],[106.8043198,-6.6160203],[106.8042956,-6.6159602],[106.8042728,-6.615907],[106.8042501,-6.6158563],[106.8042162,-6.6157768],[106.8041777,-6.6156885],[106.8041333,-6.6155845],[106.8040885,-6.6154881],[106.8039765,-6.6152476],[106.8039296,-6.6151543],[106.8038826,-6.6150597],[106.8038013,-6.6148973],[106.8037471,-6.6147853],[106.8036671,-6.6146311],[106.8035986,-6.6145023],[106.8035311,-6.614367],[106.8034545,-6.6142217],[106.8033461,-6.614022],[106.8032458,-6.6138232],[106.8032013,-6.6137412],[106.80316,-6.6136632],[106.8031027,-6.6135667],[106.8030465,-6.6134781],[106.802933,-6.6132973],[106.8028747,-6.6132127],[106.8028066,-6.6131105],[106.8026637,-6.6128947],[106.8026199,-6.6128317],[106.8025756,-6.6127624],[106.8025294,-6.6126918],[106.8024999,-6.6126458],[106.8024516,-6.6125773],[106.8024134,-6.6125326],[106.8023765,-6.61249],[106.8023095,-6.6124226],[106.8022344,-6.6123541],[106.8021552,-6.6122999],[106.8020306,-6.6122355],[106.8017522,-6.6121123],[106.8015561,-6.6120332],[106.8014638,-6.6119941],[106.8012178,-6.6118892],[106.8010314,-6.6117959],[106.8008553,-6.6117118],[106.8006547,-6.6116022],[106.8006169,-6.6115815],[106.800329,-6.6114192],[106.8002128,-6.6113516],[106.7999478,-6.6112004],[106.7997816,-6.6110935],[106.7996289,-6.6109771],[106.7994703,-6.610846],[106.7993258,-6.6107062],[106.799177,-6.6106014],[106.7989877,-6.6104384],[106.7989578,-6.6104113],[106.7989116,-6.6103693],[106.7987358,-6.6102096],[106.7986741,-6.6101558],[106.7984322,-6.6099249],[106.7981919,-6.6096976],[106.7981514,-6.6096612],[106.7979648,-6.6094841],[106.7977763,-6.6093117],[106.7977373,-6.6092732],[106.7975272,-6.6090924],[106.7974436,-6.6090205],[106.7973638,-6.6089546],[106.797258,-6.6088672],[106.7972309,-6.6088448],[106.7970088,-6.6086584],[106.7969792,-6.6086352],[106.7968461,-6.6085289],[106.7966527,-6.6083629],[106.7965725,-6.608301],[106.7964708,-6.6082151],[106.7963353,-6.6081065],[106.7962906,-6.6080764],[106.796253,-6.6080552],[106.7962023,-6.6080326],[106.7961565,-6.6080165],[106.7961239,-6.6080091],[106.7954844,-6.6078684],[106.7954316,-6.6078556],[106.7954118,-6.607852],[106.7953292,-6.6078474],[106.7950497,-6.6078],[106.7950346,-6.6077977],[106.7949957,-6.60779],[106.7950031,-6.6077519],[106.7950227,-6.607658],[106.7950496,-6.6075259],[106.7950752,-6.60748],[106.795092,-6.6074029],[106.7952175,-6.6068287],[106.7952716,-6.6066017],[106.7953608,-6.6062432],[106.7954077,-6.6060747],[106.7954997,-6.6058595],[106.7955838,-6.6057664],[106.7955812,-6.6057357],[106.7956106,-6.6056901],[106.7956345,-6.6056664],[106.796142,-6.6051629],[106.7965548,-6.6046394],[106.7965796,-6.6045605],[106.7965459,-6.6044829],[106.7964412,-6.6043127],[106.796384,-6.6042293],[106.7963727,-6.6042118],[106.7963606,-6.6041932],[106.7962609,-6.6040436],[106.7962392,-6.6039944],[106.7961978,-6.6038655],[106.7961639,-6.6038016],[106.7961527,-6.6037798],[106.7961429,-6.6037605],[106.7959055,-6.603283],[106.7958872,-6.6032412],[106.7956616,-6.6027343],[106.7956045,-6.6026017],[106.7954764,-6.6023044],[106.7954083,-6.6021463],[106.7953647,-6.602045],[106.795332,-6.6019762],[106.7952083,-6.6016123],[106.7951426,-6.6014421],[106.7950785,-6.601433],[106.7950344,-6.6014281],[106.7950035,-6.6014248],[106.7949527,-6.6014191],[106.7948658,-6.6014094],[106.7944889,-6.6015009],[106.7944458,-6.6015114],[106.7944299,-6.6015152],[106.794372,-6.601521],[106.794312,-6.6015252],[106.7942474,-6.6015242],[106.7941816,-6.6015162],[106.794086,-6.6014966],[106.7940499,-6.6014872],[106.7939658,-6.6014653],[106.7938593,-6.6014389],[106.7938419,-6.6014359],[106.7938201,-6.6014304],[106.7936167,-6.6013793],[106.793591,-6.6013727],[106.7932639,-6.601282],[106.7929292,-6.601204],[106.7928212,-6.6011802],[106.7925254,-6.6011163],[106.7923698,-6.6010824],[106.7920339,-6.6009931],[106.7918824,-6.6009398],[106.7917469,-6.6008679],[106.7916001,-6.6007574],[106.7915129,-6.6006674],[106.7913164,-6.6004176],[106.7912199,-6.600305],[106.7903916,-6.5992105],[106.7902351,-6.5989743],[106.7900453,-6.5987039],[106.7898038,-6.5983266],[106.7897483,-6.5982173],[106.789632,-6.5979597],[106.7896025,-6.5978251],[106.7895837,-6.5976693],[106.789581,-6.597496],[106.78963,-6.5968605],[106.7896957,-6.5960172],[106.7897075,-6.5958985],[106.7889469,-6.5957343],[106.7886015,-6.5956597],[106.7884763,-6.5956324],[106.7883035,-6.5956096],[106.7880195,-6.595592],[106.7876846,-6.5955865],[106.7876592,-6.5955388],[106.7875492,-6.5953694],[106.7875308,-6.5952832],[106.7873527,-6.5948642],[106.7872087,-6.5945552],[106.787177,-6.5944838],[106.7868961,-6.5938511],[106.7868559,-6.5937671],[106.7868204,-6.5936945],[106.7867365,-6.5935133],[106.7866762,-6.5933728],[106.786632,-6.5932837],[106.7866119,-6.5932532],[106.7865712,-6.5931916],[106.7865544,-6.5931636],[106.7864496,-6.5930024],[106.7864281,-6.5929685],[106.7862504,-6.5926894],[106.7861907,-6.5925715],[106.7861323,-6.5923936],[106.7861089,-6.592267],[106.786101,-6.5921365],[106.7860834,-6.5918447],[106.7860495,-6.5915879],[106.7860438,-6.5915446],[106.7860211,-6.5913774],[106.7860171,-6.5913418],[106.7860224,-6.5912432],[106.7860472,-6.5911932],[106.7861009,-6.5911594],[106.7861955,-6.5911192],[106.7862444,-6.5910985],[106.7863673,-6.5910066],[106.7864235,-6.5909629],[106.7864831,-6.5909],[106.7864942,-6.5908689],[106.7864928,-6.5908252],[106.7864812,-6.5907874],[106.7864376,-6.5907277],[106.7861836,-6.5903646],[106.7861778,-6.5903214],[106.7861825,-6.5902849],[106.7862036,-6.5902377],[106.7862898,-6.5901747]]]}},
{"type":"Feature","properties":{"FID":null,"Keterangan":null,"Nama":null,"id":"relation/20397518","@id":"relation/20397518","colour":"#04ff00","colour:back":null,"from":"Mawar","name":"Mawar–Sukasari","network":"Angkutan Kota Bogor","old_ref":null,"operator":null,"ref":"10","roundtrip":null,"route":"bus","to":"Sukasari","type":"route","via":"Paledang","layer":"angkot-kota-bogor","path":"C:/Users/Dzaka/Desktop/kuliah_smster_5/sig/tugas Akhir/frontend/public/rute/angkot-kota-bogor.geojson|geometrytype=MultiLineString"},"geometry":{"type":"MultiLineString","coordinates":[[[106.804265,-6.6016335],[106.8042416,-6.6016395],[106.8038645,-6.6017645],[106.8036801,-6.6018152],[106.803448,-6.601884],[106.8030652,-6.6020022],[106.8025045,-6.6021768],[106.8024432,-6.6021967],[106.8020246,-6.6023329],[106.8020075,-6.6023356],[106.8018961,-6.6023528],[106.8004413,-6.6025778],[106.7998455,-6.6026365],[106.79975,-6.6026604],[106.7996319,-6.6027064],[106.799076,-6.6029769],[106.7989499,-6.603082],[106.7989313,-6.6030926],[106.7988763,-6.603124],[106.7988569,-6.6031835],[106.7988701,-6.6032306],[106.7991844,-6.603819],[106.7992793,-6.6040118],[106.7994081,-6.604253],[106.7994695,-6.6043778],[106.799638,-6.6046741],[106.7998335,-6.6049526],[106.8001946,-6.6053682],[106.8002965,-6.6054813],[106.8004615,-6.6056632],[106.8006371,-6.6058637],[106.8008139,-6.6060761],[106.800979,-6.6062782],[106.8012925,-6.6066803],[106.8014293,-6.6068671],[106.8015369,-6.6070043],[106.8017092,-6.6072346],[106.8017683,-6.6073091],[106.8018843,-6.6074583],[106.8020117,-6.6076128],[106.8021814,-6.607776],[106.8025294,-6.6081364],[106.802797,-6.6084085],[106.8028629,-6.6084841],[106.8030297,-6.608658],[106.8031663,-6.6087758],[106.8032091,-6.6088116],[106.8032985,-6.6088992],[106.8038553,-6.6094075],[106.8044784,-6.6099416],[106.8048094,-6.6102155],[106.8054641,-6.610813],[106.8056255,-6.6109594],[106.8057822,-6.6110995],[106.805867,-6.6111728],[106.805941,-6.6112453],[106.8060485,-6.6113522],[106.8062055,-6.6114692],[106.8065255,-6.6117868],[106.8065775,-6.6118472],[106.806685,-6.6119555],[106.8067847,-6.6120624],[106.8068758,-6.6121745],[106.807004,-6.6123201],[106.8071398,-6.6124744],[106.8072917,-6.6126638],[106.8074066,-6.6127943],[106.8075371,-6.6129722],[106.8076229,-6.6130775],[106.807699,-6.6131722],[106.8077114,-6.613192],[106.8078191,-6.6133295],[106.8078925,-6.6134265],[106.8079472,-6.6135023],[106.8079972,-6.6135639],[106.8080668,-6.6136596],[106.8080817,-6.6136824],[106.8081413,-6.6137734],[106.8081962,-6.6138648],[106.8082576,-6.6139559],[106.8083022,-6.6140293],[106.8083517,-6.6140995],[106.8083949,-6.6141718],[106.8084624,-6.6142838],[106.8085027,-6.614347],[106.8085424,-6.614413],[106.8086033,-6.6145022],[106.8086302,-6.6145516],[106.8087216,-6.6146947],[106.8087768,-6.6147741],[106.8088447,-6.6148719],[106.8088936,-6.6149472],[106.8089472,-6.6150265],[106.8089786,-6.6150767],[106.8091107,-6.6152432],[106.8092135,-6.6153582],[106.8093637,-6.615518],[106.8095607,-6.6157239],[106.8099739,-6.6160866],[106.8101872,-6.6162233],[106.8102917,-6.6162987],[106.8106451,-6.6166071],[106.8109784,-6.6169201],[106.8111562,-6.6170861],[106.8116114,-6.617511],[106.8119538,-6.6178304],[106.8119628,-6.6178391],[106.812125,-6.6179879],[106.8121746,-6.6180312],[106.8124745,-6.6183127],[106.8126307,-6.6184492],[106.8130964,-6.6188759],[106.813336,-6.6190809],[106.8142714,-6.6197963],[106.8143861,-6.6199022],[106.8145477,-6.6200301],[106.8148098,-6.6202606],[106.8150995,-6.6204904],[106.815178,-6.620505],[106.8152081,-6.6205256],[106.815229,-6.620543],[106.8155294,-6.6207708],[106.815807,-6.6209779],[106.8158952,-6.6210325],[106.8159308,-6.6210547],[106.8159776,-6.6210838],[106.8160651,-6.6210957],[106.8160971,-6.6210357],[106.8161455,-6.6209876],[106.8162059,-6.6209559],[106.816255,-6.620948],[106.8163411,-6.6209509],[106.8163754,-6.6209658],[106.8164038,-6.6209781],[106.8164864,-6.6210545],[106.8164919,-6.62108],[106.8165096,-6.6211457],[106.816507,-6.6212135],[106.8164844,-6.6212777],[106.8164438,-6.6213323],[106.8163887,-6.6213726],[106.8163242,-6.621395],[106.8162558,-6.6213975],[106.8161898,-6.6213799],[106.8161319,-6.6213437],[106.8160873,-6.6212922],[106.81606,-6.62123]],[[106.7877787,-6.5895629],[106.7877772,-6.5896172],[106.7877718,-6.5897776],[106.7877737,-6.5900282],[106.7877759,-6.5903153],[106.7887764,-6.5903462],[106.7894409,-6.5903959],[106.7895911,-6.5904157],[106.7897949,-6.5904512],[106.7899381,-6.5904775],[106.7900164,-6.5904931],[106.790199,-6.5905296],[106.7903904,-6.5905678],[106.7905379,-6.5905924],[106.7906243,-6.5906069],[106.7906166,-6.5906435],[106.7905292,-6.5910589],[106.790444,-6.5914637],[106.7904423,-6.5914718],[106.7904251,-6.5915534],[106.7903981,-6.5916815],[106.7903876,-6.5917315],[106.7903793,-6.5917654],[106.7902407,-6.5923326],[106.7902106,-6.5924555],[106.7900281,-6.5933698],[106.7899868,-6.5935945],[106.789927,-6.5939204],[106.7899222,-6.5939431],[106.7898165,-6.5944455],[106.7896011,-6.5954824],[106.78958,-6.5955823],[106.7896269,-6.5957108],[106.7897767,-6.5958335],[106.7898403,-6.5958486],[106.7899681,-6.5958788],[106.7900398,-6.5958957],[106.7900558,-6.5958995],[106.7905077,-6.5960063],[106.790561,-6.5960184],[106.7906135,-6.59603],[106.791057,-6.5961231],[106.7911277,-6.5961377],[106.7915712,-6.5962295],[106.7918843,-6.5962994],[106.7921702,-6.5963632],[106.7922716,-6.5963859],[106.7926262,-6.5964651],[106.7929399,-6.5965351],[106.7932168,-6.5965969],[106.7933596,-6.5966228],[106.7935182,-6.5966355],[106.793553,-6.5966383],[106.7937079,-6.5966206],[106.7937661,-6.5965925],[106.7938382,-6.5965347],[106.7939299,-6.596421],[106.7939963,-6.596238],[106.7941479,-6.5958377],[106.7942061,-6.5956753],[106.7942081,-6.5956683],[106.7942749,-6.5954737],[106.7943815,-6.5951603],[106.7944828,-6.5949182],[106.7946279,-6.5946378],[106.7946766,-6.5945578],[106.7947698,-6.5944846],[106.7948382,-6.5944406],[106.7949695,-6.5943593],[106.7951258,-6.594264],[106.7959506,-6.5938937],[106.796139,-6.5938038],[106.7962517,-6.5937345],[106.7963442,-6.5936712],[106.7964461,-6.5936013],[106.7965883,-6.593494],[106.7969298,-6.5931758],[106.7970525,-6.5931188],[106.7971408,-6.5930744],[106.7971945,-6.5930687],[106.7972495,-6.5930664],[106.797344,-6.5930894],[106.797378,-6.5931031],[106.7974751,-6.593158],[106.797621,-6.5932635],[106.7978228,-6.5933788],[106.7979643,-6.5934381],[106.7981292,-6.5934707],[106.7983552,-6.5934767],[106.7985195,-6.5934594],[106.798614,-6.5934387],[106.7987488,-6.5933934],[106.7989453,-6.5932949],[106.7991123,-6.5931676],[106.7995032,-6.5928412],[106.7996393,-6.5927446],[106.7997506,-6.5926787],[106.7998747,-6.5926194],[106.8000007,-6.5925701],[106.8003434,-6.5924256],[106.8004725,-6.5923656],[106.8005794,-6.5923323],[106.8007437,-6.5922963],[106.8009402,-6.592289],[106.8011232,-6.5923177],[106.8012976,-6.592381],[106.8015041,-6.5924716],[106.8017494,-6.5926043],[106.8018877,-6.5926943],[106.8019803,-6.592744],[106.8020952,-6.5928287],[106.8022545,-6.5929451],[106.8023803,-6.5930415],[106.8025052,-6.5931443],[106.8029462,-6.5935856],[106.8031477,-6.5938171],[106.8035373,-6.5943392],[106.8039496,-6.5950614],[106.8041763,-6.5955044],[106.8041977,-6.5955563],[106.804272,-6.5957365],[106.8042801,-6.5957506],[106.8042584,-6.5958053],[106.8042562,-6.5958288],[106.8042609,-6.5958582],[106.8046282,-6.5981795],[106.8049176,-6.6000413],[106.8049847,-6.600473],[106.8050004,-6.6005738],[106.8050265,-6.6006694],[106.8050449,-6.6007682],[106.8050701,-6.6010104],[106.8050638,-6.6010814],[106.805004,-6.6011922],[106.804838,-6.6013565],[106.8047248,-6.6014463],[106.8045697,-6.6015247],[106.8044269,-6.6015785],[106.8042416,-6.6016395]],[[106.7862898,-6.5901747],[106.7863295,-6.5901454],[106.7865375,-6.5900211],[106.7868671,-6.5897364],[106.786974,-6.5896453],[106.7870665,-6.5895919],[106.7872066,-6.5895113],[106.7873193,-6.5894713],[106.7874373,-6.5894467],[106.7875266,-6.5894366]]]}},
{"type":"Feature","properties":{"FID":null,"Keterangan":null,"Nama":null,"id":"relation/20397654","@id":"relation/20397654","colour":"#04ff00","colour:back":null,"from":"Perumahan Baranangsiang Indah","name":"Baranangsiang Indah–Pasar Bogor","network":"Angkutan Kota Bogor","old_ref":null,"operator":null,"ref":"11","roundtrip":null,"route":"bus","to":"Pasar Bogor","type":"route","via":null,"layer":"angkot-kota-bogor","path":"C:/Users/Dzaka/Desktop/kuliah_smster_5/sig/tugas Akhir/frontend/public/rute/angkot-kota-bogor.geojson|geometrytype=MultiLineString"},"geometry":{"type":"MultiLineString","coordinates":[[[106.8253523,-6.6112644],[106.8254321,-6.6114116],[106.8254489,-6.6114436],[106.8256356,-6.6118765],[106.8256396,-6.6119005],[106.8256386,-6.6119129],[106.825636,-6.6119251],[106.8256247,-6.6119435],[106.8256113,-6.6119553],[106.8255853,-6.6119666],[106.8252966,-6.6120688],[106.8249216,-6.6122012],[106.8245982,-6.6123288],[106.8238329,-6.6125985],[106.82346,-6.6126925],[106.8233701,-6.6127155],[106.8231927,-6.6121786],[106.8231106,-6.6119256],[106.8230007,-6.6116448],[106.8229756,-6.6114414],[106.8229603,-6.6111816],[106.822915,-6.6107149],[106.822892,-6.6105208],[106.8228531,-6.6102477],[106.8227847,-6.6097481],[106.822719,-6.6092845],[106.8226627,-6.6089648],[106.8226143,-6.6085064],[106.8216856,-6.6085019],[106.8211761,-6.6085204],[106.8208918,-6.6085161],[106.8208548,-6.6085371],[106.8208543,-6.6085666],[106.8208548,-6.6086272],[106.8208698,-6.6089896],[106.8211087,-6.6107162],[106.8211858,-6.611237],[106.8209756,-6.611227],[106.8208975,-6.6112294],[106.8205767,-6.6112389],[106.8204795,-6.6112491],[106.8203608,-6.6112657],[106.8201797,-6.611329],[106.8201317,-6.6113932],[106.8200428,-6.611438],[106.819906,-6.6114651],[106.8199127,-6.6115101],[106.8200493,-6.6124197],[106.820102,-6.6128225],[106.8201181,-6.6128958],[106.8201441,-6.6129474],[106.8202796,-6.6131085],[106.8207271,-6.6135333],[106.8205919,-6.6136182],[106.8200311,-6.6130092],[106.8199841,-6.6129222],[106.8199649,-6.6128532],[106.8199298,-6.6125994],[106.8198885,-6.6122719],[106.8198006,-6.6115427],[106.8196654,-6.6116202],[106.8195775,-6.6116677],[106.8194749,-6.6117179],[106.8194132,-6.611744],[106.8193345,-6.6117789],[106.8192762,-6.6118049],[106.8192339,-6.6118162],[106.8191836,-6.6118249],[106.8189945,-6.6118389],[106.8188939,-6.6118449],[106.8188711,-6.6118482],[106.818853,-6.6118595],[106.818843,-6.6118748],[106.818839,-6.6119048],[106.8188483,-6.612034],[106.8188765,-6.6121859],[106.8189234,-6.6124017],[106.8193255,-6.6136749],[106.8188986,-6.6137481],[106.8188538,-6.6137525],[106.8188001,-6.613751],[106.8187664,-6.6137239],[106.818743,-6.6136555],[106.8186841,-6.6134705],[106.8185665,-6.6135109],[106.8182039,-6.6136017],[106.81814,-6.6135889],[106.8181082,-6.6135749],[106.8180627,-6.6135331],[106.8179384,-6.6133246],[106.8178564,-6.613244],[106.8177605,-6.6132533],[106.8174516,-6.6133242],[106.8173819,-6.6133239],[106.8173311,-6.6133433],[106.817284,-6.613391],[106.8168405,-6.6138855],[106.8167464,-6.6138017],[106.8164807,-6.6135739],[106.8164016,-6.6134887],[106.816343,-6.6134296],[106.816248,-6.6133414],[106.8161885,-6.6132826],[106.815955,-6.6130966],[106.8158732,-6.6130026],[106.8158222,-6.6129163],[106.8157384,-6.6127803],[106.8155923,-6.6124166],[106.8155103,-6.6122726],[106.8154135,-6.6121218],[106.8153349,-6.6120162],[106.8151315,-6.6118302],[106.8149271,-6.611628],[106.8144185,-6.6118736],[106.8143677,-6.6118979],[106.8139536,-6.6120961],[106.8131354,-6.6124761],[106.8130921,-6.6124963],[106.8131953,-6.6126619],[106.813215,-6.6126937],[106.8133477,-6.6129683],[106.8135734,-6.6134649],[106.8136633,-6.6136377],[106.8137886,-6.6138851],[106.8138882,-6.6140853],[106.8139589,-6.6142571],[106.8140159,-6.614391],[106.8141075,-6.6146189],[106.8141786,-6.6147928],[106.8144236,-6.6153402],[106.8144813,-6.615506],[106.8146563,-6.6161095],[106.8148105,-6.616637],[106.815004,-6.6171759],[106.8151881,-6.6175876],[106.8150627,-6.6176442],[106.8149249,-6.617348],[106.8148562,-6.6171845],[106.8146745,-6.6166744],[106.8145537,-6.616294],[106.8144387,-6.6158791],[106.8143479,-6.6155553],[106.8143076,-6.6154135],[106.814218,-6.6151758],[106.8141527,-6.6150285],[106.8140106,-6.6146634],[106.8139661,-6.6145549],[106.8138718,-6.6143251],[106.8137826,-6.6141512],[106.8136961,-6.6139521],[106.8135667,-6.6136656],[106.8135231,-6.6135777],[106.8133856,-6.61326],[106.8131996,-6.612871],[106.8130584,-6.6126165],[106.8129618,-6.6124527],[106.8128546,-6.6122812],[106.8127282,-6.6120737],[106.8126719,-6.6119785],[106.8125072,-6.6117],[106.8123958,-6.6115081],[106.8122745,-6.6113043],[106.8122714,-6.6112993],[106.8122296,-6.6112317],[106.8121183,-6.6110725],[106.8119057,-6.6107701],[106.811787,-6.6105989],[106.8116254,-6.6103758],[106.8115289,-6.6102653],[106.811307,-6.6099695],[106.8107937,-6.6092865],[106.8107779,-6.6092655],[106.8105184,-6.6089117],[106.810328,-6.6086359],[106.8097029,-6.6077641],[106.8093014,-6.6072878],[106.8090235,-6.6069853],[106.8089959,-6.6069549],[106.8087708,-6.6066928],[106.8087002,-6.6066089],[106.8086402,-6.606645],[106.8083336,-6.6068294],[106.8081931,-6.6068821],[106.8080904,-6.6068941],[106.8079521,-6.6068784],[106.8077844,-6.6068359],[106.8076927,-6.6067953],[106.8076224,-6.6067463],[106.8075581,-6.6066952],[106.8073675,-6.6064713],[106.8073058,-6.6065223],[106.8071799,-6.6065726],[106.8070634,-6.6066009],[106.8068818,-6.6065895],[106.8067798,-6.6065642],[106.8066243,-6.6064777],[106.8065223,-6.6063804],[106.8063936,-6.6062232],[106.8062829,-6.6060896],[106.8062021,-6.6059928],[106.8061316,-6.6058938],[106.8060467,-6.6057488],[106.8060143,-6.6057167],[106.8059762,-6.6056892],[106.8058825,-6.6056461],[106.8058759,-6.6055515],[106.8058283,-6.6054312],[106.8058111,-6.6053863],[106.8057378,-6.605229],[106.8056944,-6.6051836],[106.8056378,-6.6051704],[106.8055185,-6.605181],[106.8053328,-6.6052172],[106.8052102,-6.6052557],[106.8051905,-6.6052326],[106.80516,-6.6051989],[106.8051463,-6.6051827],[106.8049468,-6.6049465],[106.8048639,-6.6048257],[106.8048536,-6.6048106],[106.8047855,-6.6046644],[106.8046641,-6.6044063],[106.8045773,-6.6041998],[106.8045307,-6.6040496],[106.8044938,-6.6038351],[106.804475,-6.6036713],[106.8044482,-6.6034794],[106.8044328,-6.6033142],[106.8044048,-6.6027774],[106.8044038,-6.6023059],[106.8043885,-6.6020065],[106.8043463,-6.6018311],[106.8043023,-6.6016951],[106.804265,-6.6016335],[106.8042416,-6.6016395],[106.8038645,-6.6017645],[106.8036801,-6.6018152],[106.803448,-6.601884],[106.8030652,-6.6020022],[106.8025045,-6.6021768],[106.8024432,-6.6021967],[106.8020246,-6.6023329],[106.8020075,-6.6023356],[106.8018961,-6.6023528],[106.8004413,-6.6025778],[106.7998455,-6.6026365]]]}},
{"type":"Feature","properties":{"FID":null,"Keterangan":null,"Nama":null,"id":"relation/20397655","@id":"relation/20397655","colour":"#04ff00","colour:back":null,"from":"Pasar Bogor","name":"Pasar Bogor–Baranangsiang Indah","network":"Angkutan Kota Bogor","old_ref":null,"operator":null,"ref":"11","roundtrip":null,"route":"bus","to":"Perumahan Baranangsiang Indah","type":"route","via":null,"layer":"angkot-kota-bogor","path":"C:/Users/Dzaka/Desktop/kuliah_smster_5/sig/tugas Akhir/frontend/public/rute/angkot-kota-bogor.geojson|geometrytype=MultiLineString"},"geometry":{"type":"MultiLineString","coordinates":[[[106.8253523,-6.6112644],[106.8252971,-6.611277],[106.8251082,-6.6113203],[106.8250264,-6.6113203],[106.8249607,-6.6113057],[106.824891,-6.6112764],[106.8246563,-6.6111392],[106.8245777,-6.6111591],[106.8241822,-6.611167],[106.8234439,-6.6111698],[106.8230584,-6.6111741],[106.8229603,-6.6111816],[106.8223918,-6.6112147],[106.8211858,-6.611237],[106.8209756,-6.611227],[106.8208975,-6.6112294],[106.8205767,-6.6112389],[106.8204795,-6.6112491],[106.8203608,-6.6112657],[106.8201797,-6.611329],[106.8201317,-6.6113932],[106.8200428,-6.611438],[106.819906,-6.6114651],[106.8198501,-6.6110903],[106.8197547,-6.6104534],[106.8197013,-6.6101158],[106.8195613,-6.6090531],[106.8194863,-6.6085506],[106.8193903,-6.6085659],[106.819598,-6.610176],[106.8197282,-6.6110508],[106.8197988,-6.6115318],[106.8198006,-6.6115427],[106.8196654,-6.6116202],[106.8195775,-6.6116677],[106.8194749,-6.6117179],[106.8194132,-6.611744],[106.8193345,-6.6117789],[106.8192762,-6.6118049],[106.8192339,-6.6118162],[106.8191836,-6.6118249],[106.8189945,-6.6118389],[106.8188939,-6.6118449],[106.8188711,-6.6118482],[106.818853,-6.6118595],[106.818843,-6.6118748],[106.818839,-6.6119048],[106.8188483,-6.612034],[106.8188765,-6.6121859],[106.8189234,-6.6124017],[106.8193255,-6.6136749],[106.8188986,-6.6137481],[106.8188538,-6.6137525],[106.8188001,-6.613751],[106.8187664,-6.6137239],[106.818743,-6.6136555],[106.8186841,-6.6134705],[106.8185665,-6.6135109],[106.8182039,-6.6136017],[106.81814,-6.6135889],[106.8181082,-6.6135749],[106.8180627,-6.6135331],[106.8179384,-6.6133246],[106.8178564,-6.613244],[106.8177605,-6.6132533],[106.8174516,-6.6133242],[106.8173819,-6.6133239],[106.8173311,-6.6133433],[106.817284,-6.613391],[106.8168405,-6.6138855],[106.8167464,-6.6138017],[106.8164807,-6.6135739],[106.8164016,-6.6134887],[106.816343,-6.6134296],[106.816248,-6.6133414],[106.8161885,-6.6132826],[106.815955,-6.6130966],[106.8158732,-6.6130026],[106.8158222,-6.6129163],[106.8157384,-6.6127803],[106.8155923,-6.6124166],[106.8155103,-6.6122726],[106.8154135,-6.6121218],[106.8153349,-6.6120162],[106.8151315,-6.6118302],[106.8149271,-6.611628],[106.8144185,-6.6118736],[106.8143677,-6.6118979],[106.8139536,-6.6120961],[106.8131354,-6.6124761],[106.8130921,-6.6124963],[106.812876,-6.612141],[106.8128531,-6.6120998],[106.8128096,-6.6120217],[106.8127154,-6.6118643],[106.8127077,-6.6118515],[106.8124948,-6.6115009],[106.8124388,-6.6114083],[106.8122806,-6.6111378],[106.8121645,-6.6109667],[106.8121183,-6.6109007],[106.8120217,-6.6107648],[106.8119684,-6.6106862],[106.8119466,-6.6106544],[106.8117575,-6.6103758],[106.8116569,-6.6102359],[106.8114386,-6.6099474],[106.8110732,-6.6094648],[106.8109305,-6.6092762],[106.8108744,-6.6091975],[106.8108241,-6.6091928],[106.8107953,-6.609214],[106.8107933,-6.6092155],[106.8107779,-6.6092655],[106.8107937,-6.6092865],[106.811307,-6.6099695],[106.8115289,-6.6102653],[106.8116254,-6.6103758],[106.811787,-6.6105989],[106.8119057,-6.6107701],[106.8121183,-6.6110725],[106.8122296,-6.6112317],[106.8122714,-6.6112993],[106.8122745,-6.6113043],[106.8123958,-6.6115081],[106.8125072,-6.6117],[106.8126719,-6.6119785],[106.8127282,-6.6120737],[106.8128546,-6.6122812],[106.8129618,-6.6124527],[106.8130584,-6.6126165],[106.8131996,-6.612871],[106.8133856,-6.61326],[106.8135231,-6.6135777],[106.8135667,-6.6136656],[106.8136961,-6.6139521],[106.8137826,-6.6141512],[106.8138718,-6.6143251],[106.8139661,-6.6145549],[106.8140106,-6.6146634],[106.8141527,-6.6150285],[106.814218,-6.6151758],[106.8143076,-6.6154135],[106.8143479,-6.6155553],[106.8144387,-6.6158791],[106.8145537,-6.616294],[106.8146745,-6.6166744],[106.8148562,-6.6171845],[106.8149249,-6.617348],[106.8150627,-6.6176442],[106.8151145,-6.6177588],[106.8154177,-6.6184509],[106.815398,-6.6184887],[106.8153779,-6.6185197],[106.815343,-6.6185442],[106.8152479,-6.6185877],[106.8141219,-6.6179246],[106.8136911,-6.6176912],[106.8135412,-6.6176209],[106.8133957,-6.6175749],[106.8132542,-6.6175456],[106.813104,-6.6175323],[106.8129159,-6.6175273],[106.8128559,-6.6175256],[106.8126965,-6.6175329],[106.8126246,-6.6175396],[106.812522,-6.6175443],[106.8122967,-6.6175942],[106.8122148,-6.6176322],[106.8121498,-6.6176728],[106.8120319,-6.6177675],[106.8119538,-6.6178304],[106.8116114,-6.617511],[106.8111562,-6.6170861],[106.8109784,-6.6169201],[106.8106451,-6.6166071],[106.8102917,-6.6162987],[106.8101872,-6.6162233],[106.8099739,-6.6160866],[106.8095607,-6.6157239],[106.8093637,-6.615518],[106.8092135,-6.6153582],[106.8091107,-6.6152432],[106.8089786,-6.6150767],[106.8089472,-6.6150265],[106.8088936,-6.6149472],[106.8088447,-6.6148719],[106.8087768,-6.6147741],[106.8087216,-6.6146947],[106.8086302,-6.6145516],[106.8086033,-6.6145022],[106.8085424,-6.614413],[106.8085027,-6.614347],[106.8084624,-6.6142838],[106.8083949,-6.6141718],[106.8083517,-6.6140995],[106.8083022,-6.6140293],[106.8082576,-6.6139559],[106.8081962,-6.6138648],[106.8081413,-6.6137734],[106.8080817,-6.6136824],[106.8080668,-6.6136596],[106.8079972,-6.6135639],[106.8079472,-6.6135023],[106.8078925,-6.6134265],[106.8078191,-6.6133295],[106.8077114,-6.613192],[106.807699,-6.6131722],[106.8076229,-6.6130775],[106.8075371,-6.6129722],[106.8074066,-6.6127943],[106.8072917,-6.6126638],[106.8071398,-6.6124744],[106.807004,-6.6123201],[106.8068758,-6.6121745],[106.8067847,-6.6120624],[106.806685,-6.6119555],[106.8065775,-6.6118472],[106.8065255,-6.6117868],[106.8062055,-6.6114692],[106.8060485,-6.6113522],[106.805941,-6.6112453],[106.805867,-6.6111728],[106.8057822,-6.6110995],[106.8056255,-6.6109594],[106.8054641,-6.610813],[106.8048094,-6.6102155],[106.8044784,-6.6099416],[106.8048434,-6.6095943],[106.8043627,-6.6090137],[106.8041286,-6.6086952],[106.8039506,-6.6084418],[106.8039248,-6.6083922],[106.8038541,-6.6082493],[106.8035081,-6.6076821],[106.8035051,-6.6076775],[106.8032223,-6.6073465],[106.8031612,-6.6072716],[106.8029774,-6.607046],[106.8027178,-6.6067562],[106.8024654,-6.6064345],[106.8024345,-6.6063882],[106.8022367,-6.6061119],[106.8020694,-6.6058803],[106.8019662,-6.6057584],[106.8018696,-6.605662],[106.801666,-6.6054953],[106.8015797,-6.6054305],[106.8012707,-6.6052429],[106.8011256,-6.6051414],[106.8006089,-6.6046999],[106.8004721,-6.6046261],[106.8003763,-6.6045647],[106.8002294,-6.6043649],[106.8001858,-6.604273],[106.8001013,-6.6039433],[106.800101,-6.603873],[106.8000598,-6.6036395],[106.7999669,-6.6033904],[106.7998605,-6.6027297],[106.7998455,-6.6026365]]]}},
{"type":"Feature","properties":{"FID":null,"Keterangan":null,"Nama":null,"id":"relation/20397715","@id":"relation/20397715","colour":"#04ff00","colour:back":null,"from":"Cimanggu Taman","name":"Cimanggu–Pasar Anyar","network":"Angkutan Kota Bogor","old_ref":null,"operator":null,"ref":"12","roundtrip":null,"route":"bus","to":"Pasar Anyar","type":"route","via":"Cimanggu Taman","layer":"angkot-kota-bogor","path":"C:/Users/Dzaka/Desktop/kuliah_smster_5/sig/tugas Akhir/frontend/public/rute/angkot-kota-bogor.geojson|geometrytype=MultiLineString"},"geometry":{"type":"MultiLineString","coordinates":[[[106.7773427,-6.5564946],[106.7774682,-6.5567905],[106.7776172,-6.5570806],[106.7779269,-6.5576905],[106.7779829,-6.5578052],[106.7779881,-6.5578119],[106.778103,-6.5579984],[106.7782655,-6.5582389],[106.7783754,-6.5583944],[106.7784706,-6.5585277],[106.7787604,-6.5589186],[106.7788561,-6.5590359],[106.7789085,-6.5591199],[106.7791138,-6.5593949],[106.779158,-6.5594502],[106.7794263,-6.5598273],[106.7797226,-6.5602603],[106.7797823,-6.5603521],[106.7803157,-6.5610479],[106.7806909,-6.561592],[106.7807165,-6.5616312],[106.780884,-6.5618649],[106.7809846,-6.5620343],[106.7813467,-6.5626179],[106.7815975,-6.5630042],[106.7819394,-6.5635145],[106.7820769,-6.563707],[106.7821312,-6.563795],[106.7823351,-6.5641007],[106.7825462,-6.5643832],[106.7828173,-6.5647459],[106.783136,-6.5651725],[106.7833402,-6.5654457],[106.7833831,-6.565503],[106.7834536,-6.5655876],[106.7837737,-6.5660221],[106.7838559,-6.5661338],[106.7839967,-6.5663337],[106.7841,-6.5664936],[106.7841724,-6.5666055],[106.7842676,-6.56674],[106.7845238,-6.5671051],[106.7847088,-6.5673422],[106.7848993,-6.5675901],[106.7850186,-6.5677286],[106.7851125,-6.5678472],[106.7852077,-6.5679618],[106.7853243,-6.5681243],[106.7853927,-6.5682078],[106.7860593,-6.5691262],[106.786121,-6.5692308],[106.7861626,-6.56932],[106.7861813,-6.5693973],[106.7861524,-6.5698678],[106.7862308,-6.5698784],[106.7864277,-6.5699121],[106.7865641,-6.5699293],[106.7866629,-6.5699444],[106.7876646,-6.5701314],[106.7877613,-6.5709359],[106.7877624,-6.5709496],[106.7877878,-6.5711883],[106.7878517,-6.5718208],[106.7878698,-6.571928],[106.7878717,-6.5720853],[106.7879083,-6.5723481],[106.7879583,-6.5725762],[106.7879985,-6.5728107],[106.7880133,-6.5729958],[106.7880257,-6.5730518],[106.788026,-6.5732756],[106.7880056,-6.5737349],[106.7879971,-6.5740005],[106.7879949,-6.5740697],[106.7879945,-6.5740836],[106.787979,-6.5742981],[106.787965,-6.5750596],[106.7879269,-6.5760875],[106.7879237,-6.576176],[106.7879015,-6.5773241],[106.7878867,-6.5780416],[106.7878771,-6.578513],[106.7878755,-6.5785672],[106.787874,-6.5786178],[106.7878582,-6.5791647],[106.7878533,-6.5795761],[106.7878433,-6.5799302],[106.7878014,-6.5813634],[106.7877725,-6.5819134],[106.7877736,-6.5820116],[106.7877642,-6.5827796],[106.7877636,-6.5828244],[106.7877616,-6.5829744],[106.7877419,-6.5834698],[106.7877319,-6.5840014],[106.7877282,-6.5841951],[106.7877244,-6.5844348],[106.7877137,-6.5849622],[106.7877105,-6.5851288],[106.7877066,-6.5852634],[106.7876959,-6.585636],[106.7876795,-6.5857925],[106.7876646,-6.5860241],[106.7876617,-6.5863208],[106.7876659,-6.5866822],[106.7876786,-6.5868921],[106.7876905,-6.5870811],[106.7877013,-6.5872322],[106.7877182,-6.5874849],[106.7877215,-6.5875345],[106.7877381,-6.5877832],[106.7877477,-6.5879273],[106.7877785,-6.5889831],[106.7877759,-6.5890357],[106.7877806,-6.5892931],[106.7877799,-6.5894374],[106.7877787,-6.5895629],[106.7877772,-6.5896172],[106.7877718,-6.5897776],[106.7877737,-6.5900282],[106.7877759,-6.5903153],[106.7887764,-6.5903462],[106.7894409,-6.5903959],[106.7895911,-6.5904157],[106.7897949,-6.5904512],[106.7899381,-6.5904775],[106.7900164,-6.5904931],[106.790199,-6.5905296],[106.7903904,-6.5905678],[106.7905379,-6.5905924],[106.7906243,-6.5906069],[106.7906166,-6.5906435],[106.7905292,-6.5910589],[106.790444,-6.5914637],[106.7904423,-6.5914718],[106.7904251,-6.5915534],[106.7903981,-6.5916815],[106.7903876,-6.5917315],[106.7903793,-6.5917654],[106.7902407,-6.5923326],[106.7902106,-6.5924555],[106.7900281,-6.5933698],[106.7899868,-6.5935945],[106.789927,-6.5939204],[106.7899222,-6.5939431],[106.7898165,-6.5944455],[106.7896011,-6.5954824],[106.78958,-6.5955823],[106.7896269,-6.5957108],[106.7897767,-6.5958335],[106.7898403,-6.5958486],[106.7899681,-6.5958788],[106.7900398,-6.5958957],[106.7900558,-6.5958995],[106.7905077,-6.5960063],[106.790561,-6.5960184],[106.7906135,-6.59603],[106.791057,-6.5961231],[106.7911277,-6.5961377],[106.7915712,-6.5962295],[106.7915786,-6.5962043],[106.7915835,-6.5961818],[106.7916224,-6.5960007],[106.7916851,-6.5957088],[106.7917123,-6.5955819],[106.7917686,-6.5953199],[106.7919297,-6.5945702],[106.7919308,-6.5945649],[106.7920163,-6.5941669],[106.7920393,-6.59406],[106.7920993,-6.593784],[106.7922356,-6.5931567],[106.7923195,-6.5927558],[106.7923621,-6.5925535],[106.7924844,-6.591988]]]}},
{"type":"Feature","properties":{"FID":null,"Keterangan":null,"Nama":null,"id":"relation/20397717","@id":"relation/20397717","colour":"#04ff00","colour:back":null,"from":"Pasar Anyar","name":"Pasar Anyar–Cimanggu","network":"Angkutan Kota Bogor","old_ref":null,"operator":null,"ref":"12","roundtrip":null,"route":"bus","to":"Cimanggu Taman","type":"route","via":"Cimanggu Taman","layer":"angkot-kota-bogor","path":"C:/Users/Dzaka/Desktop/kuliah_smster_5/sig/tugas Akhir/frontend/public/rute/angkot-kota-bogor.geojson|geometrytype=MultiLineString"},"geometry":{"type":"MultiLineString","coordinates":[[[106.7773427,-6.5564946],[106.7774682,-6.5567905],[106.7776172,-6.5570806],[106.7779269,-6.5576905],[106.7779829,-6.5578052],[106.7779881,-6.5578119],[106.778103,-6.5579984],[106.7782655,-6.5582389],[106.7783754,-6.5583944],[106.7784706,-6.5585277],[106.7787604,-6.5589186],[106.7788561,-6.5590359],[106.7789085,-6.5591199],[106.7791138,-6.5593949],[106.779158,-6.5594502],[106.7794263,-6.5598273],[106.7797226,-6.5602603],[106.7797823,-6.5603521],[106.7803157,-6.5610479],[106.7806909,-6.561592],[106.7807165,-6.5616312],[106.780884,-6.5618649],[106.7809846,-6.5620343],[106.7813467,-6.5626179],[106.7815975,-6.5630042],[106.7819394,-6.5635145],[106.7820769,-6.563707],[106.7821312,-6.563795],[106.7823351,-6.5641007],[106.7825462,-6.5643832],[106.7828173,-6.5647459],[106.783136,-6.5651725],[106.7833402,-6.5654457],[106.7833831,-6.565503],[106.7834536,-6.5655876],[106.7837737,-6.5660221],[106.7838559,-6.5661338],[106.7839967,-6.5663337],[106.7841,-6.5664936],[106.7841724,-6.5666055],[106.7842676,-6.56674],[106.7845238,-6.5671051],[106.7847088,-6.5673422],[106.7848993,-6.5675901],[106.7850186,-6.5677286],[106.7851125,-6.5678472],[106.7852077,-6.5679618],[106.7853243,-6.5681243],[106.7853927,-6.5682078],[106.7860593,-6.5691262],[106.786121,-6.5692308],[106.7861626,-6.56932],[106.7861813,-6.5693973],[106.7861524,-6.5698678],[106.7862308,-6.5698784],[106.7864277,-6.5699121],[106.7865641,-6.5699293],[106.7866629,-6.5699444],[106.7876646,-6.5701314],[106.7877613,-6.5709359],[106.7877624,-6.5709496],[106.7877878,-6.5711883],[106.7878517,-6.5718208],[106.7878698,-6.571928],[106.7878717,-6.5720853],[106.7879083,-6.5723481],[106.7879583,-6.5725762],[106.7879985,-6.5728107],[106.7880133,-6.5729958],[106.7880257,-6.5730518],[106.788026,-6.5732756],[106.7880056,-6.5737349],[106.7879971,-6.5740005],[106.7879949,-6.5740697],[106.7879945,-6.5740836],[106.787979,-6.5742981],[106.787965,-6.5750596],[106.7879269,-6.5760875],[106.7879237,-6.576176],[106.7879015,-6.5773241],[106.7878867,-6.5780416],[106.7878771,-6.578513],[106.7878755,-6.5785672],[106.787874,-6.5786178],[106.7878582,-6.5791647],[106.7878533,-6.5795761],[106.7878433,-6.5799302],[106.7878014,-6.5813634],[106.7877725,-6.5819134],[106.7877736,-6.5820116],[106.7877642,-6.5827796],[106.7877636,-6.5828244],[106.7883509,-6.5828457],[106.7889869,-6.5828707],[106.7901507,-6.582905],[106.7902918,-6.5829073],[106.7903404,-6.5829061],[106.7903749,-6.5829053],[106.7905818,-6.5829112],[106.7906325,-6.5829126],[106.7908001,-6.5829246],[106.7909597,-6.5829579],[106.7910462,-6.5829766],[106.7911553,-6.5830197],[106.7912765,-6.5830806],[106.7912896,-6.5830872],[106.7913875,-6.5831245],[106.7914641,-6.5831373],[106.7915161,-6.5831388],[106.7915331,-6.5831407],[106.791586,-6.5831465],[106.7916416,-6.5831504],[106.7917212,-6.583153],[106.7920353,-6.5831631],[106.7921483,-6.5831637],[106.792181,-6.5831619],[106.7922405,-6.5831491],[106.7924201,-6.5831078],[106.7926146,-6.5830359],[106.7927407,-6.5829693],[106.7928949,-6.582876],[106.7930451,-6.5827401],[106.7931215,-6.5826509],[106.7931752,-6.5825429],[106.7931886,-6.5824537],[106.7931966,-6.5822445],[106.7932127,-6.5821552],[106.7932409,-6.582098],[106.7933455,-6.5819927],[106.7934622,-6.5819301],[106.7937492,-6.5818275],[106.7941529,-6.5817209],[106.7946276,-6.581631],[106.7946857,-6.5816195],[106.7947383,-6.5816092],[106.7949079,-6.5815714],[106.7950984,-6.5815329],[106.7953632,-6.5814795],[106.7956818,-6.5814151],[106.7958897,-6.5813731],[106.7959835,-6.5813542],[106.796076,-6.5813355],[106.7962047,-6.5813095],[106.7962768,-6.5812949],[106.7964099,-6.5812681],[106.7964582,-6.5812583],[106.7965625,-6.5812919],[106.7966255,-6.5813376],[106.7966967,-6.5814162],[106.7967883,-6.581664],[106.7967907,-6.5817381],[106.7968063,-6.5822145],[106.7968187,-6.5825935],[106.7968466,-6.5834472],[106.7968486,-6.5835075],[106.7968517,-6.5836021],[106.7968866,-6.5846718],[106.7968877,-6.5847047],[106.7968943,-6.5849072],[106.7969017,-6.5851326],[106.7969047,-6.5852239],[106.7969106,-6.5854067],[106.7969203,-6.5857039],[106.7969481,-6.5865537],[106.7969522,-6.5866793],[106.796958,-6.5868557],[106.7969632,-6.587014],[106.7969681,-6.587166],[106.7969782,-6.5874751],[106.7969787,-6.5874896],[106.7969839,-6.5876498],[106.7969909,-6.5878638],[106.7969965,-6.5880353],[106.7970014,-6.5881837],[106.7970031,-6.5882369],[106.7970075,-6.5883711],[106.7970163,-6.5886389],[106.7970179,-6.5886874],[106.7970369,-6.5892709],[106.7970431,-6.5894601],[106.7970458,-6.5895413],[106.7970591,-6.5899501],[106.7970615,-6.5900234],[106.7970648,-6.5901243],[106.7970806,-6.5906077],[106.7970817,-6.5906405],[106.7970922,-6.5909622],[106.7971064,-6.5913976],[106.797111,-6.5915363],[106.7971139,-6.5916262],[106.7971212,-6.5918487],[106.7970489,-6.5918507],[106.796981,-6.5918524],[106.7969189,-6.5918537],[106.7969085,-6.591854],[106.7961539,-6.591877],[106.7956191,-6.5918933],[106.7950918,-6.5919094],[106.79498,-6.5919128],[106.7946008,-6.5919244],[106.7943479,-6.5919321],[106.7941443,-6.5919383],[106.7938075,-6.5919486],[106.7926309,-6.5919909],[106.7924844,-6.591988]]]}},
{"type":"Feature","properties":{"FID":null,"Keterangan":null,"Nama":null,"id":"relation/21114877","@id":"relation/21114877","colour":"#260de3","colour:back":null,"from":"Pasar Ciampea Lama","name":"Ciampea–Terminal Laladon","network":null,"old_ref":null,"operator":"Kabupaten Bogor","ref":"05 Ciampea","roundtrip":null,"route":"bus","to":"Terminal Laladon","type":"route","via":null,"layer":"angkot-kota-bogor","path":"C:/Users/Dzaka/Desktop/kuliah_smster_5/sig/tugas Akhir/frontend/public/rute/angkot-kota-bogor.geojson|geometrytype=MultiLineString"},"geometry":{"type":"MultiLineString","coordinates":[[[106.6967244,-6.5394372],[106.6966931,-6.5395268],[106.6966257,-6.5397045],[106.6964096,-6.5401123],[106.6962508,-6.5403925],[106.6960159,-6.5407693],[106.6959001,-6.5409235],[106.6958585,-6.5409801],[106.6957064,-6.5412117],[106.6956782,-6.5412628],[106.6954165,-6.5417603],[106.6953819,-6.5418156],[106.6952585,-6.5420511],[106.6951939,-6.5421712],[106.6950801,-6.5423403],[106.6949473,-6.5425121],[106.6948132,-6.542672],[106.6947314,-6.5427653],[106.6946067,-6.5428852],[106.6944887,-6.5429811],[106.6943921,-6.5430771],[106.6943371,-6.543149],[106.6942882,-6.5432183],[106.6942245,-6.5433262],[106.6936746,-6.5441949],[106.692984,-6.5452075],[106.6925615,-6.5457938],[106.6923523,-6.5460735],[106.6922748,-6.5461747],[106.6922075,-6.5462627],[106.6920733,-6.5463986],[106.6920279,-6.5464416],[106.691502,-6.5469396],[106.6914216,-6.5470355],[106.6913762,-6.5471133],[106.6913546,-6.5471848],[106.6913412,-6.547262],[106.6913478,-6.5473419],[106.6913693,-6.5474199],[106.6914055,-6.5475365],[106.6915154,-6.5476884],[106.6918057,-6.5479636],[106.6920888,-6.5482699],[106.6924167,-6.5486024],[106.6932294,-6.5493378],[106.6939401,-6.5498768],[106.6940592,-6.5499721],[106.694148,-6.550056],[106.694236,-6.5501587],[106.6942901,-6.5502478],[106.6943237,-6.5503198],[106.6943479,-6.5503918],[106.6943727,-6.550481],[106.694363,-6.5505603],[106.6943338,-6.5507548],[106.694323,-6.5508267],[106.6943378,-6.550946],[106.6944391,-6.5512084],[106.694541,-6.551395],[106.6946375,-6.5516215],[106.6947703,-6.5521064],[106.6948427,-6.5524515],[106.6951096,-6.5528845],[106.6953688,-6.5533535],[106.6955897,-6.5537532],[106.6958209,-6.5541283],[106.695884,-6.5542582],[106.6961873,-6.5543011],[106.6965982,-6.5543887],[106.6968852,-6.5544607],[106.6969999,-6.554484],[106.6970998,-6.554516],[106.6975128,-6.5546406],[106.6977408,-6.5546899],[106.6983806,-6.5547784],[106.6992831,-6.5548884],[106.7000999,-6.5549989],[106.7001412,-6.5550014],[106.7003909,-6.5550163],[106.7006779,-6.5550616],[106.7009756,-6.5551362],[106.7012369,-6.5552198],[106.7014398,-6.5553108],[106.7016529,-6.5554118],[106.7018786,-6.5555147],[106.7024428,-6.5557784],[106.7027472,-6.5558983],[106.703061,-6.5560076],[106.7031468,-6.5560408],[106.7039318,-6.5562577],[106.7041407,-6.5563249],[106.7042499,-6.5563566],[106.7044973,-6.5564332],[106.7049426,-6.5565711],[106.7054522,-6.5567283],[106.7059009,-6.5568959],[106.7062783,-6.5570514],[106.7064748,-6.557134],[106.7066377,-6.5571933],[106.7068563,-6.5572573],[106.706943,-6.5572759],[106.7072655,-6.5573452],[106.7075343,-6.5574025],[106.7078371,-6.5574708],[106.7081522,-6.5575418],[106.7082346,-6.5575655],[106.7086142,-6.5576682],[106.7086968,-6.557692],[106.7091271,-6.5578056],[106.709331,-6.5578499],[106.7095998,-6.557925],[106.7100484,-6.5580476],[106.7104813,-6.5581912],[106.7106946,-6.5582738],[106.7108366,-6.5583206],[106.7111761,-6.5584597],[106.7113491,-6.5585536],[106.7115057,-6.5586485],[106.7117821,-6.5588467],[106.7118398,-6.5588803],[106.7123048,-6.5591762],[106.7124923,-6.5592979],[106.7128263,-6.5595209],[106.7131636,-6.5597381],[106.7134412,-6.5599006],[106.7136784,-6.5600355],[106.7140719,-6.5603438],[106.7141257,-6.5603889],[106.7144735,-6.5607021],[106.7145648,-6.5607791],[106.7145913,-6.5608028],[106.7149472,-6.5611119],[106.7150837,-6.5612563],[106.7152237,-6.5613713],[106.7157415,-6.5617967],[106.7158858,-6.5619199],[106.7160269,-6.5620403],[106.7161274,-6.5621251],[106.7162451,-6.5622265],[106.7163257,-6.5622843],[106.7164151,-6.5623334],[106.7164585,-6.5623522],[106.7166995,-6.5624562],[106.7167269,-6.562468],[106.7169602,-6.5625556],[106.7171045,-6.5626098],[106.7173786,-6.5627351],[106.7175758,-6.5628144],[106.7178423,-6.5629123],[106.7179189,-6.5629318],[106.7181317,-6.5629723],[106.7183241,-6.5629929],[106.7185856,-6.5629956],[106.718827,-6.5629783],[106.7192032,-6.5629276],[106.7194788,-6.5628797],[106.7196693,-6.5628435],[106.7197664,-6.5628347],[106.7198534,-6.5628268],[106.7201208,-6.5628104],[106.720328,-6.562802],[106.7203366,-6.5628017],[106.7204795,-6.5628035],[106.7205571,-6.5628044],[106.7208897,-6.5628204],[106.721104,-6.5628382],[106.7211899,-6.562845],[106.7213514,-6.5628633],[106.7214959,-6.562876],[106.7221438,-6.5629456],[106.7223072,-6.5629656],[106.7225147,-6.5629726],[106.7226723,-6.5629807],[106.7229861,-6.5629877],[106.7230603,-6.5629888],[106.7231775,-6.5629906],[106.7233174,-6.5629928],[106.723372,-6.5629936],[106.7238079,-6.5630149],[106.7243007,-6.5630676],[106.7244624,-6.5630846],[106.7245497,-6.5630906],[106.7248311,-6.5631102],[106.7251651,-6.5631354],[106.7253609,-6.5631328],[106.7255446,-6.5631301],[106.7258531,-6.5631048],[106.7266084,-6.5630626],[106.726987,-6.5630202],[106.7271338,-6.5630036],[106.7273142,-6.5629796],[106.7275053,-6.5629316],[106.7277169,-6.5628658],[106.727918,-6.5627943],[106.7280292,-6.5627048],[106.728156,-6.5626355],[106.7282418,-6.5625921],[106.728338,-6.5625512],[106.7285607,-6.5624526],[106.728646,-6.5624117],[106.7287289,-6.5623897],[106.7287504,-6.5623721],[106.7288536,-6.5622727],[106.728867,-6.5622597],[106.7290512,-6.5620446],[106.7291898,-6.5618851],[106.7292283,-6.5618495],[106.7293272,-6.5617459],[106.7295136,-6.5616014],[106.7297429,-6.5614441],[106.7298267,-6.5613951],[106.7299146,-6.5613542],[106.7300266,-6.5613076],[106.7300863,-6.5612876],[106.7301467,-6.5612742],[106.730183,-6.5612707],[106.7302555,-6.5612743],[106.7303156,-6.5612833],[106.7304324,-6.5613039],[106.7306017,-6.561348],[106.730683,-6.5613913],[106.7307147,-6.5614083],[106.7308267,-6.561466],[106.7309647,-6.561555],[106.7310956,-6.5616508],[106.7312312,-6.561779],[106.7317607,-6.5622228],[106.7318753,-6.5623208],[106.7319255,-6.5623577],[106.7319452,-6.5623735],[106.732613,-6.5629102],[106.7326783,-6.5629657],[106.7335111,-6.5636803],[106.7335852,-6.5637423],[106.733775,-6.5639082],[106.7340352,-6.56414],[106.7343604,-6.5644711],[106.7347201,-6.5648157],[106.7348392,-6.5649309],[106.7354664,-6.5655495],[106.7355785,-6.5656649],[106.7363647,-6.5664543],[106.7365001,-6.5665818],[106.7365289,-6.5666135],[106.7365789,-6.5666571],[106.7366571,-6.5667353],[106.7369782,-6.5670565],[106.7371143,-6.5671984],[106.737229,-6.5673249],[106.7373239,-6.5674187],[106.7374887,-6.5676803],[106.7379619,-6.5683848],[106.7380529,-6.5685149],[106.7381554,-6.5686616],[106.7382114,-6.5687445],[106.7382529,-6.5688084],[106.738289,-6.5688565],[106.7384506,-6.5690909],[106.7385393,-6.5692148],[106.7386432,-6.5693734],[106.7389181,-6.5697804],[106.7389433,-6.5698179],[106.7390328,-6.5699509],[106.7391106,-6.5700615],[106.739464,-6.5705591],[106.7395578,-6.5707316],[106.7396142,-6.5708642],[106.7396356,-6.5709248],[106.7397054,-6.571098],[106.7397328,-6.5711966],[106.7398167,-6.5714277],[106.7398938,-6.5715996],[106.7399742,-6.5717242],[106.7400936,-6.5718447],[106.7402076,-6.571928],[106.7403658,-6.5720219],[106.7404439,-6.5720629],[106.7404852,-6.5720846],[106.7406225,-6.5721276],[106.7406508,-6.5721365],[106.7407234,-6.5721573],[106.7410273,-6.5722441],[106.7411054,-6.5722681],[106.741654,-6.5724367],[106.7418149,-6.5724862],[106.742061,-6.5725575],[106.7421171,-6.5725732],[106.7422447,-6.5726088],[106.7424865,-6.5726477],[106.7426187,-6.5726559],[106.7426986,-6.5726562],[106.7429612,-6.5726624],[106.7430145,-6.5726634],[106.7432807,-6.5726888],[106.7433994,-6.5726914],[106.7436142,-6.5726964],[106.743834,-6.5727047],[106.743907,-6.5727088],[106.7439206,-6.5727093],[106.7439895,-6.5727121],[106.7440757,-6.5727095],[106.7441175,-6.5727154],[106.7445916,-6.5727121],[106.7447714,-6.5727141],[106.7448525,-6.5727154],[106.7449722,-6.5727207],[106.7452274,-6.5727281],[106.7453594,-6.5727341],[106.7456287,-6.5727491],[106.7459455,-6.5727627],[106.7461856,-6.5727727],[106.746436,-6.5727787],[106.7467944,-6.572765],[106.7468093,-6.572764],[106.7468213,-6.572764],[106.7469487,-6.57274],[106.7471532,-6.5726927],[106.7474096,-6.5726238],[106.7483166,-6.5724286],[106.7489715,-6.5722851],[106.7491946,-6.5722496],[106.7492292,-6.5722464],[106.7492469,-6.572248],[106.7492757,-6.5722484],[106.7493633,-6.5722441],[106.7494036,-6.5722518],[106.7494448,-6.5722598],[106.749547,-6.5722937],[106.7496,-6.5722941],[106.7496305,-6.5722901],[106.7496513,-6.5722811],[106.7497754,-6.5721918],[106.7498261,-6.5721594],[106.7501287,-6.5719944],[106.7502253,-6.5719368],[106.7503312,-6.571852],[106.7504825,-6.5717296],[106.7505871,-6.5716669],[106.7506816,-6.5716063],[106.7507728,-6.5715723],[106.7508975,-6.5715303],[106.7511604,-6.571501],[106.7512044,-6.5714986],[106.7512124,-6.5714979],[106.7514561,-6.5714777],[106.7515889,-6.5714644],[106.7517285,-6.5714189],[106.7518839,-6.5713398],[106.7519232,-6.5714084],[106.7518522,-6.571443],[106.7518161,-6.5714606],[106.7517257,-6.5715027],[106.7516308,-6.5715322],[106.7515608,-6.5715449],[106.7514786,-6.5715539],[106.7512137,-6.5715701],[106.7512094,-6.5715702],[106.7511457,-6.5715729],[106.751041,-6.5715843],[106.7509478,-6.5716003],[106.7508191,-6.5716336],[106.7507118,-6.5716789],[106.7506286,-6.5717255],[106.7505201,-6.5717848],[106.7503663,-6.5719133],[106.7503008,-6.5719638],[106.750272,-6.571986],[106.7501777,-6.5720472],[106.7500121,-6.5721332],[106.7498679,-6.5722119],[106.7498152,-6.5722483],[106.7497698,-6.5723082],[106.7497601,-6.5723347],[106.749761,-6.5723683],[106.7497613,-6.5723878],[106.7497668,-6.5724075],[106.7497842,-6.5724436],[106.7503135,-6.5728073],[106.7506756,-6.5730285],[106.7510796,-6.573262],[106.7511179,-6.573284],[106.7511302,-6.5732903],[106.7512415,-6.5733163],[106.7513243,-6.5733507],[106.7513708,-6.573358],[106.7514075,-6.5733579],[106.751442,-6.5733526],[106.7515159,-6.5733366],[106.7515305,-6.5733319],[106.7516179,-6.573305],[106.7517537,-6.5732739],[106.751849,-6.573222],[106.7519523,-6.5731613],[106.7522368,-6.5729811],[106.7523324,-6.5729257],[106.7525933,-6.5727468],[106.7526353,-6.5727165],[106.7528577,-6.5725656],[106.7533064,-6.5722495],[106.7539462,-6.5718353],[106.754535,-6.571481],[106.7547327,-6.5713617],[106.7550244,-6.5711758],[106.7551325,-6.5711078],[106.7551782,-6.571079],[106.7551991,-6.5710816],[106.7552184,-6.5710867],[106.7552341,-6.5711044],[106.7552412,-6.571119],[106.755244,-6.5711536],[106.7549473,-6.5713375],[106.7548311,-6.5714164],[106.7545715,-6.5715703],[106.7540967,-6.5718714],[106.7538607,-6.5720215],[106.7535355,-6.5722284],[106.7534597,-6.5722757],[106.7533712,-6.572331],[106.7532981,-6.5723743],[106.7532304,-6.572417],[106.7531144,-6.5724836],[106.7526839,-6.5727613],[106.7526374,-6.5727879],[106.7523665,-6.5729866],[106.7522445,-6.5730688],[106.751966,-6.5732465],[106.7518777,-6.5732967],[106.7517545,-6.5734035],[106.7516231,-6.5734947],[106.7515996,-6.5735111],[106.7515721,-6.573532],[106.7515379,-6.5735803],[106.7515178,-6.5736207],[106.7515034,-6.5736513],[106.7516137,-6.5738192],[106.7521185,-6.5745258],[106.7522997,-6.5747895],[106.7523191,-6.5748177],[106.752525,-6.5751222],[106.7529062,-6.5756911],[106.7530225,-6.5758816],[106.7530889,-6.5760935],[106.7530922,-6.5761241],[106.7530922,-6.5761547],[106.7529849,-6.5764058],[106.7529615,-6.5764425],[106.7529401,-6.5764598],[106.7528435,-6.5764664],[106.7527979,-6.5764684],[106.7527449,-6.5764704],[106.7526678,-6.5764844],[106.7525726,-6.5765018],[106.7525525,-6.5765117],[106.7525444,-6.5765351],[106.7525434,-6.576563],[106.7525799,-6.5766854],[106.7525934,-6.5767309],[106.7526309,-6.5768015],[106.7526388,-6.5768121],[106.7526801,-6.5768827]]]}},
{"type":"Feature","properties":{"FID":null,"Keterangan":null,"Nama":null,"id":"relation/21114878","@id":"relation/21114878","colour":"#260de3","colour:back":null,"from":"Terminal Laladon","name":"Terminal Laladon–Ciampea","network":null,"old_ref":null,"operator":"Kabupaten Bogor","ref":"05 Ciampea","roundtrip":null,"route":"bus","to":"Pasar Ciampea Lama","type":"route","via":null,"layer":"angkot-kota-bogor","path":"C:/Users/Dzaka/Desktop/kuliah_smster_5/sig/tugas Akhir/frontend/public/rute/angkot-kota-bogor.geojson|geometrytype=MultiLineString"},"geometry":{"type":"MultiLineString","coordinates":[[[106.7526801,-6.5768827],[106.7527844,-6.5768665],[106.7528844,-6.5768481],[106.7529265,-6.5768292],[106.7530002,-6.5767962],[106.7530091,-6.5767922],[106.7530842,-6.5767449],[106.7531392,-6.5766956],[106.7531701,-6.5766263],[106.7531955,-6.5765504],[106.7532183,-6.5764525],[106.7532351,-6.5764072],[106.753333,-6.5761529],[106.7531714,-6.5760507],[106.7530856,-6.5759655],[106.7530225,-6.5758816],[106.7529062,-6.5756911],[106.752525,-6.5751222],[106.7523191,-6.5748177],[106.7522997,-6.5747895],[106.7521185,-6.5745258],[106.7516137,-6.5738192],[106.7515034,-6.5736513],[106.7514364,-6.5735523],[106.7514023,-6.573503],[106.7513847,-6.5734774],[106.75131,-6.5734171],[106.7512516,-6.5733731],[106.7511302,-6.5732903],[106.7511179,-6.573284],[106.7510796,-6.573262],[106.7506756,-6.5730285],[106.7503135,-6.5728073],[106.7497842,-6.5724436],[106.7496167,-6.5723693],[106.7494881,-6.5723197],[106.7494877,-6.5723196],[106.7493799,-6.5722826],[106.7493334,-6.5722702],[106.7492757,-6.5722484],[106.7492469,-6.572248],[106.7492292,-6.5722464],[106.7491946,-6.5722496],[106.7489715,-6.5722851],[106.7483166,-6.5724286],[106.7474096,-6.5726238],[106.7471532,-6.5726927],[106.7469487,-6.57274],[106.7468213,-6.572764],[106.7468093,-6.572764],[106.7467944,-6.572765],[106.746436,-6.5727787],[106.7461856,-6.5727727],[106.7459455,-6.5727627],[106.7456287,-6.5727491],[106.7453594,-6.5727341],[106.7452274,-6.5727281],[106.7449722,-6.5727207],[106.7448525,-6.5727154],[106.7447714,-6.5727141],[106.7445916,-6.5727121],[106.7441175,-6.5727154],[106.7440757,-6.5727095],[106.7439895,-6.5727121],[106.7439206,-6.5727093],[106.743907,-6.5727088],[106.743834,-6.5727047],[106.7436142,-6.5726964],[106.7433994,-6.5726914],[106.7432807,-6.5726888],[106.7430145,-6.5726634],[106.7429612,-6.5726624],[106.7426986,-6.5726562],[106.7426187,-6.5726559],[106.7424865,-6.5726477],[106.7422447,-6.5726088],[106.7421171,-6.5725732],[106.742061,-6.5725575],[106.7418149,-6.5724862],[106.741654,-6.5724367],[106.7411054,-6.5722681],[106.7410273,-6.5722441],[106.7407234,-6.5721573],[106.7406508,-6.5721365],[106.7406225,-6.5721276],[106.7404852,-6.5720846],[106.7404439,-6.5720629],[106.7403658,-6.5720219],[106.7402076,-6.571928],[106.7400936,-6.5718447],[106.7399742,-6.5717242],[106.7398938,-6.5715996],[106.7398167,-6.5714277],[106.7397328,-6.5711966],[106.7397054,-6.571098],[106.7396356,-6.5709248],[106.7396142,-6.5708642],[106.7395578,-6.5707316],[106.739464,-6.5705591],[106.7391106,-6.5700615],[106.7390328,-6.5699509],[106.7389433,-6.5698179],[106.7389181,-6.5697804],[106.7386432,-6.5693734],[106.7385393,-6.5692148],[106.7384506,-6.5690909],[106.738289,-6.5688565],[106.7382529,-6.5688084],[106.7382114,-6.5687445],[106.7381554,-6.5686616],[106.7380529,-6.5685149],[106.7379619,-6.5683848],[106.7374887,-6.5676803],[106.7373239,-6.5674187],[106.737229,-6.5673249],[106.7371143,-6.5671984],[106.7369782,-6.5670565],[106.7366571,-6.5667353],[106.7365789,-6.5666571],[106.7365289,-6.5666135],[106.7365001,-6.5665818],[106.7363647,-6.5664543],[106.7355785,-6.5656649],[106.7354664,-6.5655495],[106.7348392,-6.5649309],[106.7347201,-6.5648157],[106.7343604,-6.5644711],[106.7340352,-6.56414],[106.733775,-6.5639082],[106.7335852,-6.5637423],[106.7335111,-6.5636803],[106.7326783,-6.5629657],[106.732613,-6.5629102],[106.7319452,-6.5623735],[106.7319255,-6.5623577],[106.7318753,-6.5623208],[106.7317607,-6.5622228],[106.7312312,-6.561779],[106.7310956,-6.5616508],[106.7309647,-6.561555],[106.7308267,-6.561466],[106.7307147,-6.5614083],[106.730683,-6.5613913],[106.7306017,-6.561348],[106.7304324,-6.5613039],[106.7303156,-6.5612833],[106.7302555,-6.5612743],[106.730183,-6.5612707],[106.7301467,-6.5612742],[106.7300863,-6.5612876],[106.7300266,-6.5613076],[106.7299146,-6.5613542],[106.7298267,-6.5613951],[106.7297429,-6.5614441],[106.7295136,-6.5616014],[106.7293272,-6.5617459],[106.7292283,-6.5618495],[106.7291898,-6.5618851],[106.7290512,-6.5620446],[106.728867,-6.5622597],[106.7288536,-6.5622727],[106.7287504,-6.5623721],[106.7287289,-6.5623897],[106.7286929,-6.562464],[106.7286887,-6.5624727],[106.7286293,-6.5625232],[106.7284803,-6.5625857],[106.728278,-6.5626682],[106.7281804,-6.5627077],[106.7280281,-6.5627658],[106.727918,-6.5627943],[106.7277169,-6.5628658],[106.7275053,-6.5629316],[106.7273142,-6.5629796],[106.7271338,-6.5630036],[106.726987,-6.5630202],[106.7266084,-6.5630626],[106.7258531,-6.5631048],[106.7255446,-6.5631301],[106.7253609,-6.5631328],[106.7251651,-6.5631354],[106.7248311,-6.5631102],[106.7245497,-6.5630906],[106.7244624,-6.5630846],[106.7243007,-6.5630676],[106.7238079,-6.5630149],[106.723372,-6.5629936],[106.7233174,-6.5629928],[106.7231775,-6.5629906],[106.7230603,-6.5629888],[106.7229861,-6.5629877],[106.7226723,-6.5629807],[106.7225147,-6.5629726],[106.7223072,-6.5629656],[106.7221438,-6.5629456],[106.7214959,-6.562876],[106.7213514,-6.5628633],[106.7211899,-6.562845],[106.721104,-6.5628382],[106.7208897,-6.5628204],[106.7205571,-6.5628044],[106.7204795,-6.5628035],[106.7203366,-6.5628017],[106.720328,-6.562802],[106.7201208,-6.5628104],[106.7198534,-6.5628268],[106.7197664,-6.5628347],[106.7196693,-6.5628435],[106.7194788,-6.5628797],[106.7192032,-6.5629276],[106.718827,-6.5629783],[106.7185856,-6.5629956],[106.7183241,-6.5629929],[106.7181317,-6.5629723],[106.7179189,-6.5629318],[106.7178423,-6.5629123],[106.7175758,-6.5628144],[106.7173786,-6.5627351],[106.7171045,-6.5626098],[106.7169602,-6.5625556],[106.7167269,-6.562468],[106.7166995,-6.5624562],[106.7164585,-6.5623522],[106.7164151,-6.5623334],[106.7163257,-6.5622843],[106.7162451,-6.5622265],[106.7161274,-6.5621251],[106.7160269,-6.5620403],[106.7158858,-6.5619199],[106.7157415,-6.5617967],[106.7152237,-6.5613713],[106.7150837,-6.5612563],[106.7149472,-6.5611119],[106.7145913,-6.5608028],[106.7145648,-6.5607791],[106.7144735,-6.5607021],[106.7141257,-6.5603889],[106.7140719,-6.5603438],[106.7136784,-6.5600355],[106.7134412,-6.5599006],[106.7131636,-6.5597381],[106.7128263,-6.5595209],[106.7124923,-6.5592979],[106.7123048,-6.5591762],[106.7118398,-6.5588803],[106.7117821,-6.5588467],[106.7115057,-6.5586485],[106.7113491,-6.5585536],[106.7111761,-6.5584597],[106.7108366,-6.5583206],[106.7106946,-6.5582738],[106.7104813,-6.5581912],[106.7100484,-6.5580476],[106.7095998,-6.557925],[106.709331,-6.5578499],[106.7091271,-6.5578056],[106.7086968,-6.557692],[106.7086142,-6.5576682],[106.7082346,-6.5575655],[106.7081522,-6.5575418],[106.7078371,-6.5574708],[106.7075343,-6.5574025],[106.7072655,-6.5573452],[106.706943,-6.5572759],[106.7068563,-6.5572573],[106.7066377,-6.5571933],[106.7064748,-6.557134],[106.7062783,-6.5570514],[106.7059009,-6.5568959],[106.7054522,-6.5567283],[106.7049426,-6.5565711],[106.7044973,-6.5564332],[106.7042499,-6.5563566],[106.7041407,-6.5563249],[106.7039318,-6.5562577],[106.7031468,-6.5560408],[106.703061,-6.5560076],[106.7027472,-6.5558983],[106.7024428,-6.5557784],[106.7018786,-6.5555147],[106.7016529,-6.5554118],[106.7014398,-6.5553108],[106.7012369,-6.5552198],[106.7009756,-6.5551362],[106.7006779,-6.5550616],[106.7003909,-6.5550163],[106.7001412,-6.5550014],[106.7000999,-6.5549989],[106.6992831,-6.5548884],[106.6983806,-6.5547784],[106.6977408,-6.5546899],[106.6975128,-6.5546406],[106.6970998,-6.554516],[106.6969999,-6.554484],[106.6968852,-6.5544607],[106.6965982,-6.5543887],[106.6961873,-6.5543011],[106.695884,-6.5542582],[106.6958209,-6.5541283],[106.6955897,-6.5537532],[106.6953688,-6.5533535],[106.6951096,-6.5528845],[106.6948427,-6.5524515],[106.6947703,-6.5521064],[106.6946375,-6.5516215],[106.694541,-6.551395],[106.6944391,-6.5512084],[106.6943378,-6.550946],[106.694323,-6.5508267],[106.6943338,-6.5507548],[106.694363,-6.5505603],[106.6943727,-6.550481],[106.6943479,-6.5503918],[106.6943237,-6.5503198],[106.6942901,-6.5502478],[106.694236,-6.5501587],[106.694148,-6.550056],[106.6940592,-6.5499721],[106.6939401,-6.5498768],[106.6932294,-6.5493378],[106.6924167,-6.5486024],[106.6920888,-6.5482699],[106.6918057,-6.5479636],[106.6915154,-6.5476884],[106.6914055,-6.5475365],[106.6913693,-6.5474199],[106.6913478,-6.5473419],[106.6913412,-6.547262],[106.6913546,-6.5471848],[106.6913762,-6.5471133],[106.6914216,-6.5470355],[106.691502,-6.5469396],[106.6920279,-6.5464416],[106.6920733,-6.5463986],[106.6922075,-6.5462627],[106.6922748,-6.5461747],[106.6923523,-6.5460735],[106.6925615,-6.5457938],[106.692984,-6.5452075],[106.6936746,-6.5441949],[106.6942245,-6.5433262],[106.6942882,-6.5432183],[106.6943371,-6.543149],[106.6943921,-6.5430771],[106.6944887,-6.5429811],[106.6946067,-6.5428852],[106.6947314,-6.5427653],[106.6948132,-6.542672],[106.6949473,-6.5425121],[106.6950801,-6.5423403],[106.6951939,-6.5421712],[106.6952585,-6.5420511],[106.6953819,-6.5418156],[106.6954165,-6.5417603],[106.6956782,-6.5412628],[106.6957064,-6.5412117],[106.6958585,-6.5409801],[106.6959001,-6.5409235],[106.6960159,-6.5407693],[106.6962508,-6.5403925],[106.6964096,-6.5401123],[106.6966257,-6.5397045],[106.6966931,-6.5395268],[106.6967244,-6.5394372]]]}}
]
}
