{
  "type": "FeatureCollection",
  "generator": "overpass-turbo",
  "copyright": "The data included in this document is from www.openstreetmap.org. The data is made available under ODbL.",
  "timestamp": "2026-09-25T08:19:35Z",
  "features": [
    {
      "type": "Feature",
      "properties": {
        "@id": "relation/20237323",
        "colour": "#ff1900",
        "colour:back": "blue",
        "from": "Terminal Bubulak",
        "name": "Terminal Bubulak–Cidangiang",
        "network": "BisKita Trans Pakuan",
        "old_ref": "03",
        "operator": "BisKita Trans Pakuan",
        "ref": "K1",
        "route": "bus",
        "to": "Cidangiang",
        "type": "route",
        "via": "Sholeh Iskandar"
      },
      "geometry": {
        "type": "MultiLineString",
        "coordinates": [
          [
            [
              106.8047056,
              -6.5926847
            ],
            [
              106.8047422,
              -6.5926447
            ],
            [
              106.8047459,
              -6.5925854
            ],
            [
              106.8047667,
              -6.5921815
            ],
            [
              106.8047727,
              -6.5919816
            ],
            [
              106.8047753,
              -6.5915774
            ],
            [
              106.8047748,
              -6.5914531
            ],
            [
              106.8047771,
              -6.5913654
            ],
            [
              106.8047712,
              -6.5911701
            ],
            [
              106.804765,
              -6.5909628
            ],
            [
              106.80477,
              -6.5904549
            ],
            [
              106.8047788,
              -6.590293
            ],
            [
              106.8048043,
              -6.5899406
            ],
            [
              106.8048143,
              -6.5897821
            ],
            [
              106.804827,
              -6.5896929
            ],
            [
              106.8048519,
              -6.589517
            ],
            [
              106.8048672,
              -6.5894483
            ],
            [
              106.8049241,
              -6.5891933
            ],
            [
              106.804939,
              -6.5891266
            ],
            [
              106.8049503,
              -6.5890844
            ],
            [
              106.8049692,
              -6.5890142
            ],
            [
              106.805081,
              -6.5885983
            ],
            [
              106.8050902,
              -6.5885656
            ],
            [
              106.8051004,
              -6.5885292
            ],
            [
              106.8053511,
              -6.5876442
            ],
            [
              106.8055483,
              -6.58693
            ],
            [
              106.8055984,
              -6.5867406
            ],
            [
              106.805744,
              -6.5861899
            ],
            [
              106.8059583,
              -6.585088
            ],
            [
              106.8060311,
              -6.5847138
            ],
            [
              106.8062349,
              -6.5837226
            ],
            [
              106.8063791,
              -6.5830498
            ],
            [
              106.8064222,
              -6.5828395
            ],
            [
              106.8065346,
              -6.5822798
            ],
            [
              106.8066077,
              -6.5819101
            ],
            [
              106.8066265,
              -6.5818046
            ],
            [
              106.8066779,
              -6.5815127
            ],
            [
              106.8067214,
              -6.5812518
            ],
            [
              106.8067874,
              -6.5808829
            ],
            [
              106.8068028,
              -6.5808034
            ],
            [
              106.8068203,
              -6.5807083
            ],
            [
              106.8068679,
              -6.5804499
            ],
            [
              106.8068922,
              -6.5803362
            ],
            [
              106.8069449,
              -6.580069
            ],
            [
              106.8070205,
              -6.5796949
            ],
            [
              106.8070344,
              -6.5796241
            ],
            [
              106.8070436,
              -6.5795706
            ],
            [
              106.8070824,
              -6.5793748
            ],
            [
              106.8071113,
              -6.5791982
            ],
            [
              106.8071227,
              -6.579139
            ],
            [
              106.8071817,
              -6.5788872
            ],
            [
              106.8072256,
              -6.57861
            ],
            [
              106.8072407,
              -6.578528
            ],
            [
              106.8072541,
              -6.5784549
            ],
            [
              106.8072678,
              -6.5783812
            ],
            [
              106.807309,
              -6.5781579
            ],
            [
              106.8074349,
              -6.5774745
            ],
            [
              106.8074887,
              -6.5771827
            ],
            [
              106.8076202,
              -6.576555
            ],
            [
              106.8076498,
              -6.5764152
            ],
            [
              106.8076565,
              -6.5763838
            ],
            [
              106.8076779,
              -6.5762546
            ],
            [
              106.8077222,
              -6.5760028
            ],
            [
              106.807747,
              -6.5759068
            ],
            [
              106.8078045,
              -6.5756252
            ],
            [
              106.8078965,
              -6.5751954
            ],
            [
              106.8080019,
              -6.5746658
            ],
            [
              106.8081354,
              -6.5739951
            ],
            [
              106.8081916,
              -6.5737126
            ],
            [
              106.8082171,
              -6.5735882
            ],
            [
              106.8082731,
              -6.5733153
            ],
            [
              106.8082995,
              -6.5732009
            ],
            [
              106.8083846,
              -6.572772
            ],
            [
              106.8083974,
              -6.5726878
            ],
            [
              106.8084961,
              -6.5722461
            ],
            [
              106.8085697,
              -6.5719387
            ],
            [
              106.8086129,
              -6.5716651
            ],
            [
              106.8086724,
              -6.5713953
            ],
            [
              106.8087106,
              -6.5709348
            ],
            [
              106.8089703,
              -6.5698731
            ],
            [
              106.8090164,
              -6.5696105
            ],
            [
              106.809101,
              -6.5692215
            ],
            [
              106.8091477,
              -6.5689576
            ],
            [
              106.8091496,
              -6.5689468
            ],
            [
              106.8091568,
              -6.5689059
            ],
            [
              106.8091696,
              -6.5688194
            ],
            [
              106.8092806,
              -6.5682908
            ],
            [
              106.8093204,
              -6.5681011
            ],
            [
              106.8093632,
              -6.5678929
            ],
            [
              106.8094623,
              -6.5676089
            ],
            [
              106.8094886,
              -6.5675324
            ],
            [
              106.8096196,
              -6.5672063
            ],
            [
              106.8098756,
              -6.5665767
            ],
            [
              106.8099219,
              -6.5664581
            ],
            [
              106.8099876,
              -6.5662849
            ],
            [
              106.8100453,
              -6.5661288
            ],
            [
              106.8101359,
              -6.5658668
            ],
            [
              106.8101611,
              -6.5657953
            ],
            [
              106.8102609,
              -6.5655265
            ],
            [
              106.8104542,
              -6.5649211
            ],
            [
              106.8105051,
              -6.5647628
            ],
            [
              106.8105231,
              -6.564707
            ],
            [
              106.8105922,
              -6.5644892
            ],
            [
              106.8106186,
              -6.5644101
            ],
            [
              106.8106673,
              -6.5642195
            ],
            [
              106.8107545,
              -6.563868
            ],
            [
              106.8106725,
              -6.5638103
            ],
            [
              106.810547,
              -6.5637292
            ],
            [
              106.810515,
              -6.5637151
            ],
            [
              106.8100587,
              -6.5635253
            ],
            [
              106.8100444,
              -6.5635157
            ],
            [
              106.8098962,
              -6.5634167
            ],
            [
              106.8098494,
              -6.5633847
            ],
            [
              106.8097528,
              -6.5633186
            ],
            [
              106.8095679,
              -6.5631891
            ],
            [
              106.808769,
              -6.5626151
            ],
            [
              106.8085215,
              -6.5624335
            ],
            [
              106.8081149,
              -6.5621298
            ],
            [
              106.8074142,
              -6.5616388
            ],
            [
              106.8071908,
              -6.5614984
            ],
            [
              106.8070167,
              -6.561393
            ],
            [
              106.8067895,
              -6.5612874
            ],
            [
              106.8066003,
              -6.5612073
            ],
            [
              106.8064141,
              -6.5611403
            ],
            [
              106.8062026,
              -6.5610777
            ],
            [
              106.8059563,
              -6.5610269
            ],
            [
              106.8054557,
              -6.5609877
            ],
            [
              106.8051995,
              -6.5609824
            ],
            [
              106.8047416,
              -6.5610211
            ],
            [
              106.8040837,
              -6.5611596
            ],
            [
              106.8030309,
              -6.5614195
            ],
            [
              106.8025546,
              -6.5615291
            ],
            [
              106.8019339,
              -6.5616791
            ],
            [
              106.8015717,
              -6.561764
            ],
            [
              106.8011488,
              -6.5618644
            ],
            [
              106.8008758,
              -6.5619084
            ],
            [
              106.8006009,
              -6.561963
            ],
            [
              106.80033,
              -6.5620235
            ],
            [
              106.8002577,
              -6.5620376
            ],
            [
              106.8000211,
              -6.5620505
            ],
            [
              106.7998726,
              -6.562067
            ],
            [
              106.7998173,
              -6.5620731
            ],
            [
              106.7996758,
              -6.5620933
            ],
            [
              106.7993018,
              -6.5621487
            ],
            [
              106.798924,
              -6.5622002
            ],
            [
              106.7984399,
              -6.5622969
            ],
            [
              106.7980796,
              -6.5623787
            ],
            [
              106.7978087,
              -6.5624493
            ],
            [
              106.7974385,
              -6.5624867
            ],
            [
              106.7970852,
              -6.5624839
            ],
            [
              106.7966795,
              -6.5624493
            ],
            [
              106.7961886,
              -6.562421
            ],
            [
              106.7957762,
              -6.5623998
            ],
            [
              106.7957679,
              -6.5623978
            ],
            [
              106.795164,
              -6.562228
            ],
            [
              106.7943503,
              -6.5619771
            ],
            [
              106.7936055,
              -6.561758
            ],
            [
              106.7930226,
              -6.561584
            ],
            [
              106.7922691,
              -6.5613498
            ],
            [
              106.7921918,
              -6.5613265
            ],
            [
              106.7917495,
              -6.5612009
            ],
            [
              106.7913918,
              -6.5610986
            ],
            [
              106.790501,
              -6.5608289
            ],
            [
              106.7904266,
              -6.5608064
            ],
            [
              106.7895575,
              -6.560538
            ],
            [
              106.7891126,
              -6.5603994
            ],
            [
              106.7882191,
              -6.5601571
            ],
            [
              106.7875843,
              -6.5599674
            ],
            [
              106.7872033,
              -6.5598427
            ],
            [
              106.7863155,
              -6.5594902
            ],
            [
              106.7856046,
              -6.5591785
            ],
            [
              106.7847746,
              -6.5587707
            ],
            [
              106.7843393,
              -6.5585402
            ],
            [
              106.7840114,
              -6.5583644
            ],
            [
              106.7837586,
              -6.5582252
            ],
            [
              106.7832363,
              -6.5579268
            ],
            [
              106.7827421,
              -6.557645
            ],
            [
              106.7822083,
              -6.557305
            ],
            [
              106.7820452,
              -6.5571991
            ],
            [
              106.7818314,
              -6.5570631
            ],
            [
              106.7816964,
              -6.5569665
            ],
            [
              106.7814918,
              -6.5568613
            ],
            [
              106.7813056,
              -6.5567759
            ],
            [
              106.7810995,
              -6.5566911
            ],
            [
              106.7808955,
              -6.5566046
            ],
            [
              106.7806868,
              -6.5565212
            ],
            [
              106.7803134,
              -6.5564027
            ],
            [
              106.7796267,
              -6.5561708
            ],
            [
              106.7792201,
              -6.5560296
            ],
            [
              106.7791195,
              -6.5559922
            ],
            [
              106.7788914,
              -6.5561409
            ],
            [
              106.7786926,
              -6.5561716
            ],
            [
              106.7781707,
              -6.5562523
            ],
            [
              106.7773055,
              -6.5564049
            ],
            [
              106.7767881,
              -6.556506
            ],
            [
              106.7767283,
              -6.5565177
            ],
            [
              106.7761159,
              -6.5566272
            ],
            [
              106.7760842,
              -6.5566337
            ],
            [
              106.7753706,
              -6.5567597
            ],
            [
              106.7752983,
              -6.5567743
            ],
            [
              106.7752192,
              -6.5567889
            ],
            [
              106.7744392,
              -6.5569162
            ],
            [
              106.7738273,
              -6.5570204
            ],
            [
              106.7736675,
              -6.5570514
            ],
            [
              106.7736172,
              -6.5570601
            ],
            [
              106.7734757,
              -6.557082
            ],
            [
              106.7733336,
              -6.5571054
            ],
            [
              106.772394,
              -6.5572638
            ],
            [
              106.7722057,
              -6.5572985
            ],
            [
              106.7721305,
              -6.5573086
            ],
            [
              106.771712,
              -6.5573878
            ],
            [
              106.7716851,
              -6.5573943
            ],
            [
              106.7711657,
              -6.5575197
            ],
            [
              106.7709732,
              -6.5575883
            ],
            [
              106.7706554,
              -6.5577169
            ],
            [
              106.7706418,
              -6.5577233
            ],
            [
              106.7704616,
              -6.5578082
            ],
            [
              106.7703999,
              -6.5578529
            ],
            [
              106.7703168,
              -6.5579195
            ],
            [
              106.7701839,
              -6.558028
            ],
            [
              106.7699909,
              -6.5581746
            ],
            [
              106.7693603,
              -6.5586859
            ],
            [
              106.7690872,
              -6.5588968
            ],
            [
              106.7689716,
              -6.5589926
            ],
            [
              106.7686919,
              -6.5592238
            ],
            [
              106.7684674,
              -6.5594077
            ],
            [
              106.7670703,
              -6.5605158
            ],
            [
              106.7669855,
              -6.5605901
            ],
            [
              106.7668634,
              -6.560692
            ],
            [
              106.76674,
              -6.560786
            ],
            [
              106.7657711,
              -6.5615726
            ],
            [
              106.765391,
              -6.5619393
            ],
            [
              106.7653153,
              -6.5620195
            ],
            [
              106.7646841,
              -6.5626878
            ],
            [
              106.7641328,
              -6.5632323
            ],
            [
              106.7639034,
              -6.5634589
            ],
            [
              106.7635683,
              -6.5637897
            ],
            [
              106.7633565,
              -6.5640105
            ],
            [
              106.7632892,
              -6.5640808
            ],
            [
              106.7630743,
              -6.5641927
            ],
            [
              106.7629299,
              -6.5642679
            ],
            [
              106.7627308,
              -6.5644005
            ],
            [
              106.7623921,
              -6.5646377
            ],
            [
              106.7622261,
              -6.5647667
            ],
            [
              106.7618497,
              -6.5650673
            ],
            [
              106.7614929,
              -6.5653858
            ],
            [
              106.7614488,
              -6.5654286
            ],
            [
              106.7613696,
              -6.5655057
            ],
            [
              106.7612845,
              -6.5656026
            ],
            [
              106.7612046,
              -6.5656935
            ],
            [
              106.7608186,
              -6.5662711
            ],
            [
              106.760163,
              -6.5672219
            ],
            [
              106.7598145,
              -6.5677273
            ],
            [
              106.7597079,
              -6.5678585
            ],
            [
              106.7596382,
              -6.5679331
            ],
            [
              106.7596235,
              -6.567944
            ],
            [
              106.759547,
              -6.5680011
            ],
            [
              106.759323,
              -6.568149
            ],
            [
              106.759251,
              -6.568193
            ],
            [
              106.7586967,
              -6.5685367
            ],
            [
              106.7585546,
              -6.5686206
            ],
            [
              106.7584275,
              -6.5686968
            ],
            [
              106.7581791,
              -6.5688457
            ],
            [
              106.7578974,
              -6.569003
            ],
            [
              106.7576708,
              -6.5691468
            ],
            [
              106.7574779,
              -6.5692979
            ],
            [
              106.7572626,
              -6.5694664
            ],
            [
              106.7571944,
              -6.5695198
            ],
            [
              106.7571425,
              -6.5695637
            ],
            [
              106.7570438,
              -6.5696451
            ],
            [
              106.7561983,
              -6.5703286
            ],
            [
              106.7561294,
              -6.5703853
            ],
            [
              106.7555802,
              -6.5708165
            ],
            [
              106.7553469,
              -6.5709681
            ],
            [
              106.7553286,
              -6.5709251
            ],
            [
              106.7553247,
              -6.5709159
            ],
            [
              106.7553104,
              -6.5708825
            ],
            [
              106.7550373,
              -6.5702358
            ],
            [
              106.7550037,
              -6.5701789
            ],
            [
              106.754915,
              -6.5700461
            ],
            [
              106.7548984,
              -6.570003
            ],
            [
              106.7548302,
              -6.5696378
            ],
            [
              106.754758,
              -6.5695473
            ],
            [
              106.7545282,
              -6.569809
            ],
            [
              106.7548028,
              -6.5701456
            ],
            [
              106.7549292,
              -6.5703005
            ],
            [
              106.7552411,
              -6.5709881
            ],
            [
              106.7552582,
              -6.5710224
            ],
            [
              106.7553526,
              -6.5710674
            ],
            [
              106.7556272,
              -6.5708889
            ],
            [
              106.7562727,
              -6.5704028
            ],
            [
              106.7563685,
              -6.5703262
            ],
            [
              106.7564288,
              -6.570278
            ],
            [
              106.7568812,
              -6.5699161
            ],
            [
              106.7570909,
              -6.5697517
            ],
            [
              106.7573035,
              -6.5695849
            ],
            [
              106.7575116,
              -6.5694123
            ],
            [
              106.7576815,
              -6.5692775
            ],
            [
              106.7579565,
              -6.5690935
            ],
            [
              106.7582247,
              -6.5689411
            ],
            [
              106.7585928,
              -6.5687238
            ],
            [
              106.7586987,
              -6.5686572
            ],
            [
              106.7589502,
              -6.5684947
            ],
            [
              106.7592527,
              -6.5683061
            ],
            [
              106.7596328,
              -6.568059
            ],
            [
              106.7597354,
              -6.5679751
            ],
            [
              106.7598086,
              -6.5678925
            ],
            [
              106.7599024,
              -6.5677745
            ],
            [
              106.7603156,
              -6.5671528
            ],
            [
              106.7608559,
              -6.5663664
            ],
            [
              106.7612595,
              -6.5657921
            ],
            [
              106.7614876,
              -6.5655376
            ],
            [
              106.7619463,
              -6.5651152
            ],
            [
              106.7622583,
              -6.5648548
            ],
            [
              106.7624217,
              -6.5647335
            ],
            [
              106.7627596,
              -6.5644937
            ],
            [
              106.7630325,
              -6.5643179
            ],
            [
              106.7632931,
              -6.564173
            ],
            [
              106.7633651,
              -6.5641032
            ],
            [
              106.763842,
              -6.5636507
            ],
            [
              106.7639574,
              -6.5635266
            ],
            [
              106.7648296,
              -6.5626759
            ],
            [
              106.765344,
              -6.5621299
            ],
            [
              106.7654589,
              -6.5620068
            ],
            [
              106.7658502,
              -6.5616233
            ],
            [
              106.766913,
              -6.5607686
            ],
            [
              106.7677925,
              -6.5600383
            ],
            [
              106.7685163,
              -6.5594776
            ],
            [
              106.7694162,
              -6.5587701
            ],
            [
              106.7695925,
              -6.5586315
            ],
            [
              106.7702068,
              -6.5581413
            ],
            [
              106.7702601,
              -6.5580993
            ],
            [
              106.7703214,
              -6.5580366
            ],
            [
              106.7703902,
              -6.5579871
            ],
            [
              106.7704187,
              -6.5579658
            ],
            [
              106.7704974,
              -6.5579238
            ],
            [
              106.7707197,
              -6.5578128
            ],
            [
              106.7710054,
              -6.5576889
            ],
            [
              106.7712334,
              -6.5576103
            ],
            [
              106.7714708,
              -6.5575437
            ],
            [
              106.7717832,
              -6.5574691
            ],
            [
              106.7721434,
              -6.5574186
            ],
            [
              106.7722386,
              -6.5574032
            ],
            [
              106.7734851,
              -6.5571707
            ],
            [
              106.7741999,
              -6.5570494
            ],
            [
              106.775325,
              -6.5568749
            ],
            [
              106.7754944,
              -6.5568455
            ],
            [
              106.7757178,
              -6.5568138
            ],
            [
              106.7764904,
              -6.5566637
            ],
            [
              106.7773427,
              -6.5564946
            ],
            [
              106.7779263,
              -6.5563916
            ],
            [
              106.7787228,
              -6.5562581
            ],
            [
              106.7790236,
              -6.5561922
            ],
            [
              106.779271,
              -6.5562763
            ],
            [
              106.7794157,
              -6.5563248
            ],
            [
              106.7795675,
              -6.5563747
            ],
            [
              106.7803006,
              -6.5566231
            ],
            [
              106.7806331,
              -6.5567404
            ],
            [
              106.7809456,
              -6.5568563
            ],
            [
              106.7815786,
              -6.557172
            ],
            [
              106.7817202,
              -6.557259
            ],
            [
              106.7822841,
              -6.5575344
            ],
            [
              106.7831625,
              -6.5580493
            ],
            [
              106.7833409,
              -6.5581566
            ],
            [
              106.784226,
              -6.5586575
            ],
            [
              106.7847356,
              -6.5589293
            ],
            [
              106.785264,
              -6.5591918
            ],
            [
              106.7858139,
              -6.5594476
            ],
            [
              106.7861827,
              -6.5595942
            ],
            [
              106.7867701,
              -6.559818
            ],
            [
              106.7870691,
              -6.5599246
            ],
            [
              106.7875543,
              -6.5601028
            ],
            [
              106.7882079,
              -6.5603169
            ],
            [
              106.7887758,
              -6.5604801
            ],
            [
              106.7889871,
              -6.5605381
            ],
            [
              106.7891521,
              -6.5605882
            ],
            [
              106.7893256,
              -6.5606379
            ],
            [
              106.7894531,
              -6.5606745
            ],
            [
              106.7895143,
              -6.560693
            ],
            [
              106.7897941,
              -6.5607697
            ],
            [
              106.7900503,
              -6.5608457
            ],
            [
              106.7901095,
              -6.5608636
            ],
            [
              106.7901667,
              -6.5608809
            ],
            [
              106.7903138,
              -6.5609248
            ],
            [
              106.7907121,
              -6.5610436
            ],
            [
              106.7912483,
              -6.5611982
            ],
            [
              106.7925556,
              -6.5615753
            ],
            [
              106.7926742,
              -6.5616151
            ],
            [
              106.792747,
              -6.5616375
            ],
            [
              106.7929777,
              -6.5617016
            ],
            [
              106.7930595,
              -6.5617259
            ],
            [
              106.7938231,
              -6.5619559
            ],
            [
              106.7940479,
              -6.5620237
            ],
            [
              106.7941274,
              -6.5620476
            ],
            [
              106.7951621,
              -6.5623705
            ],
            [
              106.7959609,
              -6.5626447
            ],
            [
              106.7961555,
              -6.562721
            ],
            [
              106.7967104,
              -6.5628987
            ],
            [
              106.7970491,
              -6.5629253
            ],
            [
              106.7971777,
              -6.5629238
            ],
            [
              106.797619,
              -6.5629323
            ],
            [
              106.7985063,
              -6.5628061
            ],
            [
              106.7986011,
              -6.5627711
            ],
            [
              106.7990588,
              -6.5626201
            ],
            [
              106.7998742,
              -6.5623697
            ],
            [
              106.8001073,
              -6.562317
            ],
            [
              106.8003444,
              -6.5622526
            ],
            [
              106.8005273,
              -6.5622083
            ],
            [
              106.8006278,
              -6.5621839
            ],
            [
              106.8009162,
              -6.5621135
            ],
            [
              106.8016103,
              -6.5619205
            ],
            [
              106.8019526,
              -6.5618314
            ],
            [
              106.8025826,
              -6.5616819
            ],
            [
              106.8030407,
              -6.5615765
            ],
            [
              106.8035778,
              -6.561448
            ],
            [
              106.8047462,
              -6.5611683
            ],
            [
              106.8052519,
              -6.5611403
            ],
            [
              106.805799,
              -6.5611816
            ],
            [
              106.8061262,
              -6.5612839
            ],
            [
              106.8063345,
              -6.561351
            ],
            [
              106.8065701,
              -6.5614454
            ],
            [
              106.8066774,
              -6.561486
            ],
            [
              106.8067874,
              -6.5615354
            ],
            [
              106.8068799,
              -6.561586
            ],
            [
              106.8070503,
              -6.5616833
            ],
            [
              106.8072095,
              -6.5617683
            ],
            [
              106.8073682,
              -6.5618597
            ],
            [
              106.8076826,
              -6.5620733
            ],
            [
              106.8079356,
              -6.5622639
            ],
            [
              106.8082813,
              -6.562521
            ],
            [
              106.8093231,
              -6.5632602
            ],
            [
              106.8096363,
              -6.5634719
            ],
            [
              106.8097496,
              -6.5635628
            ],
            [
              106.8100986,
              -6.5638429
            ],
            [
              106.8102804,
              -6.5639762
            ],
            [
              106.810348,
              -6.5640779
            ],
            [
              106.8103709,
              -6.5641121
            ],
            [
              106.8104217,
              -6.5642358
            ],
            [
              106.810452,
              -6.5643204
            ],
            [
              106.810461,
              -6.564406
            ],
            [
              106.810447,
              -6.564497
            ],
            [
              106.8103995,
              -6.5647564
            ],
            [
              106.8103189,
              -6.5650416
            ],
            [
              106.8102005,
              -6.5654622
            ],
            [
              106.8101985,
              -6.5654691
            ],
            [
              106.8100242,
              -6.5659366
            ],
            [
              106.8099037,
              -6.5662839
            ],
            [
              106.8097003,
              -6.5667935
            ],
            [
              106.8096287,
              -6.566973
            ],
            [
              106.8095382,
              -6.5671981
            ],
            [
              106.809467,
              -6.5673722
            ],
            [
              106.8093322,
              -6.5677421
            ],
            [
              106.8092562,
              -6.5679211
            ],
            [
              106.8091986,
              -6.56809
            ],
            [
              106.8091722,
              -6.5682625
            ],
            [
              106.809093,
              -6.5686318
            ],
            [
              106.8090535,
              -6.5687839
            ],
            [
              106.8090353,
              -6.5688739
            ],
            [
              106.8089889,
              -6.5691027
            ],
            [
              106.8089278,
              -6.569404
            ],
            [
              106.808854,
              -6.5697496
            ],
            [
              106.8088442,
              -6.569793
            ],
            [
              106.8088178,
              -6.5699102
            ],
            [
              106.8087199,
              -6.5703392
            ],
            [
              106.808614,
              -6.5709347
            ],
            [
              106.8085543,
              -6.5714051
            ],
            [
              106.80851,
              -6.5715413
            ],
            [
              106.8084744,
              -6.5717328
            ],
            [
              106.8084179,
              -6.5720373
            ],
            [
              106.808345,
              -6.5724299
            ],
            [
              106.8083229,
              -6.5725681
            ],
            [
              106.8081017,
              -6.5736899
            ],
            [
              106.8080747,
              -6.5738303
            ],
            [
              106.8078965,
              -6.5747571
            ],
            [
              106.8077945,
              -6.5752913
            ],
            [
              106.8077622,
              -6.5754311
            ],
            [
              106.8076712,
              -6.5758255
            ],
            [
              106.8076202,
              -6.576072
            ],
            [
              106.8075909,
              -6.5762395
            ],
            [
              106.8075277,
              -6.5765423
            ],
            [
              106.8075021,
              -6.5766693
            ],
            [
              106.8073378,
              -6.5774852
            ],
            [
              106.807291,
              -6.5777174
            ],
            [
              106.807187,
              -6.578277
            ],
            [
              106.8071637,
              -6.578382
            ],
            [
              106.8071542,
              -6.5784333
            ],
            [
              106.807124,
              -6.5786087
            ],
            [
              106.8071059,
              -6.5787133
            ],
            [
              106.8070622,
              -6.5789898
            ],
            [
              106.8070386,
              -6.579127
            ],
            [
              106.8069243,
              -6.5796953
            ],
            [
              106.8068894,
              -6.5798759
            ],
            [
              106.8068705,
              -6.5799903
            ],
            [
              106.8067965,
              -6.580371
            ],
            [
              106.8067176,
              -6.5807891
            ],
            [
              106.8066995,
              -6.5808676
            ],
            [
              106.8066372,
              -6.5811757
            ],
            [
              106.8064353,
              -6.5822611
            ],
            [
              106.8061874,
              -6.5834535
            ],
            [
              106.806141,
              -6.5837006
            ],
            [
              106.8061068,
              -6.5838907
            ],
            [
              106.8060968,
              -6.5839464
            ],
            [
              106.8060725,
              -6.5840816
            ],
            [
              106.805972,
              -6.5845906
            ],
            [
              106.8058204,
              -6.5854033
            ],
            [
              106.8057427,
              -6.5858202
            ],
            [
              106.805685,
              -6.5861746
            ],
            [
              106.805639,
              -6.5863398
            ],
            [
              106.8056073,
              -6.5864538
            ],
            [
              106.8055053,
              -6.5868209
            ],
            [
              106.805449,
              -6.5870126
            ],
            [
              106.8052238,
              -6.587732
            ],
            [
              106.8051566,
              -6.5879839
            ],
            [
              106.8051016,
              -6.5881624
            ],
            [
              106.8050062,
              -6.5885022
            ],
            [
              106.8049866,
              -6.5885718
            ],
            [
              106.8049175,
              -6.5888441
            ],
            [
              106.8048509,
              -6.5891063
            ],
            [
              106.804765,
              -6.5895013
            ],
            [
              106.8047302,
              -6.5897611
            ],
            [
              106.8047087,
              -6.5900049
            ],
            [
              106.8046946,
              -6.590294
            ],
            [
              106.8046918,
              -6.5907716
            ],
            [
              106.8046899,
              -6.5910801
            ],
            [
              106.8046879,
              -6.5911812
            ],
            [
              106.8046953,
              -6.591457
            ],
            [
              106.8046958,
              -6.5916901
            ],
            [
              106.8046906,
              -6.5921871
            ],
            [
              106.8046731,
              -6.5926414
            ],
            [
              106.8047056,
              -6.5926847
            ],
            [
              106.8046937,
              -6.5927834
            ],
            [
              106.8046609,
              -6.5930408
            ],
            [
              106.8046405,
              -6.5931935
            ],
            [
              106.8046354,
              -6.5932306
            ],
            [
              106.8046158,
              -6.5933658
            ],
            [
              106.8045919,
              -6.5935341
            ],
            [
              106.8045847,
              -6.5935859
            ],
            [
              106.8045659,
              -6.5937145
            ],
            [
              106.8045563,
              -6.5937763
            ],
            [
              106.8045269,
              -6.593954
            ],
            [
              106.8045183,
              -6.5940087
            ],
            [
              106.804505,
              -6.5940988
            ],
            [
              106.8045006,
              -6.5941297
            ],
            [
              106.804481,
              -6.5942631
            ],
            [
              106.8044453,
              -6.5944941
            ],
            [
              106.8044236,
              -6.5946275
            ],
            [
              106.8044205,
              -6.5946453
            ],
            [
              106.8044022,
              -6.5947523
            ],
            [
              106.8043679,
              -6.5949617
            ],
            [
              106.8043588,
              -6.5950214
            ],
            [
              106.8043168,
              -6.5953109
            ],
            [
              106.8043026,
              -6.5954067
            ],
            [
              106.8042865,
              -6.5955176
            ],
            [
              106.8042857,
              -6.5955456
            ],
            [
              106.8042801,
              -6.5957506
            ],
            [
              106.8042971,
              -6.5957811
            ],
            [
              106.8043047,
              -6.5958019
            ],
            [
              106.8043493,
              -6.5960206
            ],
            [
              106.8044089,
              -6.5964153
            ],
            [
              106.804425,
              -6.5965207
            ],
            [
              106.8044672,
              -6.5968086
            ],
            [
              106.8045131,
              -6.5970865
            ],
            [
              106.804523,
              -6.5971513
            ],
            [
              106.8045582,
              -6.5973771
            ],
            [
              106.8046123,
              -6.5977544
            ],
            [
              106.8046144,
              -6.5977676
            ],
            [
              106.8046318,
              -6.5978819
            ],
            [
              106.8046509,
              -6.5979926
            ],
            [
              106.8046694,
              -6.5981135
            ],
            [
              106.8046774,
              -6.5981662
            ],
            [
              106.8046914,
              -6.5982567
            ],
            [
              106.8047478,
              -6.5985541
            ],
            [
              106.8047921,
              -6.5988767
            ],
            [
              106.8048383,
              -6.5991963
            ],
            [
              106.804902,
              -6.599637
            ],
            [
              106.8049577,
              -6.6000347
            ],
            [
              106.8050341,
              -6.6004651
            ],
            [
              106.8050629,
              -6.6006102
            ],
            [
              106.805066,
              -6.6006283
            ],
            [
              106.8051535,
              -6.6009726
            ],
            [
              106.8051623,
              -6.600999
            ],
            [
              106.8051708,
              -6.6010246
            ],
            [
              106.8052246,
              -6.6011681
            ],
            [
              106.8052879,
              -6.6012872
            ],
            [
              106.8052986,
              -6.6013211
            ],
            [
              106.8053221,
              -6.6013954
            ],
            [
              106.8053462,
              -6.6014686
            ],
            [
              106.8054428,
              -6.6017309
            ],
            [
              106.8054616,
              -6.6017824
            ],
            [
              106.8056669,
              -6.6023133
            ],
            [
              106.8059878,
              -6.6030517
            ],
            [
              106.806365,
              -6.6028581
            ],
            [
              106.8064297,
              -6.6028263
            ],
            [
              106.8065056,
              -6.6027884
            ],
            [
              106.8066295,
              -6.6027279
            ],
            [
              106.8066989,
              -6.6026963
            ],
            [
              106.8067269,
              -6.6026866
            ],
            [
              106.806737,
              -6.602683
            ],
            [
              106.8067727,
              -6.6026656
            ],
            [
              106.8069014,
              -6.6026156
            ],
            [
              106.8069723,
              -6.6027344
            ],
            [
              106.8069804,
              -6.602748
            ],
            [
              106.8070192,
              -6.6028129
            ],
            [
              106.8070288,
              -6.6028289
            ],
            [
              106.807049,
              -6.602867
            ],
            [
              106.8070817,
              -6.6029288
            ],
            [
              106.8071019,
              -6.6029668
            ],
            [
              106.8071026,
              -6.6029685
            ],
            [
              106.8071111,
              -6.6029892
            ],
            [
              106.8071662,
              -6.6031228
            ],
            [
              106.8071851,
              -6.6031686
            ],
            [
              106.8072476,
              -6.6033564
            ],
            [
              106.8072617,
              -6.6033967
            ],
            [
              106.8072867,
              -6.603463
            ],
            [
              106.8072957,
              -6.603487
            ],
            [
              106.807322,
              -6.6035331
            ],
            [
              106.8073533,
              -6.6035882
            ],
            [
              106.8074083,
              -6.6036569
            ],
            [
              106.8074409,
              -6.6036771
            ],
            [
              106.8074866,
              -6.6037054
            ],
            [
              106.8075465,
              -6.6037388
            ],
            [
              106.8075728,
              -6.6037533
            ],
            [
              106.8075996,
              -6.603768
            ],
            [
              106.8076462,
              -6.6037839
            ],
            [
              106.807655,
              -6.603785
            ],
            [
              106.8077018,
              -6.6037911
            ],
            [
              106.8078188,
              -6.6037924
            ],
            [
              106.8079189,
              -6.6037935
            ],
            [
              106.808021,
              -6.6037229
            ],
            [
              106.80808,
              -6.6036821
            ],
            [
              106.808156,
              -6.6036295
            ],
            [
              106.8086514,
              -6.6032873
            ],
            [
              106.8087666,
              -6.6032076
            ],
            [
              106.8089233,
              -6.6030964
            ],
            [
              106.8092501,
              -6.6028645
            ],
            [
              106.8092862,
              -6.6028391
            ],
            [
              106.8097005,
              -6.6025468
            ],
            [
              106.8098456,
              -6.6024441
            ],
            [
              106.8100088,
              -6.6023374
            ],
            [
              106.8103718,
              -6.602063
            ],
            [
              106.810431,
              -6.6020453
            ],
            [
              106.8107777,
              -6.6018054
            ],
            [
              106.8109421,
              -6.6017055
            ],
            [
              106.8110248,
              -6.6016469
            ],
            [
              106.8110483,
              -6.6016461
            ],
            [
              106.8110694,
              -6.6016574
            ],
            [
              106.8110978,
              -6.6016809
            ],
            [
              106.8111147,
              -6.6017172
            ],
            [
              106.8111147,
              -6.6017551
            ],
            [
              106.8110929,
              -6.6017887
            ],
            [
              106.8108414,
              -6.6019598
            ],
            [
              106.8107806,
              -6.6020075
            ],
            [
              106.810667,
              -6.6021153
            ],
            [
              106.8100922,
              -6.6025026
            ],
            [
              106.8099612,
              -6.6025954
            ],
            [
              106.8082967,
              -6.603775
            ],
            [
              106.8076983,
              -6.6041436
            ],
            [
              106.8071436,
              -6.6044754
            ],
            [
              106.8070298,
              -6.6045389
            ],
            [
              106.8069443,
              -6.604585
            ],
            [
              106.8069027,
              -6.6045261
            ],
            [
              106.8068691,
              -6.6044817
            ],
            [
              106.8067156,
              -6.6042813
            ],
            [
              106.8064227,
              -6.60396
            ],
            [
              106.8062764,
              -6.6037594
            ],
            [
              106.8062146,
              -6.6036698
            ],
            [
              106.8061658,
              -6.6035921
            ],
            [
              106.8060613,
              -6.60342
            ],
            [
              106.8056636,
              -6.6025171
            ],
            [
              106.8054741,
              -6.6020611
            ],
            [
              106.8053688,
              -6.6018281
            ],
            [
              106.8052468,
              -6.6017235
            ],
            [
              106.805093,
              -6.6016619
            ],
            [
              106.8049599,
              -6.6016241
            ],
            [
              106.8048234,
              -6.6015994
            ],
            [
              106.8046866,
              -6.6015795
            ],
            [
              106.8045484,
              -6.6015746
            ],
            [
              106.8044987,
              -6.6015777
            ],
            [
              106.8044283,
              -6.6015895
            ],
            [
              106.804265,
              -6.6016335
            ],
            [
              106.8042416,
              -6.6016395
            ],
            [
              106.8038645,
              -6.6017645
            ],
            [
              106.8036801,
              -6.6018152
            ],
            [
              106.803448,
              -6.601884
            ],
            [
              106.8030652,
              -6.6020022
            ],
            [
              106.8025045,
              -6.6021768
            ],
            [
              106.8024432,
              -6.6021967
            ],
            [
              106.8020246,
              -6.6023329
            ],
            [
              106.8020075,
              -6.6023356
            ],
            [
              106.8018961,
              -6.6023528
            ],
            [
              106.8004413,
              -6.6025778
            ],
            [
              106.7998455,
              -6.6026365
            ],
            [
              106.79975,
              -6.6026604
            ],
            [
              106.7996319,
              -6.6027064
            ],
            [
              106.799076,
              -6.6029769
            ],
            [
              106.7989278,
              -6.6030467
            ],
            [
              106.7989033,
              -6.6030551
            ],
            [
              106.7988427,
              -6.603076
            ],
            [
              106.7987736,
              -6.603074
            ],
            [
              106.7986663,
              -6.6030627
            ],
            [
              106.7986073,
              -6.6030494
            ],
            [
              106.7985295,
              -6.6030447
            ],
            [
              106.7984853,
              -6.603048
            ],
            [
              106.7984477,
              -6.603058
            ],
            [
              106.798382,
              -6.603076
            ],
            [
              106.7983264,
              -6.6030967
            ],
            [
              106.7981909,
              -6.6031733
            ],
            [
              106.798174,
              -6.6031835
            ],
            [
              106.7979054,
              -6.6033734
            ],
            [
              106.7978745,
              -6.6033912
            ],
            [
              106.7978645,
              -6.603399
            ],
            [
              106.7976903,
              -6.6035388
            ],
            [
              106.7972226,
              -6.6038893
            ],
            [
              106.7969793,
              -6.6040592
            ],
            [
              106.7968384,
              -6.6041463
            ],
            [
              106.7967213,
              -6.6041865
            ],
            [
              106.7966462,
              -6.6041895
            ],
            [
              106.7965913,
              -6.6041868
            ],
            [
              106.7965337,
              -6.6041824
            ],
            [
              106.7964774,
              -6.6041699
            ],
            [
              106.7964242,
              -6.6041401
            ],
            [
              106.7963846,
              -6.6041074
            ],
            [
              106.7963302,
              -6.6040465
            ],
            [
              106.7962771,
              -6.6039754
            ],
            [
              106.7961978,
              -6.6038655
            ],
            [
              106.7961639,
              -6.6038016
            ],
            [
              106.7961527,
              -6.6037798
            ],
            [
              106.7961429,
              -6.6037605
            ],
            [
              106.7959055,
              -6.603283
            ],
            [
              106.7958872,
              -6.6032412
            ],
            [
              106.7956616,
              -6.6027343
            ],
            [
              106.7956045,
              -6.6026017
            ],
            [
              106.7954764,
              -6.6023044
            ],
            [
              106.7954083,
              -6.6021463
            ],
            [
              106.7953647,
              -6.602045
            ],
            [
              106.795332,
              -6.6019762
            ],
            [
              106.7952083,
              -6.6016123
            ],
            [
              106.7951426,
              -6.6014421
            ],
            [
              106.7950955,
              -6.6012779
            ],
            [
              106.7950252,
              -6.6010004
            ],
            [
              106.7949816,
              -6.6008293
            ],
            [
              106.7949348,
              -6.6006322
            ],
            [
              106.7949022,
              -6.6005066
            ],
            [
              106.7948931,
              -6.6004656
            ],
            [
              106.7948602,
              -6.6003385
            ],
            [
              106.7948261,
              -6.6002071
            ],
            [
              106.7948076,
              -6.6001399
            ],
            [
              106.7947853,
              -6.6000748
            ],
            [
              106.7947537,
              -6.5999713
            ],
            [
              106.794741,
              -6.5999253
            ],
            [
              106.7947134,
              -6.5998207
            ],
            [
              106.7946276,
              -6.599563
            ],
            [
              106.7946115,
              -6.5995164
            ],
            [
              106.7945947,
              -6.5994651
            ],
            [
              106.7944237,
              -6.5989601
            ],
            [
              106.7942468,
              -6.5984849
            ],
            [
              106.7942142,
              -6.5983946
            ],
            [
              106.7941783,
              -6.5982953
            ],
            [
              106.7941475,
              -6.5982114
            ],
            [
              106.7941194,
              -6.5981248
            ],
            [
              106.7941113,
              -6.5980995
            ],
            [
              106.7940757,
              -6.5980003
            ],
            [
              106.7939879,
              -6.5977305
            ],
            [
              106.7939617,
              -6.5976426
            ],
            [
              106.7939453,
              -6.597588
            ],
            [
              106.7939241,
              -6.5975213
            ],
            [
              106.7938252,
              -6.5971973
            ],
            [
              106.7938209,
              -6.5971813
            ],
            [
              106.7938313,
              -6.5969648
            ],
            [
              106.7938746,
              -6.5966409
            ],
            [
              106.7939299,
              -6.596421
            ],
            [
              106.7939963,
              -6.596238
            ],
            [
              106.7941479,
              -6.5958377
            ],
            [
              106.7942061,
              -6.5956753
            ],
            [
              106.7942081,
              -6.5956683
            ],
            [
              106.7942749,
              -6.5954737
            ],
            [
              106.7943815,
              -6.5951603
            ],
            [
              106.7944828,
              -6.5949182
            ],
            [
              106.7946279,
              -6.5946378
            ],
            [
              106.7946766,
              -6.5945578
            ],
            [
              106.7947698,
              -6.5944846
            ],
            [
              106.7948382,
              -6.5944406
            ],
            [
              106.7949695,
              -6.5943593
            ],
            [
              106.7951258,
              -6.594264
            ],
            [
              106.7959506,
              -6.5938937
            ],
            [
              106.796139,
              -6.5938038
            ],
            [
              106.7962517,
              -6.5937345
            ],
            [
              106.7963442,
              -6.5936712
            ],
            [
              106.7964461,
              -6.5936013
            ],
            [
              106.7965883,
              -6.593494
            ],
            [
              106.7969298,
              -6.5931758
            ],
            [
              106.7970525,
              -6.5931188
            ],
            [
              106.7971408,
              -6.5930744
            ],
            [
              106.7971945,
              -6.5930687
            ],
            [
              106.7972495,
              -6.5930664
            ],
            [
              106.797344,
              -6.5930894
            ],
            [
              106.797378,
              -6.5931031
            ],
            [
              106.7974751,
              -6.593158
            ],
            [
              106.797621,
              -6.5932635
            ],
            [
              106.7978228,
              -6.5933788
            ],
            [
              106.7979643,
              -6.5934381
            ],
            [
              106.7981292,
              -6.5934707
            ],
            [
              106.7983552,
              -6.5934767
            ],
            [
              106.7985195,
              -6.5934594
            ],
            [
              106.798614,
              -6.5934387
            ],
            [
              106.7987488,
              -6.5933934
            ],
            [
              106.7989453,
              -6.5932949
            ],
            [
              106.7991123,
              -6.5931676
            ],
            [
              106.7995032,
              -6.5928412
            ],
            [
              106.7996393,
              -6.5927446
            ],
            [
              106.7997506,
              -6.5926787
            ],
            [
              106.7998747,
              -6.5926194
            ],
            [
              106.8000007,
              -6.5925701
            ],
            [
              106.8003434,
              -6.5924256
            ],
            [
              106.8004725,
              -6.5923656
            ],
            [
              106.8005794,
              -6.5923323
            ],
            [
              106.8007437,
              -6.5922963
            ],
            [
              106.8009402,
              -6.592289
            ],
            [
              106.8011232,
              -6.5923177
            ],
            [
              106.8012976,
              -6.592381
            ],
            [
              106.8015041,
              -6.5924716
            ],
            [
              106.8017494,
              -6.5926043
            ],
            [
              106.8018877,
              -6.5926943
            ],
            [
              106.8019803,
              -6.592744
            ],
            [
              106.8020952,
              -6.5928287
            ],
            [
              106.8022545,
              -6.5929451
            ],
            [
              106.8023803,
              -6.5930415
            ],
            [
              106.8025052,
              -6.5931443
            ],
            [
              106.8029462,
              -6.5935856
            ],
            [
              106.8031477,
              -6.5938171
            ],
            [
              106.8035373,
              -6.5943392
            ],
            [
              106.8039496,
              -6.5950614
            ],
            [
              106.804084,
              -6.5950388
            ],
            [
              106.8042494,
              -6.5950108
            ],
            [
              106.8042934,
              -6.5949951
            ],
            [
              106.8043679,
              -6.5949617
            ]
          ],
          [
            [
              106.8063837,
              -6.6027617
            ],
            [
              106.8065358,
              -6.602693
            ],
            [
              106.8065546,
              -6.6027362
            ],
            [
              106.8064066,
              -6.6027995
            ],
            [
              106.8063837,
              -6.6027617
            ]
          ]
        ]
      },
      "id": "relation/20237323"
    },
    {
      "type": "Feature",
      "properties": {
        "@id": "relation/20243092",
        "colour": "#04ff00",
        "name": "Terminal Ciawi–Terminal Bubulak (via Baranangsiang)",
        "network": "Angkutan Kota Bogor",
        "ref": "TPK-2",
        "route": "bus",
        "type": "route",
        "via": "Baranangsiang"
      },
      "geometry": {
        "type": "MultiLineString",
        "coordinates": [
          [
            [
              106.8183558,
              -6.6230094
            ],
            [
              106.8182062,
              -6.6229389
            ],
            [
              106.8180178,
              -6.6228296
            ],
            [
              106.8175907,
              -6.6225312
            ],
            [
              106.8169941,
              -6.6220767
            ],
            [
              106.8168919,
              -6.6219988
            ],
            [
              106.8168074,
              -6.6219344
            ],
            [
              106.8166957,
              -6.6218436
            ],
            [
              106.8166049,
              -6.6217699
            ],
            [
              106.8164866,
              -6.6216589
            ],
            [
              106.8164353,
              -6.6216107
            ],
            [
              106.81633,
              -6.6215221
            ],
            [
              106.8161898,
              -6.6213799
            ],
            [
              106.8161319,
              -6.6213437
            ],
            [
              106.8160873,
              -6.6212922
            ],
            [
              106.81606,
              -6.62123
            ],
            [
              106.8160524,
              -6.6211624
            ],
            [
              106.8160651,
              -6.6210957
            ],
            [
              106.8160971,
              -6.6210357
            ],
            [
              106.8161455,
              -6.6209876
            ],
            [
              106.8162059,
              -6.6209559
            ],
            [
              106.816255,
              -6.620948
            ],
            [
              106.8162596,
              -6.6208234
            ],
            [
              106.8162449,
              -6.6207242
            ],
            [
              106.8160934,
              -6.6202763
            ],
            [
              106.815983,
              -6.6199551
            ],
            [
              106.8155294,
              -6.6187519
            ],
            [
              106.8154177,
              -6.6184509
            ],
            [
              106.8151145,
              -6.6177588
            ],
            [
              106.8150627,
              -6.6176442
            ],
            [
              106.8149249,
              -6.617348
            ],
            [
              106.8148562,
              -6.6171845
            ],
            [
              106.8146745,
              -6.6166744
            ],
            [
              106.8145537,
              -6.616294
            ],
            [
              106.8144387,
              -6.6158791
            ],
            [
              106.8143479,
              -6.6155553
            ],
            [
              106.8143076,
              -6.6154135
            ],
            [
              106.814218,
              -6.6151758
            ],
            [
              106.8141527,
              -6.6150285
            ],
            [
              106.8140106,
              -6.6146634
            ],
            [
              106.8139661,
              -6.6145549
            ],
            [
              106.8138718,
              -6.6143251
            ],
            [
              106.8137826,
              -6.6141512
            ],
            [
              106.8136961,
              -6.6139521
            ],
            [
              106.8135667,
              -6.6136656
            ],
            [
              106.8135231,
              -6.6135777
            ],
            [
              106.8133856,
              -6.61326
            ],
            [
              106.8131996,
              -6.612871
            ],
            [
              106.8130584,
              -6.6126165
            ],
            [
              106.8129618,
              -6.6124527
            ],
            [
              106.8128546,
              -6.6122812
            ],
            [
              106.8127282,
              -6.6120737
            ],
            [
              106.8126719,
              -6.6119785
            ],
            [
              106.8125072,
              -6.6117
            ],
            [
              106.8123958,
              -6.6115081
            ],
            [
              106.8122745,
              -6.6113043
            ],
            [
              106.8122714,
              -6.6112993
            ],
            [
              106.8122296,
              -6.6112317
            ],
            [
              106.8121183,
              -6.6110725
            ],
            [
              106.8119057,
              -6.6107701
            ],
            [
              106.811787,
              -6.6105989
            ],
            [
              106.8116254,
              -6.6103758
            ],
            [
              106.8115289,
              -6.6102653
            ],
            [
              106.811307,
              -6.6099695
            ],
            [
              106.8107937,
              -6.6092865
            ],
            [
              106.8107779,
              -6.6092655
            ],
            [
              106.8105184,
              -6.6089117
            ],
            [
              106.810328,
              -6.6086359
            ],
            [
              106.8097029,
              -6.6077641
            ],
            [
              106.8093014,
              -6.6072878
            ],
            [
              106.8090235,
              -6.6069853
            ],
            [
              106.8089959,
              -6.6069549
            ],
            [
              106.8087708,
              -6.6066928
            ],
            [
              106.8087002,
              -6.6066089
            ],
            [
              106.8086089,
              -6.6065187
            ],
            [
              106.8081441,
              -6.6060071
            ],
            [
              106.8077753,
              -6.6055795
            ],
            [
              106.8072581,
              -6.6049615
            ],
            [
              106.8071445,
              -6.6048309
            ],
            [
              106.8069967,
              -6.604658
            ],
            [
              106.8069443,
              -6.604585
            ],
            [
              106.8069027,
              -6.6045261
            ],
            [
              106.8068691,
              -6.6044817
            ],
            [
              106.8067156,
              -6.6042813
            ],
            [
              106.8064227,
              -6.60396
            ],
            [
              106.8062764,
              -6.6037594
            ],
            [
              106.8062146,
              -6.6036698
            ],
            [
              106.8061658,
              -6.6035921
            ],
            [
              106.8060613,
              -6.60342
            ],
            [
              106.8056636,
              -6.6025171
            ],
            [
              106.8054741,
              -6.6020611
            ],
            [
              106.8053688,
              -6.6018281
            ],
            [
              106.8052468,
              -6.6017235
            ],
            [
              106.805093,
              -6.6016619
            ],
            [
              106.8049599,
              -6.6016241
            ],
            [
              106.8048234,
              -6.6015994
            ],
            [
              106.8046866,
              -6.6015795
            ],
            [
              106.8045484,
              -6.6015746
            ],
            [
              106.8044987,
              -6.6015777
            ],
            [
              106.8044283,
              -6.6015895
            ],
            [
              106.804265,
              -6.6016335
            ],
            [
              106.8042416,
              -6.6016395
            ],
            [
              106.8038645,
              -6.6017645
            ],
            [
              106.8036801,
              -6.6018152
            ],
            [
              106.803448,
              -6.601884
            ],
            [
              106.8030652,
              -6.6020022
            ],
            [
              106.8025045,
              -6.6021768
            ],
            [
              106.8024432,
              -6.6021967
            ],
            [
              106.8020246,
              -6.6023329
            ],
            [
              106.8020075,
              -6.6023356
            ],
            [
              106.8018961,
              -6.6023528
            ],
            [
              106.8004413,
              -6.6025778
            ],
            [
              106.7998455,
              -6.6026365
            ],
            [
              106.79975,
              -6.6026604
            ],
            [
              106.7996319,
              -6.6027064
            ],
            [
              106.799076,
              -6.6029769
            ],
            [
              106.7989278,
              -6.6030467
            ],
            [
              106.7989033,
              -6.6030551
            ],
            [
              106.7988427,
              -6.603076
            ],
            [
              106.7987736,
              -6.603074
            ],
            [
              106.7986663,
              -6.6030627
            ],
            [
              106.7986073,
              -6.6030494
            ],
            [
              106.7985295,
              -6.6030447
            ],
            [
              106.7984853,
              -6.603048
            ],
            [
              106.7984477,
              -6.603058
            ],
            [
              106.798382,
              -6.603076
            ],
            [
              106.7983264,
              -6.6030967
            ],
            [
              106.7981909,
              -6.6031733
            ],
            [
              106.798174,
              -6.6031835
            ],
            [
              106.7979054,
              -6.6033734
            ],
            [
              106.7978745,
              -6.6033912
            ],
            [
              106.7978645,
              -6.603399
            ],
            [
              106.7976903,
              -6.6035388
            ],
            [
              106.7972226,
              -6.6038893
            ],
            [
              106.7969793,
              -6.6040592
            ],
            [
              106.7968384,
              -6.6041463
            ],
            [
              106.7967213,
              -6.6041865
            ],
            [
              106.7966462,
              -6.6041895
            ],
            [
              106.7965913,
              -6.6041868
            ],
            [
              106.7965337,
              -6.6041824
            ],
            [
              106.7964774,
              -6.6041699
            ],
            [
              106.7964242,
              -6.6041401
            ],
            [
              106.7963846,
              -6.6041074
            ],
            [
              106.7963302,
              -6.6040465
            ],
            [
              106.7962771,
              -6.6039754
            ],
            [
              106.7961978,
              -6.6038655
            ],
            [
              106.7961639,
              -6.6038016
            ],
            [
              106.7961527,
              -6.6037798
            ],
            [
              106.7961429,
              -6.6037605
            ],
            [
              106.7959055,
              -6.603283
            ],
            [
              106.7958872,
              -6.6032412
            ],
            [
              106.7956616,
              -6.6027343
            ],
            [
              106.7956045,
              -6.6026017
            ],
            [
              106.7954764,
              -6.6023044
            ],
            [
              106.7954083,
              -6.6021463
            ],
            [
              106.7953647,
              -6.602045
            ],
            [
              106.795332,
              -6.6019762
            ],
            [
              106.7952083,
              -6.6016123
            ],
            [
              106.7951426,
              -6.6014421
            ],
            [
              106.7950955,
              -6.6012779
            ],
            [
              106.7950252,
              -6.6010004
            ],
            [
              106.7949816,
              -6.6008293
            ],
            [
              106.7949348,
              -6.6006322
            ],
            [
              106.7949022,
              -6.6005066
            ],
            [
              106.7948931,
              -6.6004656
            ],
            [
              106.7948602,
              -6.6003385
            ],
            [
              106.7948261,
              -6.6002071
            ],
            [
              106.7948076,
              -6.6001399
            ],
            [
              106.7947853,
              -6.6000748
            ],
            [
              106.7947537,
              -6.5999713
            ],
            [
              106.794741,
              -6.5999253
            ],
            [
              106.7947134,
              -6.5998207
            ],
            [
              106.7946276,
              -6.599563
            ],
            [
              106.7946115,
              -6.5995164
            ],
            [
              106.7945947,
              -6.5994651
            ],
            [
              106.7944237,
              -6.5989601
            ],
            [
              106.7942468,
              -6.5984849
            ],
            [
              106.7942142,
              -6.5983946
            ],
            [
              106.7941783,
              -6.5982953
            ],
            [
              106.7941475,
              -6.5982114
            ],
            [
              106.7941194,
              -6.5981248
            ],
            [
              106.7941113,
              -6.5980995
            ],
            [
              106.7940757,
              -6.5980003
            ],
            [
              106.7939879,
              -6.5977305
            ],
            [
              106.7939617,
              -6.5976426
            ],
            [
              106.7939453,
              -6.597588
            ],
            [
              106.7939241,
              -6.5975213
            ],
            [
              106.7938252,
              -6.5971973
            ],
            [
              106.7938209,
              -6.5971813
            ],
            [
              106.7937715,
              -6.5970632
            ],
            [
              106.7937224,
              -6.5969405
            ],
            [
              106.7936581,
              -6.5968193
            ],
            [
              106.7935867,
              -6.5967523
            ],
            [
              106.7935343,
              -6.5967346
            ],
            [
              106.7933455,
              -6.5966881
            ],
            [
              106.7932506,
              -6.5966662
            ],
            [
              106.7929462,
              -6.5965915
            ],
            [
              106.7929255,
              -6.596586
            ],
            [
              106.7926299,
              -6.5965189
            ],
            [
              106.7916013,
              -6.5963035
            ],
            [
              106.7913165,
              -6.5962436
            ],
            [
              106.7911657,
              -6.5962118
            ],
            [
              106.7910433,
              -6.5961869
            ],
            [
              106.7908731,
              -6.5961521
            ],
            [
              106.790679,
              -6.5961119
            ],
            [
              106.7905984,
              -6.5960952
            ],
            [
              106.7905558,
              -6.5960872
            ],
            [
              106.7904534,
              -6.5960653
            ],
            [
              106.7899844,
              -6.5959585
            ],
            [
              106.7897075,
              -6.5958985
            ],
            [
              106.7889469,
              -6.5957343
            ],
            [
              106.7886015,
              -6.5956597
            ],
            [
              106.7884763,
              -6.5956324
            ],
            [
              106.7883035,
              -6.5956096
            ],
            [
              106.7880195,
              -6.595592
            ],
            [
              106.7876846,
              -6.5955865
            ],
            [
              106.787378,
              -6.595586
            ],
            [
              106.7873262,
              -6.5955854
            ],
            [
              106.7870217,
              -6.595567
            ],
            [
              106.7868529,
              -6.5955666
            ],
            [
              106.7864853,
              -6.5955276
            ],
            [
              106.786302,
              -6.5955217
            ],
            [
              106.7862515,
              -6.5955177
            ],
            [
              106.786126,
              -6.5955079
            ],
            [
              106.7857984,
              -6.5954822
            ],
            [
              106.7855625,
              -6.5954637
            ],
            [
              106.7854866,
              -6.5954578
            ],
            [
              106.7849435,
              -6.5954018
            ],
            [
              106.7847235,
              -6.5953645
            ],
            [
              106.784399,
              -6.5952965
            ],
            [
              106.7842354,
              -6.5952512
            ],
            [
              106.7839672,
              -6.5951313
            ],
            [
              106.783788,
              -6.5950287
            ],
            [
              106.7837043,
              -6.5949808
            ],
            [
              106.7835775,
              -6.5949016
            ],
            [
              106.7833831,
              -6.5947803
            ],
            [
              106.7829321,
              -6.594458
            ],
            [
              106.7828427,
              -6.5944084
            ],
            [
              106.7827653,
              -6.5944032
            ],
            [
              106.7826906,
              -6.5944263
            ],
            [
              106.7825916,
              -6.5944705
            ],
            [
              106.7825225,
              -6.5945271
            ],
            [
              106.7824224,
              -6.5946109
            ],
            [
              106.7824655,
              -6.5944828
            ],
            [
              106.7825053,
              -6.5944352
            ],
            [
              106.7825426,
              -6.5944009
            ],
            [
              106.7826666,
              -6.5943366
            ],
            [
              106.782681,
              -6.5943287
            ],
            [
              106.7827575,
              -6.594326
            ],
            [
              106.7828265,
              -6.5943333
            ],
            [
              106.7828864,
              -6.5943528
            ],
            [
              106.7829215,
              -6.5943642
            ],
            [
              106.7829778,
              -6.5943849
            ],
            [
              106.7834382,
              -6.5946856
            ],
            [
              106.7837434,
              -6.5948985
            ],
            [
              106.7837841,
              -6.5949242
            ],
            [
              106.783976,
              -6.5950307
            ],
            [
              106.7842662,
              -6.595162
            ],
            [
              106.7846394,
              -6.5952565
            ],
            [
              106.7847108,
              -6.5952721
            ],
            [
              106.7849569,
              -6.5953258
            ],
            [
              106.7854296,
              -6.5953844
            ],
            [
              106.7858025,
              -6.5954159
            ],
            [
              106.7861061,
              -6.5954413
            ],
            [
              106.7863087,
              -6.5954551
            ],
            [
              106.7868673,
              -6.5954817
            ],
            [
              106.7870188,
              -6.595489
            ],
            [
              106.7872529,
              -6.5954857
            ],
            [
              106.7875194,
              -6.5954791
            ],
            [
              106.7875334,
              -6.595466
            ],
            [
              106.7875423,
              -6.5954527
            ],
            [
              106.7875432,
              -6.5954514
            ],
            [
              106.7875459,
              -6.5954344
            ],
            [
              106.7875473,
              -6.595426
            ],
            [
              106.7875492,
              -6.5953694
            ],
            [
              106.7875308,
              -6.5952832
            ],
            [
              106.7873527,
              -6.5948642
            ],
            [
              106.7872087,
              -6.5945552
            ],
            [
              106.787177,
              -6.5944838
            ],
            [
              106.7868961,
              -6.5938511
            ],
            [
              106.7868559,
              -6.5937671
            ],
            [
              106.7868204,
              -6.5936945
            ],
            [
              106.7867365,
              -6.5935133
            ],
            [
              106.7866762,
              -6.5933728
            ],
            [
              106.786632,
              -6.5932837
            ],
            [
              106.7867053,
              -6.5932479
            ],
            [
              106.7867472,
              -6.5932302
            ],
            [
              106.786781,
              -6.5932223
            ],
            [
              106.7872867,
              -6.5931985
            ],
            [
              106.787499,
              -6.5931984
            ],
            [
              106.7876698,
              -6.5931983
            ],
            [
              106.7876838,
              -6.5931983
            ],
            [
              106.7878127,
              -6.5932056
            ],
            [
              106.7878953,
              -6.593558
            ],
            [
              106.787969,
              -6.5938337
            ],
            [
              106.7880623,
              -6.5941101
            ],
            [
              106.7881693,
              -6.594434
            ],
            [
              106.7882064,
              -6.5945464
            ],
            [
              106.7882486,
              -6.594669
            ],
            [
              106.7883733,
              -6.5950274
            ],
            [
              106.7883955,
              -6.5950913
            ],
            [
              106.7884246,
              -6.5951873
            ],
            [
              106.7884352,
              -6.5952261
            ],
            [
              106.7884471,
              -6.5952692
            ],
            [
              106.7884587,
              -6.5953344
            ],
            [
              106.7884902,
              -6.5954552
            ],
            [
              106.7884957,
              -6.5954761
            ],
            [
              106.7885099,
              -6.5955064
            ],
            [
              106.7885142,
              -6.5955157
            ],
            [
              106.788529,
              -6.5955417
            ],
            [
              106.7885594,
              -6.595561
            ],
            [
              106.7886107,
              -6.5955808
            ],
            [
              106.7889539,
              -6.5956546
            ],
            [
              106.7890829,
              -6.5956824
            ],
            [
              106.7894162,
              -6.5957519
            ],
            [
              106.7895364,
              -6.59578
            ],
            [
              106.789718,
              -6.5958196
            ],
            [
              106.7897767,
              -6.5958335
            ],
            [
              106.7898403,
              -6.5958486
            ],
            [
              106.7899681,
              -6.5958788
            ],
            [
              106.7900398,
              -6.5958957
            ],
            [
              106.7900558,
              -6.5958995
            ],
            [
              106.7905077,
              -6.5960063
            ],
            [
              106.790561,
              -6.5960184
            ],
            [
              106.7906135,
              -6.59603
            ],
            [
              106.791057,
              -6.5961231
            ],
            [
              106.7911277,
              -6.5961377
            ],
            [
              106.7915712,
              -6.5962295
            ],
            [
              106.7918843,
              -6.5962994
            ],
            [
              106.7921702,
              -6.5963632
            ],
            [
              106.7922716,
              -6.5963859
            ],
            [
              106.7926262,
              -6.5964651
            ],
            [
              106.7929399,
              -6.5965351
            ],
            [
              106.7932168,
              -6.5965969
            ],
            [
              106.7933596,
              -6.5966228
            ],
            [
              106.7935182,
              -6.5966355
            ],
            [
              106.793553,
              -6.5966383
            ],
            [
              106.7937079,
              -6.5966206
            ],
            [
              106.7937661,
              -6.5965925
            ],
            [
              106.7938382,
              -6.5965347
            ],
            [
              106.7939299,
              -6.596421
            ],
            [
              106.7939963,
              -6.596238
            ],
            [
              106.7941479,
              -6.5958377
            ],
            [
              106.7942061,
              -6.5956753
            ],
            [
              106.7942081,
              -6.5956683
            ],
            [
              106.7942749,
              -6.5954737
            ],
            [
              106.7943815,
              -6.5951603
            ],
            [
              106.7944828,
              -6.5949182
            ],
            [
              106.7946279,
              -6.5946378
            ],
            [
              106.7946766,
              -6.5945578
            ],
            [
              106.7947698,
              -6.5944846
            ],
            [
              106.7948382,
              -6.5944406
            ],
            [
              106.7949695,
              -6.5943593
            ],
            [
              106.7951258,
              -6.594264
            ],
            [
              106.7959506,
              -6.5938937
            ],
            [
              106.796139,
              -6.5938038
            ],
            [
              106.7962517,
              -6.5937345
            ],
            [
              106.7963442,
              -6.5936712
            ],
            [
              106.7964461,
              -6.5936013
            ],
            [
              106.7965883,
              -6.593494
            ],
            [
              106.7969298,
              -6.5931758
            ],
            [
              106.7970525,
              -6.5931188
            ],
            [
              106.7971408,
              -6.5930744
            ],
            [
              106.7971945,
              -6.5930687
            ],
            [
              106.7972495,
              -6.5930664
            ],
            [
              106.797344,
              -6.5930894
            ],
            [
              106.797378,
              -6.5931031
            ],
            [
              106.7974751,
              -6.593158
            ],
            [
              106.797621,
              -6.5932635
            ],
            [
              106.7978228,
              -6.5933788
            ],
            [
              106.7979643,
              -6.5934381
            ],
            [
              106.7981292,
              -6.5934707
            ],
            [
              106.7983552,
              -6.5934767
            ],
            [
              106.7985195,
              -6.5934594
            ],
            [
              106.798614,
              -6.5934387
            ],
            [
              106.7987488,
              -6.5933934
            ],
            [
              106.7989453,
              -6.5932949
            ],
            [
              106.7991123,
              -6.5931676
            ],
            [
              106.7995032,
              -6.5928412
            ],
            [
              106.7996393,
              -6.5927446
            ],
            [
              106.7997506,
              -6.5926787
            ],
            [
              106.7998747,
              -6.5926194
            ],
            [
              106.8000007,
              -6.5925701
            ],
            [
              106.8003434,
              -6.5924256
            ],
            [
              106.8004725,
              -6.5923656
            ],
            [
              106.8005794,
              -6.5923323
            ],
            [
              106.8007437,
              -6.5922963
            ],
            [
              106.8009402,
              -6.592289
            ],
            [
              106.8011232,
              -6.5923177
            ],
            [
              106.8012976,
              -6.592381
            ],
            [
              106.8015041,
              -6.5924716
            ],
            [
              106.8017494,
              -6.5926043
            ],
            [
              106.8018877,
              -6.5926943
            ],
            [
              106.8019803,
              -6.592744
            ],
            [
              106.8020952,
              -6.5928287
            ],
            [
              106.8022545,
              -6.5929451
            ],
            [
              106.8023803,
              -6.5930415
            ],
            [
              106.8025052,
              -6.5931443
            ],
            [
              106.8029462,
              -6.5935856
            ],
            [
              106.8031477,
              -6.5938171
            ],
            [
              106.8035373,
              -6.5943392
            ],
            [
              106.8039496,
              -6.5950614
            ],
            [
              106.8041763,
              -6.5955044
            ],
            [
              106.8041977,
              -6.5955563
            ],
            [
              106.804272,
              -6.5957365
            ],
            [
              106.8042801,
              -6.5957506
            ],
            [
              106.8042971,
              -6.5957811
            ],
            [
              106.8043047,
              -6.5958019
            ],
            [
              106.8043493,
              -6.5960206
            ],
            [
              106.8044089,
              -6.5964153
            ],
            [
              106.804425,
              -6.5965207
            ],
            [
              106.8044672,
              -6.5968086
            ],
            [
              106.8045131,
              -6.5970865
            ],
            [
              106.804523,
              -6.5971513
            ],
            [
              106.8045582,
              -6.5973771
            ],
            [
              106.8046123,
              -6.5977544
            ],
            [
              106.8046144,
              -6.5977676
            ],
            [
              106.8046318,
              -6.5978819
            ],
            [
              106.8046509,
              -6.5979926
            ],
            [
              106.8046694,
              -6.5981135
            ],
            [
              106.8046774,
              -6.5981662
            ],
            [
              106.8046914,
              -6.5982567
            ],
            [
              106.8047478,
              -6.5985541
            ],
            [
              106.8047921,
              -6.5988767
            ],
            [
              106.8048383,
              -6.5991963
            ],
            [
              106.804902,
              -6.599637
            ],
            [
              106.8049577,
              -6.6000347
            ],
            [
              106.8050341,
              -6.6004651
            ],
            [
              106.8050629,
              -6.6006102
            ],
            [
              106.805066,
              -6.6006283
            ],
            [
              106.8051535,
              -6.6009726
            ],
            [
              106.8051623,
              -6.600999
            ],
            [
              106.8051708,
              -6.6010246
            ],
            [
              106.8052246,
              -6.6011681
            ],
            [
              106.8052879,
              -6.6012872
            ],
            [
              106.8052986,
              -6.6013211
            ],
            [
              106.8053221,
              -6.6013954
            ],
            [
              106.8053462,
              -6.6014686
            ],
            [
              106.8054428,
              -6.6017309
            ],
            [
              106.8054616,
              -6.6017824
            ],
            [
              106.8056669,
              -6.6023133
            ],
            [
              106.8059878,
              -6.6030517
            ],
            [
              106.8061447,
              -6.6033879
            ],
            [
              106.8062827,
              -6.6036294
            ],
            [
              106.8064971,
              -6.6039127
            ],
            [
              106.8067296,
              -6.6041728
            ],
            [
              106.8068413,
              -6.6042764
            ],
            [
              106.8069039,
              -6.6043203
            ],
            [
              106.8069967,
              -6.6043286
            ],
            [
              106.8070623,
              -6.6043085
            ],
            [
              106.8071812,
              -6.6042701
            ],
            [
              106.8072791,
              -6.6042306
            ],
            [
              106.8074797,
              -6.6040856
            ],
            [
              106.8077301,
              -6.6039167
            ],
            [
              106.8079189,
              -6.6037935
            ],
            [
              106.808021,
              -6.6037229
            ],
            [
              106.80808,
              -6.6036821
            ],
            [
              106.808156,
              -6.6036295
            ],
            [
              106.8086514,
              -6.6032873
            ],
            [
              106.8087666,
              -6.6032076
            ],
            [
              106.8089233,
              -6.6030964
            ],
            [
              106.8092501,
              -6.6028645
            ],
            [
              106.8092862,
              -6.6028391
            ],
            [
              106.8097005,
              -6.6025468
            ],
            [
              106.8098456,
              -6.6024441
            ],
            [
              106.8100088,
              -6.6023374
            ],
            [
              106.8103718,
              -6.602063
            ],
            [
              106.810431,
              -6.6020453
            ],
            [
              106.8107777,
              -6.6018054
            ],
            [
              106.8109421,
              -6.6017055
            ],
            [
              106.8110248,
              -6.6016469
            ],
            [
              106.8110483,
              -6.6016461
            ],
            [
              106.8110694,
              -6.6016574
            ],
            [
              106.8110978,
              -6.6016809
            ],
            [
              106.8111147,
              -6.6017172
            ],
            [
              106.8111147,
              -6.6017551
            ],
            [
              106.8110929,
              -6.6017887
            ],
            [
              106.8108414,
              -6.6019598
            ],
            [
              106.8107806,
              -6.6020075
            ],
            [
              106.810667,
              -6.6021153
            ],
            [
              106.8100922,
              -6.6025026
            ],
            [
              106.8099612,
              -6.6025954
            ],
            [
              106.8082967,
              -6.603775
            ],
            [
              106.8076983,
              -6.6041436
            ],
            [
              106.8073699,
              -6.6044101
            ],
            [
              106.8072747,
              -6.6045122
            ],
            [
              106.8072448,
              -6.6046226
            ],
            [
              106.807261,
              -6.6047043
            ],
            [
              106.8072836,
              -6.6047734
            ],
            [
              106.80738,
              -6.6049346
            ],
            [
              106.8074553,
              -6.6050182
            ],
            [
              106.8078205,
              -6.6054286
            ],
            [
              106.8078838,
              -6.6055024
            ],
            [
              106.8081875,
              -6.6058413
            ],
            [
              106.8082072,
              -6.6058635
            ],
            [
              106.80825,
              -6.6059112
            ],
            [
              106.8082927,
              -6.6059593
            ],
            [
              106.8083143,
              -6.6059841
            ],
            [
              106.8084192,
              -6.6061041
            ],
            [
              106.8085581,
              -6.6062642
            ],
            [
              106.8086024,
              -6.6063121
            ],
            [
              106.8086899,
              -6.6064138
            ],
            [
              106.8087416,
              -6.6064721
            ],
            [
              106.8088145,
              -6.6065536
            ],
            [
              106.8088745,
              -6.6066217
            ],
            [
              106.8090318,
              -6.6067999
            ],
            [
              106.8090924,
              -6.6068629
            ],
            [
              106.8091231,
              -6.6068951
            ],
            [
              106.8092373,
              -6.6070143
            ],
            [
              106.8093579,
              -6.6071453
            ],
            [
              106.8098134,
              -6.6076731
            ],
            [
              106.8098755,
              -6.6077594
            ],
            [
              106.8100974,
              -6.608092
            ],
            [
              106.8101708,
              -6.6082041
            ],
            [
              106.8103364,
              -6.6084684
            ],
            [
              106.8105431,
              -6.6087501
            ],
            [
              106.8106085,
              -6.6088392
            ],
            [
              106.8108744,
              -6.6091975
            ],
            [
              106.8109305,
              -6.6092762
            ],
            [
              106.8110732,
              -6.6094648
            ],
            [
              106.8114386,
              -6.6099474
            ],
            [
              106.8116569,
              -6.6102359
            ],
            [
              106.8117575,
              -6.6103758
            ],
            [
              106.8119466,
              -6.6106544
            ],
            [
              106.8119684,
              -6.6106862
            ],
            [
              106.8120217,
              -6.6107648
            ],
            [
              106.8121183,
              -6.6109007
            ],
            [
              106.8121645,
              -6.6109667
            ],
            [
              106.8122806,
              -6.6111378
            ],
            [
              106.8124388,
              -6.6114083
            ],
            [
              106.8124948,
              -6.6115009
            ],
            [
              106.8127077,
              -6.6118515
            ],
            [
              106.8127154,
              -6.6118643
            ],
            [
              106.8128096,
              -6.6120217
            ],
            [
              106.8128531,
              -6.6120998
            ],
            [
              106.812876,
              -6.612141
            ],
            [
              106.8130921,
              -6.6124963
            ],
            [
              106.8131953,
              -6.6126619
            ],
            [
              106.813215,
              -6.6126937
            ],
            [
              106.8133477,
              -6.6129683
            ],
            [
              106.8135734,
              -6.6134649
            ],
            [
              106.8136633,
              -6.6136377
            ],
            [
              106.8137886,
              -6.6138851
            ],
            [
              106.8138882,
              -6.6140853
            ],
            [
              106.8139589,
              -6.6142571
            ],
            [
              106.8140159,
              -6.614391
            ],
            [
              106.8141075,
              -6.6146189
            ],
            [
              106.8141786,
              -6.6147928
            ],
            [
              106.8144236,
              -6.6153402
            ],
            [
              106.8144813,
              -6.615506
            ],
            [
              106.8146563,
              -6.6161095
            ],
            [
              106.8148105,
              -6.616637
            ],
            [
              106.815004,
              -6.6171759
            ],
            [
              106.8151881,
              -6.6175876
            ],
            [
              106.8153758,
              -6.6180252
            ],
            [
              106.8154966,
              -6.6183236
            ],
            [
              106.8156158,
              -6.6186207
            ],
            [
              106.815756,
              -6.6189817
            ],
            [
              106.8158247,
              -6.619167
            ],
            [
              106.815984,
              -6.6195835
            ],
            [
              106.8161201,
              -6.6199176
            ],
            [
              106.8162194,
              -6.6201706
            ],
            [
              106.8162412,
              -6.6202258
            ],
            [
              106.8163106,
              -6.6203998
            ],
            [
              106.8163328,
              -6.620457
            ],
            [
              106.8164037,
              -6.6206342
            ],
            [
              106.8164403,
              -6.6207398
            ],
            [
              106.8164849,
              -6.6209579
            ],
            [
              106.8164864,
              -6.6210545
            ],
            [
              106.8164919,
              -6.62108
            ],
            [
              106.8165096,
              -6.6211457
            ],
            [
              106.8165835,
              -6.621231
            ],
            [
              106.8166499,
              -6.6213356
            ],
            [
              106.8167099,
              -6.6214668
            ],
            [
              106.8167245,
              -6.6215054
            ],
            [
              106.8167303,
              -6.6215194
            ],
            [
              106.816788,
              -6.621628
            ],
            [
              106.8168738,
              -6.6217619
            ],
            [
              106.8170026,
              -6.6218831
            ],
            [
              106.8176123,
              -6.6223444
            ],
            [
              106.8176292,
              -6.6223594
            ],
            [
              106.8179239,
              -6.6226012
            ],
            [
              106.8181083,
              -6.6227517
            ],
            [
              106.8182719,
              -6.6228809
            ],
            [
              106.8183558,
              -6.6230094
            ],
            [
              106.8184349,
              -6.6230541
            ],
            [
              106.818516,
              -6.623122
            ],
            [
              106.8194769,
              -6.62394
            ],
            [
              106.8195178,
              -6.6239766
            ],
            [
              106.8199859,
              -6.6243956
            ],
            [
              106.8204781,
              -6.6248738
            ],
            [
              106.8208905,
              -6.6253147
            ],
            [
              106.8213974,
              -6.6258516
            ],
            [
              106.8216824,
              -6.6261713
            ],
            [
              106.8218733,
              -6.6263786
            ],
            [
              106.8221,
              -6.6266248
            ],
            [
              106.8222562,
              -6.6268096
            ],
            [
              106.822303,
              -6.6268764
            ],
            [
              106.8226828,
              -6.6273797
            ],
            [
              106.8232056,
              -6.6281406
            ],
            [
              106.8232708,
              -6.628229
            ],
            [
              106.823321,
              -6.628297
            ],
            [
              106.8234299,
              -6.6284332
            ],
            [
              106.8236055,
              -6.6286884
            ],
            [
              106.8237497,
              -6.6289142
            ],
            [
              106.8238213,
              -6.6290501
            ],
            [
              106.8239495,
              -6.6292912
            ],
            [
              106.8240368,
              -6.6294842
            ],
            [
              106.8240957,
              -6.6296229
            ],
            [
              106.8241225,
              -6.6296935
            ],
            [
              106.824217,
              -6.6299538
            ],
            [
              106.8242318,
              -6.6299946
            ],
            [
              106.8243103,
              -6.6301664
            ],
            [
              106.8244088,
              -6.6304015
            ],
            [
              106.8244819,
              -6.6306113
            ],
            [
              106.8244967,
              -6.630654
            ],
            [
              106.8245511,
              -6.6308114
            ],
            [
              106.8247697,
              -6.6313495
            ],
            [
              106.8248112,
              -6.6314517
            ],
            [
              106.8248531,
              -6.6315429
            ],
            [
              106.8248777,
              -6.6315948
            ],
            [
              106.8250107,
              -6.6318675
            ],
            [
              106.8250745,
              -6.6320196
            ],
            [
              106.8252456,
              -6.6324273
            ],
            [
              106.8252685,
              -6.6324818
            ],
            [
              106.8254817,
              -6.632957
            ],
            [
              106.8256689,
              -6.6333674
            ],
            [
              106.8257225,
              -6.6334586
            ],
            [
              106.8257627,
              -6.6335147
            ],
            [
              106.825803,
              -6.6335742
            ],
            [
              106.8258716,
              -6.6336808
            ],
            [
              106.8258854,
              -6.6337023
            ],
            [
              106.8259347,
              -6.6337547
            ],
            [
              106.8260658,
              -6.633894
            ],
            [
              106.8265647,
              -6.6343973
            ],
            [
              106.8266083,
              -6.6344445
            ],
            [
              106.82667,
              -6.6345044
            ],
            [
              106.8268758,
              -6.6347043
            ],
            [
              106.8274471,
              -6.6352085
            ],
            [
              106.8276489,
              -6.6354189
            ],
            [
              106.8282625,
              -6.6358576
            ],
            [
              106.8283524,
              -6.6359225
            ],
            [
              106.8284116,
              -6.6359568
            ],
            [
              106.8284735,
              -6.6359926
            ],
            [
              106.8290108,
              -6.6363035
            ],
            [
              106.8293814,
              -6.6365354
            ],
            [
              106.8296878,
              -6.6367272
            ],
            [
              106.8300686,
              -6.636987
            ],
            [
              106.8301311,
              -6.637028
            ],
            [
              106.830276,
              -6.6371214
            ],
            [
              106.8303336,
              -6.6371626
            ],
            [
              106.8311343,
              -6.6377076
            ],
            [
              106.8317724,
              -6.6381392
            ],
            [
              106.8320141,
              -6.6382976
            ],
            [
              106.832377,
              -6.6385281
            ],
            [
              106.8329886,
              -6.6389251
            ],
            [
              106.8335089,
              -6.6392581
            ],
            [
              106.8338817,
              -6.6394853
            ],
            [
              106.8339465,
              -6.6395332
            ],
            [
              106.8348862,
              -6.6402286
            ],
            [
              106.8351612,
              -6.6404357
            ],
            [
              106.8354481,
              -6.6406662
            ],
            [
              106.8357244,
              -6.6409033
            ],
            [
              106.8359031,
              -6.6410613
            ],
            [
              106.8360548,
              -6.6411954
            ],
            [
              106.8362126,
              -6.6413349
            ],
            [
              106.8364306,
              -6.6415291
            ],
            [
              106.8366632,
              -6.6417276
            ],
            [
              106.8367208,
              -6.6417778
            ],
            [
              106.8371359,
              -6.6421335
            ],
            [
              106.8377441,
              -6.6426641
            ],
            [
              106.8381766,
              -6.6430427
            ],
            [
              106.8384052,
              -6.6432465
            ],
            [
              106.8386453,
              -6.6434583
            ],
            [
              106.8388773,
              -6.6436647
            ],
            [
              106.8389665,
              -6.6437453
            ],
            [
              106.8389939,
              -6.6437693
            ],
            [
              106.839285,
              -6.6440217
            ],
            [
              106.8395371,
              -6.6442469
            ],
            [
              106.8397037,
              -6.644398
            ],
            [
              106.8397786,
              -6.644466
            ],
            [
              106.840077,
              -6.6447224
            ],
            [
              106.8402499,
              -6.6448815
            ],
            [
              106.8405819,
              -6.645176
            ],
            [
              106.8406785,
              -6.6452632
            ],
            [
              106.840818,
              -6.6453832
            ],
            [
              106.8409534,
              -6.6455057
            ],
            [
              106.8410982,
              -6.6456336
            ],
            [
              106.8413724,
              -6.6458927
            ],
            [
              106.8416534,
              -6.6461491
            ],
            [
              106.8419317,
              -6.6464148
            ],
            [
              106.842157,
              -6.64663
            ],
            [
              106.8422024,
              -6.6466763
            ],
            [
              106.8423267,
              -6.6468031
            ],
            [
              106.842391,
              -6.6468831
            ],
            [
              106.8424427,
              -6.6469543
            ],
            [
              106.842497,
              -6.647031
            ],
            [
              106.8425627,
              -6.6471295
            ],
            [
              106.8426713,
              -6.6473213
            ],
            [
              106.842843,
              -6.6476664
            ],
            [
              106.8430173,
              -6.6480207
            ],
            [
              106.8430824,
              -6.6481559
            ],
            [
              106.8431997,
              -6.6483804
            ],
            [
              106.8432561,
              -6.6484869
            ],
            [
              106.8433151,
              -6.6485988
            ],
            [
              106.843374,
              -6.6486901
            ],
            [
              106.8434452,
              -6.6487946
            ],
            [
              106.843472,
              -6.6488306
            ],
            [
              106.8435461,
              -6.6489326
            ],
            [
              106.8436262,
              -6.6490344
            ],
            [
              106.8437053,
              -6.6491169
            ],
            [
              106.8437764,
              -6.6491982
            ],
            [
              106.843867,
              -6.6493036
            ],
            [
              106.8440304,
              -6.6494956
            ],
            [
              106.8441316,
              -6.6496042
            ],
            [
              106.8442263,
              -6.6497108
            ],
            [
              106.8443207,
              -6.6498192
            ],
            [
              106.8444199,
              -6.6499429
            ],
            [
              106.8444562,
              -6.6499941
            ],
            [
              106.8445026,
              -6.6500482
            ],
            [
              106.8445509,
              -6.6501091
            ],
            [
              106.844627,
              -6.6502214
            ],
            [
              106.8447308,
              -6.6504047
            ],
            [
              106.8447901,
              -6.6504953
            ],
            [
              106.8448502,
              -6.6506024
            ],
            [
              106.8448639,
              -6.6506242
            ],
            [
              106.8448793,
              -6.6506564
            ],
            [
              106.8449133,
              -6.6507208
            ],
            [
              106.8449714,
              -6.6508599
            ],
            [
              106.8450374,
              -6.6510085
            ],
            [
              106.8450894,
              -6.6511554
            ],
            [
              106.8451445,
              -6.6512906
            ],
            [
              106.8452334,
              -6.6515424
            ],
            [
              106.8452519,
              -6.6515969
            ],
            [
              106.8453254,
              -6.6518091
            ],
            [
              106.8453952,
              -6.6520086
            ],
            [
              106.8455199,
              -6.6523214
            ],
            [
              106.84554,
              -6.6523853
            ],
            [
              106.8455571,
              -6.6524465
            ],
            [
              106.8456868,
              -6.6528222
            ],
            [
              106.8457193,
              -6.6529087
            ],
            [
              106.8457862,
              -6.6531002
            ],
            [
              106.8458457,
              -6.6532624
            ],
            [
              106.8458846,
              -6.653359
            ],
            [
              106.8459344,
              -6.6534756
            ],
            [
              106.8459867,
              -6.6535928
            ],
            [
              106.8460807,
              -6.6537909
            ],
            [
              106.8461023,
              -6.6538402
            ],
            [
              106.846303,
              -6.6542715
            ],
            [
              106.8463442,
              -6.654341
            ],
            [
              106.8463921,
              -6.6544189
            ],
            [
              106.8464526,
              -6.6545552
            ],
            [
              106.8464771,
              -6.6546025
            ],
            [
              106.8465426,
              -6.654723
            ],
            [
              106.8465568,
              -6.6547854
            ],
            [
              106.8465653,
              -6.6548133
            ],
            [
              106.8468207,
              -6.6552899
            ],
            [
              106.8469138,
              -6.6554653
            ],
            [
              106.8470062,
              -6.6556142
            ],
            [
              106.8470892,
              -6.655733
            ],
            [
              106.8471717,
              -6.6558382
            ]
          ],
          [
            [
              106.7824224,
              -6.5946109
            ],
            [
              106.7818809,
              -6.595233
            ],
            [
              106.7817722,
              -6.5953482
            ],
            [
              106.7817016,
              -6.5954293
            ],
            [
              106.7813343,
              -6.5958125
            ],
            [
              106.7813264,
              -6.5958193
            ],
            [
              106.7809433,
              -6.5961612
            ],
            [
              106.7807251,
              -6.5962946
            ],
            [
              106.7805241,
              -6.596357
            ],
            [
              106.7801387,
              -6.5962995
            ],
            [
              106.7798144,
              -6.5962117
            ],
            [
              106.7796205,
              -6.596202
            ],
            [
              106.7794501,
              -6.5960716
            ],
            [
              106.7793417,
              -6.5959886
            ],
            [
              106.7789737,
              -6.5955789
            ],
            [
              106.7788886,
              -6.5954813
            ],
            [
              106.7785051,
              -6.5950209
            ],
            [
              106.778275,
              -6.5947644
            ],
            [
              106.7781045,
              -6.5945665
            ],
            [
              106.7780766,
              -6.5945347
            ],
            [
              106.7777264,
              -6.5941362
            ],
            [
              106.7774836,
              -6.5938613
            ],
            [
              106.7771824,
              -6.5935203
            ],
            [
              106.7771389,
              -6.5934691
            ],
            [
              106.7769586,
              -6.5932668
            ],
            [
              106.7769282,
              -6.5932328
            ],
            [
              106.7768624,
              -6.593159
            ],
            [
              106.7766676,
              -6.5929256
            ],
            [
              106.776623,
              -6.5928722
            ],
            [
              106.7766054,
              -6.5928516
            ],
            [
              106.7764539,
              -6.5926747
            ],
            [
              106.7764066,
              -6.5926238
            ],
            [
              106.7760538,
              -6.5922325
            ],
            [
              106.7759514,
              -6.5921198
            ],
            [
              106.7757683,
              -6.5919182
            ],
            [
              106.7757469,
              -6.5918947
            ],
            [
              106.7755957,
              -6.5917221
            ],
            [
              106.7755151,
              -6.5916292
            ],
            [
              106.7753572,
              -6.5914537
            ],
            [
              106.7753142,
              -6.5914063
            ],
            [
              106.7751186,
              -6.5911906
            ],
            [
              106.7750276,
              -6.5910974
            ],
            [
              106.7746364,
              -6.5906966
            ],
            [
              106.7746334,
              -6.5906936
            ],
            [
              106.7745694,
              -6.5906289
            ],
            [
              106.7745179,
              -6.5905765
            ],
            [
              106.7745142,
              -6.5905727
            ],
            [
              106.7740537,
              -6.5900379
            ],
            [
              106.7739853,
              -6.5899598
            ],
            [
              106.7735381,
              -6.5894487
            ],
            [
              106.7731226,
              -6.5889894
            ],
            [
              106.7731071,
              -6.5889724
            ],
            [
              106.7730265,
              -6.588884
            ],
            [
              106.7729681,
              -6.58882
            ],
            [
              106.772753,
              -6.5885842
            ],
            [
              106.7727289,
              -6.5885604
            ],
            [
              106.7723465,
              -6.5881198
            ],
            [
              106.7721661,
              -6.5879246
            ],
            [
              106.772093,
              -6.5878187
            ],
            [
              106.7720488,
              -6.5877321
            ],
            [
              106.7720222,
              -6.5876578
            ],
            [
              106.7720058,
              -6.5875789
            ],
            [
              106.7719966,
              -6.587499
            ],
            [
              106.7719891,
              -6.5873891
            ],
            [
              106.7719878,
              -6.5873657
            ],
            [
              106.7719803,
              -6.5872288
            ],
            [
              106.7719758,
              -6.5871468
            ],
            [
              106.7719755,
              -6.5871404
            ],
            [
              106.771975,
              -6.5871319
            ],
            [
              106.7719771,
              -6.5870086
            ],
            [
              106.7719781,
              -6.5869087
            ],
            [
              106.7719803,
              -6.5868335
            ],
            [
              106.7719746,
              -6.5867168
            ],
            [
              106.7719656,
              -6.5865943
            ],
            [
              106.7719549,
              -6.5864851
            ],
            [
              106.7719348,
              -6.5863339
            ],
            [
              106.7718966,
              -6.5862233
            ],
            [
              106.7718058,
              -6.5859745
            ],
            [
              106.7717674,
              -6.5859026
            ],
            [
              106.7716748,
              -6.5857583
            ],
            [
              106.7715349,
              -6.5855694
            ],
            [
              106.7715258,
              -6.5855564
            ],
            [
              106.7714185,
              -6.5854033
            ],
            [
              106.7710718,
              -6.5849167
            ],
            [
              106.7706949,
              -6.5844574
            ],
            [
              106.7706135,
              -6.5843692
            ],
            [
              106.7705206,
              -6.5842705
            ],
            [
              106.7703164,
              -6.5840473
            ],
            [
              106.7701563,
              -6.583868
            ],
            [
              106.7700833,
              -6.5837858
            ],
            [
              106.770013,
              -6.5837067
            ],
            [
              106.7699352,
              -6.5836127
            ],
            [
              106.7698668,
              -6.5835341
            ],
            [
              106.7697924,
              -6.5834502
            ],
            [
              106.7697496,
              -6.5834009
            ],
            [
              106.7697461,
              -6.5833969
            ],
            [
              106.7697045,
              -6.5833456
            ],
            [
              106.7696381,
              -6.5832697
            ],
            [
              106.7693639,
              -6.5829899
            ],
            [
              106.7692814,
              -6.5829061
            ],
            [
              106.7691512,
              -6.582774
            ],
            [
              106.7690545,
              -6.5826627
            ],
            [
              106.7688569,
              -6.5824354
            ],
            [
              106.7686417,
              -6.5821879
            ],
            [
              106.7684801,
              -6.5819514
            ],
            [
              106.7683192,
              -6.5817143
            ],
            [
              106.7682053,
              -6.5815178
            ],
            [
              106.7681669,
              -6.5814605
            ],
            [
              106.768122,
              -6.5813912
            ],
            [
              106.7678297,
              -6.5808816
            ],
            [
              106.7676191,
              -6.5805632
            ],
            [
              106.7675004,
              -6.5804333
            ],
            [
              106.7674072,
              -6.580364
            ],
            [
              106.7672798,
              -6.5802941
            ],
            [
              106.7672153,
              -6.5802767
            ],
            [
              106.767145,
              -6.5802674
            ],
            [
              106.767088,
              -6.5802634
            ],
            [
              106.7670022,
              -6.5802648
            ],
            [
              106.7668557,
              -6.5802599
            ],
            [
              106.7667527,
              -6.5802675
            ],
            [
              106.7666033,
              -6.5802827
            ],
            [
              106.7662242,
              -6.5803201
            ],
            [
              106.7656946,
              -6.580394
            ],
            [
              106.7654975,
              -6.580422
            ],
            [
              106.7653835,
              -6.5804353
            ],
            [
              106.7651448,
              -6.5804539
            ],
            [
              106.7647478,
              -6.5804726
            ],
            [
              106.7644636,
              -6.5804875
            ],
            [
              106.7643522,
              -6.5804899
            ],
            [
              106.7639036,
              -6.5804912
            ],
            [
              106.7638754,
              -6.5804873
            ],
            [
              106.7637165,
              -6.5804766
            ],
            [
              106.7635368,
              -6.580434
            ],
            [
              106.763278,
              -6.5803413
            ],
            [
              106.7632454,
              -6.5801815
            ],
            [
              106.7632417,
              -6.5801282
            ],
            [
              106.7632303,
              -6.5800616
            ],
            [
              106.7631218,
              -6.5796451
            ],
            [
              106.7631177,
              -6.5796319
            ],
            [
              106.7630842,
              -6.5794801
            ],
            [
              106.7630419,
              -6.5793438
            ],
            [
              106.7630285,
              -6.5793049
            ],
            [
              106.7630064,
              -6.5792499
            ],
            [
              106.7629886,
              -6.5792039
            ],
            [
              106.7629712,
              -6.5791663
            ],
            [
              106.7629588,
              -6.5791367
            ],
            [
              106.7629497,
              -6.579107
            ],
            [
              106.762943,
              -6.579085
            ],
            [
              106.762937,
              -6.5790128
            ],
            [
              106.7629346,
              -6.5789541
            ],
            [
              106.7629346,
              -6.5789012
            ],
            [
              106.7629313,
              -6.5788372
            ],
            [
              106.7629293,
              -6.5787743
            ],
            [
              106.7629148,
              -6.578716
            ],
            [
              106.7628971,
              -6.5786737
            ],
            [
              106.762885,
              -6.5786447
            ],
            [
              106.7628692,
              -6.5786067
            ],
            [
              106.7628428,
              -6.5785268
            ],
            [
              106.7628143,
              -6.5784449
            ],
            [
              106.7627669,
              -6.5783303
            ],
            [
              106.7627294,
              -6.578237
            ],
            [
              106.7626805,
              -6.5781231
            ],
            [
              106.7626496,
              -6.5780545
            ],
            [
              106.7626215,
              -6.5779932
            ],
            [
              106.7626007,
              -6.5779473
            ],
            [
              106.7625598,
              -6.5778407
            ],
            [
              106.7625283,
              -6.5777528
            ],
            [
              106.7623982,
              -6.5773211
            ],
            [
              106.7623626,
              -6.5772019
            ],
            [
              106.7623288,
              -6.5771529
            ],
            [
              106.7622574,
              -6.5768801
            ],
            [
              106.7621863,
              -6.5766749
            ],
            [
              106.7621293,
              -6.5765024
            ],
            [
              106.762083,
              -6.5763339
            ],
            [
              106.7620482,
              -6.5762087
            ],
            [
              106.7620159,
              -6.5761034
            ],
            [
              106.7619979,
              -6.5760581
            ],
            [
              106.761959,
              -6.5759449
            ],
            [
              106.761904,
              -6.575795
            ],
            [
              106.7617705,
              -6.5754112
            ],
            [
              106.7617424,
              -6.5753147
            ],
            [
              106.7616908,
              -6.5751561
            ],
            [
              106.7616558,
              -6.5750663
            ],
            [
              106.761621,
              -6.5749436
            ],
            [
              106.7615982,
              -6.574891
            ],
            [
              106.7615613,
              -6.5748351
            ],
            [
              106.7615084,
              -6.5747751
            ],
            [
              106.7614306,
              -6.5746952
            ],
            [
              106.7613696,
              -6.5746426
            ],
            [
              106.7613105,
              -6.5745899
            ],
            [
              106.7612066,
              -6.5745027
            ],
            [
              106.7611215,
              -6.5744387
            ],
            [
              106.761037,
              -6.5743774
            ],
            [
              106.7608874,
              -6.5742728
            ],
            [
              106.7607392,
              -6.5741629
            ],
            [
              106.7606091,
              -6.5740803
            ],
            [
              106.7605005,
              -6.5740031
            ],
            [
              106.7604301,
              -6.5739538
            ],
            [
              106.7603463,
              -6.5739085
            ],
            [
              106.7602856,
              -6.5738697
            ],
            [
              106.760243,
              -6.5738425
            ],
            [
              106.760121,
              -6.5737379
            ],
            [
              106.7599996,
              -6.573628
            ],
            [
              106.7599238,
              -6.5735587
            ],
            [
              106.7598635,
              -6.5735154
            ],
            [
              106.759817,
              -6.5734876
            ],
            [
              106.7598045,
              -6.5734801
            ],
            [
              106.7597127,
              -6.5734258
            ],
            [
              106.7596999,
              -6.5734182
            ],
            [
              106.759606,
              -6.5733689
            ],
            [
              106.7595128,
              -6.5733189
            ],
            [
              106.7594464,
              -6.573273
            ],
            [
              106.7593874,
              -6.573221
            ],
            [
              106.7593512,
              -6.5731724
            ],
            [
              106.7592922,
              -6.5730784
            ],
            [
              106.7592211,
              -6.5729645
            ],
            [
              106.7591836,
              -6.5729039
            ],
            [
              106.7591333,
              -6.5728213
            ],
            [
              106.7591004,
              -6.572758
            ],
            [
              106.7590501,
              -6.5726614
            ],
            [
              106.7590139,
              -6.5725922
            ],
            [
              106.7589489,
              -6.5724529
            ],
            [
              106.7588919,
              -6.5723444
            ],
            [
              106.7588382,
              -6.5722464
            ],
            [
              106.7587946,
              -6.5721592
            ],
            [
              106.7587329,
              -6.5720446
            ],
            [
              106.7586599,
              -6.5719114
            ],
            [
              106.7585593,
              -6.5717395
            ],
            [
              106.7584607,
              -6.5715603
            ],
            [
              106.758391,
              -6.5714231
            ],
            [
              106.7583346,
              -6.5713165
            ],
            [
              106.7582495,
              -6.5711473
            ],
            [
              106.7581905,
              -6.5710194
            ],
            [
              106.7581308,
              -6.5709088
            ],
            [
              106.7580657,
              -6.5708069
            ],
            [
              106.7580195,
              -6.570727
            ],
            [
              106.7579927,
              -6.5706777
            ],
            [
              106.7579745,
              -6.570633
            ],
            [
              106.7579504,
              -6.5705691
            ],
            [
              106.7579095,
              -6.5704545
            ],
            [
              106.7578726,
              -6.5703439
            ],
            [
              106.7578391,
              -6.5702553
            ],
            [
              106.7577922,
              -6.5701447
            ],
            [
              106.7577687,
              -6.5700881
            ],
            [
              106.7577117,
              -6.5699516
            ],
            [
              106.7576601,
              -6.5698223
            ],
            [
              106.7576024,
              -6.5696818
            ],
            [
              106.7575429,
              -6.569505
            ],
            [
              106.7575116,
              -6.5694123
            ],
            [
              106.7573035,
              -6.5695849
            ],
            [
              106.7570909,
              -6.5697517
            ],
            [
              106.7568812,
              -6.5699161
            ],
            [
              106.7564288,
              -6.570278
            ],
            [
              106.7563685,
              -6.5703262
            ],
            [
              106.7562727,
              -6.5704028
            ],
            [
              106.7556272,
              -6.5708889
            ],
            [
              106.7553526,
              -6.5710674
            ],
            [
              106.7552582,
              -6.5710224
            ],
            [
              106.7552411,
              -6.5709881
            ],
            [
              106.7549292,
              -6.5703005
            ],
            [
              106.7548028,
              -6.5701456
            ],
            [
              106.7545282,
              -6.569809
            ],
            [
              106.754758,
              -6.5695473
            ],
            [
              106.7548302,
              -6.5696378
            ],
            [
              106.7548984,
              -6.570003
            ],
            [
              106.754915,
              -6.5700461
            ],
            [
              106.7550037,
              -6.5701789
            ],
            [
              106.7550373,
              -6.5702358
            ],
            [
              106.7553104,
              -6.5708825
            ],
            [
              106.7553247,
              -6.5709159
            ],
            [
              106.7553286,
              -6.5709251
            ],
            [
              106.7553469,
              -6.5709681
            ],
            [
              106.7555802,
              -6.5708165
            ],
            [
              106.7561294,
              -6.5703853
            ],
            [
              106.7561983,
              -6.5703286
            ],
            [
              106.7570438,
              -6.5696451
            ],
            [
              106.7571425,
              -6.5695637
            ],
            [
              106.7571944,
              -6.5695198
            ],
            [
              106.7572626,
              -6.5694664
            ],
            [
              106.7574779,
              -6.5692979
            ],
            [
              106.7575116,
              -6.5694123
            ]
          ],
          [
            [
              106.8465426,
              -6.654723
            ],
            [
              106.8466005,
              -6.6547647
            ],
            [
              106.8466213,
              -6.6547916
            ],
            [
              106.8468569,
              -6.6552305
            ],
            [
              106.8469072,
              -6.6552688
            ],
            [
              106.8469565,
              -6.65529
            ],
            [
              106.8470097,
              -6.6553002
            ],
            [
              106.8470615,
              -6.6553024
            ],
            [
              106.8471049,
              -6.6552972
            ],
            [
              106.8471413,
              -6.6552855
            ],
            [
              106.8471741,
              -6.6552688
            ],
            [
              106.8472025,
              -6.6552478
            ],
            [
              106.8472307,
              -6.655214
            ],
            [
              106.8472668,
              -6.6551505
            ],
            [
              106.8474306,
              -6.6545682
            ],
            [
              106.8475324,
              -6.6542039
            ],
            [
              106.8477079,
              -6.6535967
            ],
            [
              106.8477145,
              -6.6535811
            ],
            [
              106.8477227,
              -6.6535689
            ],
            [
              106.8477342,
              -6.6535586
            ],
            [
              106.8477479,
              -6.6535515
            ],
            [
              106.847762,
              -6.6535481
            ],
            [
              106.8477754,
              -6.653548
            ],
            [
              106.8477884,
              -6.6535508
            ],
            [
              106.8478003,
              -6.6535561
            ],
            [
              106.8478116,
              -6.6535646
            ],
            [
              106.8478211,
              -6.6535761
            ],
            [
              106.8478279,
              -6.6535909
            ],
            [
              106.8478306,
              -6.65361
            ],
            [
              106.8478296,
              -6.6536289
            ],
            [
              106.8476316,
              -6.6543099
            ],
            [
              106.8473059,
              -6.6554926
            ],
            [
              106.8472554,
              -6.655644
            ],
            [
              106.8472121,
              -6.6557538
            ]
          ]
        ]
      },
      "id": "relation/20243092"
    },
    {
      "type": "Feature",
      "properties": {
        "@id": "node/429764841",
        "@relations": [
          {
            "role": "stop",
            "rel": 20237323,
            "reltags": {
              "colour": "#ff1900",
              "colour:back": "blue",
              "from": "Terminal Bubulak",
              "name": "Terminal Bubulak–Cidangiang",
              "network": "BisKita Trans Pakuan",
              "old_ref": "03",
              "operator": "BisKita Trans Pakuan",
              "ref": "K1",
              "route": "bus",
              "to": "Cidangiang",
              "type": "route",
              "via": "Sholeh Iskandar"
            }
          }
        ]
      },
      "geometry": {
        "type": "Point",
        "coordinates": [
          106.8095679,
          -6.5631891
        ]
      },
      "id": "node/429764841"
    },
    {
      "type": "Feature",
      "properties": {
        "@id": "node/13734149749",
        "@relations": [
          {
            "role": "platform",
            "rel": 20237323,
            "reltags": {
              "colour": "#ff1900",
              "colour:back": "blue",
              "from": "Terminal Bubulak",
              "name": "Terminal Bubulak–Cidangiang",
              "network": "BisKita Trans Pakuan",
              "old_ref": "03",
              "operator": "BisKita Trans Pakuan",
              "ref": "K1",
              "route": "bus",
              "to": "Cidangiang",
              "type": "route",
              "via": "Sholeh Iskandar"
            }
          }
        ]
      },
      "geometry": {
        "type": "Point",
        "coordinates": [
          106.7638754,
          -6.5634268
        ]
      },
      "id": "node/13734149749"
    },
    {
      "type": "Feature",
      "properties": {
        "@id": "node/14051283378",
        "@relations": [
          {
            "role": "stop",
            "rel": 20237323,
            "reltags": {
              "colour": "#ff1900",
              "colour:back": "blue",
              "from": "Terminal Bubulak",
              "name": "Terminal Bubulak–Cidangiang",
              "network": "BisKita Trans Pakuan",
              "old_ref": "03",
              "operator": "BisKita Trans Pakuan",
              "ref": "K1",
              "route": "bus",
              "to": "Cidangiang",
              "type": "route",
              "via": "Sholeh Iskandar"
            }
          }
        ]
      },
      "geometry": {
        "type": "Point",
        "coordinates": [
          106.7553104,
          -6.5708825
        ]
      },
      "id": "node/14051283378"
    },
    {
      "type": "Feature",
      "properties": {
        "@id": "node/14051283379",
        "@relations": [
          {
            "role": "platform",
            "rel": 20237323,
            "reltags": {
              "colour": "#ff1900",
              "colour:back": "blue",
              "from": "Terminal Bubulak",
              "name": "Terminal Bubulak–Cidangiang",
              "network": "BisKita Trans Pakuan",
              "old_ref": "03",
              "operator": "BisKita Trans Pakuan",
              "ref": "K1",
              "route": "bus",
              "to": "Cidangiang",
              "type": "route",
              "via": "Sholeh Iskandar"
            }
          }
        ]
      },
      "geometry": {
        "type": "Point",
        "coordinates": [
          106.7552804,
          -6.5708973
        ]
      },
      "id": "node/14051283379"
    },
    {
      "type": "Feature",
      "properties": {
        "@id": "node/14051283382",
        "@relations": [
          {
            "role": "stop",
            "rel": 20237323,
            "reltags": {
              "colour": "#ff1900",
              "colour:back": "blue",
              "from": "Terminal Bubulak",
              "name": "Terminal Bubulak–Cidangiang",
              "network": "BisKita Trans Pakuan",
              "old_ref": "03",
              "operator": "BisKita Trans Pakuan",
              "ref": "K1",
              "route": "bus",
              "to": "Cidangiang",
              "type": "route",
              "via": "Sholeh Iskandar"
            }
          }
        ]
      },
      "geometry": {
        "type": "Point",
        "coordinates": [
          106.7571425,
          -6.5695637
        ]
      },
      "id": "node/14051283382"
    },
    {
      "type": "Feature",
      "properties": {
        "@id": "node/13734149748",
        "@relations": [
          {
            "role": "platform",
            "rel": 20237323,
            "reltags": {
              "colour": "#ff1900",
              "colour:back": "blue",
              "from": "Terminal Bubulak",
              "name": "Terminal Bubulak–Cidangiang",
              "network": "BisKita Trans Pakuan",
              "old_ref": "03",
              "operator": "BisKita Trans Pakuan",
              "ref": "K1",
              "route": "bus",
              "to": "Cidangiang",
              "type": "route",
              "via": "Sholeh Iskandar"
            }
          }
        ]
      },
      "geometry": {
        "type": "Point",
        "coordinates": [
          106.7571071,
          -6.5695288
        ]
      },
      "id": "node/13734149748"
    },
    {
      "type": "Feature",
      "properties": {
        "@id": "node/14051283384",
        "@relations": [
          {
            "role": "stop",
            "rel": 20237323,
            "reltags": {
              "colour": "#ff1900",
              "colour:back": "blue",
              "from": "Terminal Bubulak",
              "name": "Terminal Bubulak–Cidangiang",
              "network": "BisKita Trans Pakuan",
              "old_ref": "03",
              "operator": "BisKita Trans Pakuan",
              "ref": "K1",
              "route": "bus",
              "to": "Cidangiang",
              "type": "route",
              "via": "Sholeh Iskandar"
            }
          }
        ]
      },
      "geometry": {
        "type": "Point",
        "coordinates": [
          106.7639034,
          -6.5634589
        ]
      },
      "id": "node/14051283384"
    },
    {
      "type": "Feature",
      "properties": {
        "@id": "node/14051283386",
        "@relations": [
          {
            "role": "stop",
            "rel": 20237323,
            "reltags": {
              "colour": "#ff1900",
              "colour:back": "blue",
              "from": "Terminal Bubulak",
              "name": "Terminal Bubulak–Cidangiang",
              "network": "BisKita Trans Pakuan",
              "old_ref": "03",
              "operator": "BisKita Trans Pakuan",
              "ref": "K1",
              "route": "bus",
              "to": "Cidangiang",
              "type": "route",
              "via": "Sholeh Iskandar"
            }
          }
        ]
      },
      "geometry": {
        "type": "Point",
        "coordinates": [
          106.7670703,
          -6.5605158
        ]
      },
      "id": "node/14051283386"
    },
    {
      "type": "Feature",
      "properties": {
        "@id": "node/14051283385",
        "@relations": [
          {
            "role": "stop",
            "rel": 20237323,
            "reltags": {
              "colour": "#ff1900",
              "colour:back": "blue",
              "from": "Terminal Bubulak",
              "name": "Terminal Bubulak–Cidangiang",
              "network": "BisKita Trans Pakuan",
              "old_ref": "03",
              "operator": "BisKita Trans Pakuan",
              "ref": "K1",
              "route": "bus",
              "to": "Cidangiang",
              "type": "route",
              "via": "Sholeh Iskandar"
            }
          }
        ]
      },
      "geometry": {
        "type": "Point",
        "coordinates": [
          106.7670513,
          -6.5604873
        ]
      },
      "id": "node/14051283385"
    },
    {
      "type": "Feature",
      "properties": {
        "@id": "node/14051283388",
        "@relations": [
          {
            "role": "stop",
            "rel": 20237323,
            "reltags": {
              "colour": "#ff1900",
              "colour:back": "blue",
              "from": "Terminal Bubulak",
              "name": "Terminal Bubulak–Cidangiang",
              "network": "BisKita Trans Pakuan",
              "old_ref": "03",
              "operator": "BisKita Trans Pakuan",
              "ref": "K1",
              "route": "bus",
              "to": "Cidangiang",
              "type": "route",
              "via": "Sholeh Iskandar"
            }
          }
        ]
      },
      "geometry": {
        "type": "Point",
        "coordinates": [
          106.7690872,
          -6.5588968
        ]
      },
      "id": "node/14051283388"
    },
    {
      "type": "Feature",
      "properties": {
        "@id": "node/14051283387",
        "@relations": [
          {
            "role": "platform",
            "rel": 20237323,
            "reltags": {
              "colour": "#ff1900",
              "colour:back": "blue",
              "from": "Terminal Bubulak",
              "name": "Terminal Bubulak–Cidangiang",
              "network": "BisKita Trans Pakuan",
              "old_ref": "03",
              "operator": "BisKita Trans Pakuan",
              "ref": "K1",
              "route": "bus",
              "to": "Cidangiang",
              "type": "route",
              "via": "Sholeh Iskandar"
            }
          }
        ]
      },
      "geometry": {
        "type": "Point",
        "coordinates": [
          106.7690761,
          -6.5588811
        ]
      },
      "id": "node/14051283387"
    },
    {
      "type": "Feature",
      "properties": {
        "@id": "node/14051283391",
        "@relations": [
          {
            "role": "stop",
            "rel": 20237323,
            "reltags": {
              "colour": "#ff1900",
              "colour:back": "blue",
              "from": "Terminal Bubulak",
              "name": "Terminal Bubulak–Cidangiang",
              "network": "BisKita Trans Pakuan",
              "old_ref": "03",
              "operator": "BisKita Trans Pakuan",
              "ref": "K1",
              "route": "bus",
              "to": "Cidangiang",
              "type": "route",
              "via": "Sholeh Iskandar"
            }
          }
        ]
      },
      "geometry": {
        "type": "Point",
        "coordinates": [
          106.7761159,
          -6.5566272
        ]
      },
      "id": "node/14051283391"
    },
    {
      "type": "Feature",
      "properties": {
        "@id": "node/14051283390",
        "@relations": [
          {
            "role": "platform",
            "rel": 20237323,
            "reltags": {
              "colour": "#ff1900",
              "colour:back": "blue",
              "from": "Terminal Bubulak",
              "name": "Terminal Bubulak–Cidangiang",
              "network": "BisKita Trans Pakuan",
              "old_ref": "03",
              "operator": "BisKita Trans Pakuan",
              "ref": "K1",
              "route": "bus",
              "to": "Cidangiang",
              "type": "route",
              "via": "Sholeh Iskandar"
            }
          }
        ]
      },
      "geometry": {
        "type": "Point",
        "coordinates": [
          106.7761054,
          -6.5565787
        ]
      },
      "id": "node/14051283390"
    },
    {
      "type": "Feature",
      "properties": {
        "@id": "node/14051283393",
        "@relations": [
          {
            "role": "stop",
            "rel": 20237323,
            "reltags": {
              "colour": "#ff1900",
              "colour:back": "blue",
              "from": "Terminal Bubulak",
              "name": "Terminal Bubulak–Cidangiang",
              "network": "BisKita Trans Pakuan",
              "old_ref": "03",
              "operator": "BisKita Trans Pakuan",
              "ref": "K1",
              "route": "bus",
              "to": "Cidangiang",
              "type": "route",
              "via": "Sholeh Iskandar"
            }
          }
        ]
      },
      "geometry": {
        "type": "Point",
        "coordinates": [
          106.7851688,
          -6.5588352
        ]
      },
      "id": "node/14051283393"
    },
    {
      "type": "Feature",
      "properties": {
        "@id": "node/14051283392",
        "@relations": [
          {
            "role": "platform",
            "rel": 20237323,
            "reltags": {
              "colour": "#ff1900",
              "colour:back": "blue",
              "from": "Terminal Bubulak",
              "name": "Terminal Bubulak–Cidangiang",
              "network": "BisKita Trans Pakuan",
              "old_ref": "03",
              "operator": "BisKita Trans Pakuan",
              "ref": "K1",
              "route": "bus",
              "to": "Cidangiang",
              "type": "route",
              "via": "Sholeh Iskandar"
            }
          }
        ]
      },
      "geometry": {
        "type": "Point",
        "coordinates": [
          106.7851865,
          -6.5587951
        ]
      },
      "id": "node/14051283392"
    },
    {
      "type": "Feature",
      "properties": {
        "@id": "node/14051283394",
        "@relations": [
          {
            "role": "platform",
            "rel": 20237323,
            "reltags": {
              "colour": "#ff1900",
              "colour:back": "blue",
              "from": "Terminal Bubulak",
              "name": "Terminal Bubulak–Cidangiang",
              "network": "BisKita Trans Pakuan",
              "old_ref": "03",
              "operator": "BisKita Trans Pakuan",
              "ref": "K1",
              "route": "bus",
              "to": "Cidangiang",
              "type": "route",
              "via": "Sholeh Iskandar"
            }
          }
        ]
      },
      "geometry": {
        "type": "Point",
        "coordinates": [
          106.7917564,
          -6.5611767
        ]
      },
      "id": "node/14051283394"
    },
    {
      "type": "Feature",
      "properties": {
        "@id": "node/14051283395",
        "@relations": [
          {
            "role": "stop",
            "rel": 20237323,
            "reltags": {
              "colour": "#ff1900",
              "colour:back": "blue",
              "from": "Terminal Bubulak",
              "name": "Terminal Bubulak–Cidangiang",
              "network": "BisKita Trans Pakuan",
              "old_ref": "03",
              "operator": "BisKita Trans Pakuan",
              "ref": "K1",
              "route": "bus",
              "to": "Cidangiang",
              "type": "route",
              "via": "Sholeh Iskandar"
            }
          }
        ]
      },
      "geometry": {
        "type": "Point",
        "coordinates": [
          106.7917495,
          -6.5612009
        ]
      },
      "id": "node/14051283395"
    },
    {
      "type": "Feature",
      "properties": {
        "@id": "node/14051283397",
        "@relations": [
          {
            "role": "platform",
            "rel": 20237323,
            "reltags": {
              "colour": "#ff1900",
              "colour:back": "blue",
              "from": "Terminal Bubulak",
              "name": "Terminal Bubulak–Cidangiang",
              "network": "BisKita Trans Pakuan",
              "old_ref": "03",
              "operator": "BisKita Trans Pakuan",
              "ref": "K1",
              "route": "bus",
              "to": "Cidangiang",
              "type": "route",
              "via": "Sholeh Iskandar"
            }
          }
        ]
      },
      "geometry": {
        "type": "Point",
        "coordinates": [
          106.7998117,
          -6.5620543
        ]
      },
      "id": "node/14051283397"
    },
    {
      "type": "Feature",
      "properties": {
        "@id": "node/14051283396",
        "@relations": [
          {
            "role": "stop",
            "rel": 20237323,
            "reltags": {
              "colour": "#ff1900",
              "colour:back": "blue",
              "from": "Terminal Bubulak",
              "name": "Terminal Bubulak–Cidangiang",
              "network": "BisKita Trans Pakuan",
              "old_ref": "03",
              "operator": "BisKita Trans Pakuan",
              "ref": "K1",
              "route": "bus",
              "to": "Cidangiang",
              "type": "route",
              "via": "Sholeh Iskandar"
            }
          }
        ]
      },
      "geometry": {
        "type": "Point",
        "coordinates": [
          106.7998173,
          -6.5620731
        ]
      },
      "id": "node/14051283396"
    },
    {
      "type": "Feature",
      "properties": {
        "@id": "node/14051283398",
        "@relations": [
          {
            "role": "platform",
            "rel": 20237323,
            "reltags": {
              "colour": "#ff1900",
              "colour:back": "blue",
              "from": "Terminal Bubulak",
              "name": "Terminal Bubulak–Cidangiang",
              "network": "BisKita Trans Pakuan",
              "old_ref": "03",
              "operator": "BisKita Trans Pakuan",
              "ref": "K1",
              "route": "bus",
              "to": "Cidangiang",
              "type": "route",
              "via": "Sholeh Iskandar"
            }
          }
        ]
      },
      "geometry": {
        "type": "Point",
        "coordinates": [
          106.809602,
          -6.5631423
        ]
      },
      "id": "node/14051283398"
    },
    {
      "type": "Feature",
      "properties": {
        "@id": "node/14051293401",
        "@relations": [
          {
            "role": "platform",
            "rel": 20237323,
            "reltags": {
              "colour": "#ff1900",
              "colour:back": "blue",
              "from": "Terminal Bubulak",
              "name": "Terminal Bubulak–Cidangiang",
              "network": "BisKita Trans Pakuan",
              "old_ref": "03",
              "operator": "BisKita Trans Pakuan",
              "ref": "K1",
              "route": "bus",
              "to": "Cidangiang",
              "type": "route",
              "via": "Sholeh Iskandar"
            }
          }
        ]
      },
      "geometry": {
        "type": "Point",
        "coordinates": [
          106.8095066,
          -6.5676263
        ]
      },
      "id": "node/14051293401"
    },
    {
      "type": "Feature",
      "properties": {
        "@id": "node/9007788411",
        "@relations": [
          {
            "role": "stop",
            "rel": 20237323,
            "reltags": {
              "colour": "#ff1900",
              "colour:back": "blue",
              "from": "Terminal Bubulak",
              "name": "Terminal Bubulak–Cidangiang",
              "network": "BisKita Trans Pakuan",
              "old_ref": "03",
              "operator": "BisKita Trans Pakuan",
              "ref": "K1",
              "route": "bus",
              "to": "Cidangiang",
              "type": "route",
              "via": "Sholeh Iskandar"
            }
          }
        ]
      },
      "geometry": {
        "type": "Point",
        "coordinates": [
          106.8094623,
          -6.5676089
        ]
      },
      "id": "node/9007788411"
    },
    {
      "type": "Feature",
      "properties": {
        "@id": "node/6227378486",
        "@relations": [
          {
            "role": "platform",
            "rel": 20237323,
            "reltags": {
              "colour": "#ff1900",
              "colour:back": "blue",
              "from": "Terminal Bubulak",
              "name": "Terminal Bubulak–Cidangiang",
              "network": "BisKita Trans Pakuan",
              "old_ref": "03",
              "operator": "BisKita Trans Pakuan",
              "ref": "K1",
              "route": "bus",
              "to": "Cidangiang",
              "type": "route",
              "via": "Sholeh Iskandar"
            }
          }
        ]
      },
      "geometry": {
        "type": "Point",
        "coordinates": [
          106.8083777,
          -6.573225
        ]
      },
      "id": "node/6227378486"
    },
    {
      "type": "Feature",
      "properties": {
        "@id": "node/14051293402",
        "@relations": [
          {
            "role": "stop",
            "rel": 20237323,
            "reltags": {
              "colour": "#ff1900",
              "colour:back": "blue",
              "from": "Terminal Bubulak",
              "name": "Terminal Bubulak–Cidangiang",
              "network": "BisKita Trans Pakuan",
              "old_ref": "03",
              "operator": "BisKita Trans Pakuan",
              "ref": "K1",
              "route": "bus",
              "to": "Cidangiang",
              "type": "route",
              "via": "Sholeh Iskandar"
            }
          }
        ]
      },
      "geometry": {
        "type": "Point",
        "coordinates": [
          106.8082995,
          -6.5732009
        ]
      },
      "id": "node/14051293402"
    },
    {
      "type": "Feature",
      "properties": {
        "@id": "node/14051293403",
        "@relations": [
          {
            "role": "stop",
            "rel": 20237323,
            "reltags": {
              "colour": "#ff1900",
              "colour:back": "blue",
              "from": "Terminal Bubulak",
              "name": "Terminal Bubulak–Cidangiang",
              "network": "BisKita Trans Pakuan",
              "old_ref": "03",
              "operator": "BisKita Trans Pakuan",
              "ref": "K1",
              "route": "bus",
              "to": "Cidangiang",
              "type": "route",
              "via": "Sholeh Iskandar"
            }
          }
        ]
      },
      "geometry": {
        "type": "Point",
        "coordinates": [
          106.8068922,
          -6.5803362
        ]
      },
      "id": "node/14051293403"
    },
    {
      "type": "Feature",
      "properties": {
        "@id": "node/6227492990",
        "@relations": [
          {
            "role": "platform",
            "rel": 20237323,
            "reltags": {
              "colour": "#ff1900",
              "colour:back": "blue",
              "from": "Terminal Bubulak",
              "name": "Terminal Bubulak–Cidangiang",
              "network": "BisKita Trans Pakuan",
              "old_ref": "03",
              "operator": "BisKita Trans Pakuan",
              "ref": "K1",
              "route": "bus",
              "to": "Cidangiang",
              "type": "route",
              "via": "Sholeh Iskandar"
            }
          }
        ]
      },
      "geometry": {
        "type": "Point",
        "coordinates": [
          106.8070138,
          -6.580354
        ]
      },
      "id": "node/6227492990"
    },
    {
      "type": "Feature",
      "properties": {
        "@id": "node/14051293404",
        "@relations": [
          {
            "role": "stop",
            "rel": 20237323,
            "reltags": {
              "colour": "#ff1900",
              "colour:back": "blue",
              "from": "Terminal Bubulak",
              "name": "Terminal Bubulak–Cidangiang",
              "network": "BisKita Trans Pakuan",
              "old_ref": "03",
              "operator": "BisKita Trans Pakuan",
              "ref": "K1",
              "route": "bus",
              "to": "Cidangiang",
              "type": "route",
              "via": "Sholeh Iskandar"
            }
          }
        ]
      },
      "geometry": {
        "type": "Point",
        "coordinates": [
          106.8064222,
          -6.5828395
        ]
      },
      "id": "node/14051293404"
    },
    {
      "type": "Feature",
      "properties": {
        "@id": "node/6227475995",
        "@relations": [
          {
            "role": "platform",
            "rel": 20237323,
            "reltags": {
              "colour": "#ff1900",
              "colour:back": "blue",
              "from": "Terminal Bubulak",
              "name": "Terminal Bubulak–Cidangiang",
              "network": "BisKita Trans Pakuan",
              "old_ref": "03",
              "operator": "BisKita Trans Pakuan",
              "ref": "K1",
              "route": "bus",
              "to": "Cidangiang",
              "type": "route",
              "via": "Sholeh Iskandar"
            }
          }
        ]
      },
      "geometry": {
        "type": "Point",
        "coordinates": [
          106.8065138,
          -6.5828606
        ]
      },
      "id": "node/6227475995"
    },
    {
      "type": "Feature",
      "properties": {
        "@id": "node/14051293405",
        "@relations": [
          {
            "role": "platform",
            "rel": 20237323,
            "reltags": {
              "colour": "#ff1900",
              "colour:back": "blue",
              "from": "Terminal Bubulak",
              "name": "Terminal Bubulak–Cidangiang",
              "network": "BisKita Trans Pakuan",
              "old_ref": "03",
              "operator": "BisKita Trans Pakuan",
              "ref": "K1",
              "route": "bus",
              "to": "Cidangiang",
              "type": "route",
              "via": "Sholeh Iskandar"
            }
          }
        ]
      },
      "geometry": {
        "type": "Point",
        "coordinates": [
          106.8047705,
          -6.5980959
        ]
      },
      "id": "node/14051293405"
    },
    {
      "type": "Feature",
      "properties": {
        "@id": "node/14051293406",
        "@relations": [
          {
            "role": "stop",
            "rel": 20237323,
            "reltags": {
              "colour": "#ff1900",
              "colour:back": "blue",
              "from": "Terminal Bubulak",
              "name": "Terminal Bubulak–Cidangiang",
              "network": "BisKita Trans Pakuan",
              "old_ref": "03",
              "operator": "BisKita Trans Pakuan",
              "ref": "K1",
              "route": "bus",
              "to": "Cidangiang",
              "type": "route",
              "via": "Sholeh Iskandar"
            }
          }
        ]
      },
      "geometry": {
        "type": "Point",
        "coordinates": [
          106.8046694,
          -6.5981135
        ]
      },
      "id": "node/14051293406"
    },
    {
      "type": "Feature",
      "properties": {
        "@id": "node/14051293408",
        "@relations": [
          {
            "role": "stop",
            "rel": 20237323,
            "reltags": {
              "colour": "#ff1900",
              "colour:back": "blue",
              "from": "Terminal Bubulak",
              "name": "Terminal Bubulak–Cidangiang",
              "network": "BisKita Trans Pakuan",
              "old_ref": "03",
              "operator": "BisKita Trans Pakuan",
              "ref": "K1",
              "route": "bus",
              "to": "Cidangiang",
              "type": "route",
              "via": "Sholeh Iskandar"
            }
          }
        ]
      },
      "geometry": {
        "type": "Point",
        "coordinates": [
          106.8050629,
          -6.6006102
        ]
      },
      "id": "node/14051293408"
    },
    {
      "type": "Feature",
      "properties": {
        "@id": "node/14051293407",
        "@relations": [
          {
            "role": "platform",
            "rel": 20237323,
            "reltags": {
              "colour": "#ff1900",
              "colour:back": "blue",
              "from": "Terminal Bubulak",
              "name": "Terminal Bubulak–Cidangiang",
              "network": "BisKita Trans Pakuan",
              "old_ref": "03",
              "operator": "BisKita Trans Pakuan",
              "ref": "K1",
              "route": "bus",
              "to": "Cidangiang",
              "type": "route",
              "via": "Sholeh Iskandar"
            }
          }
        ]
      },
      "geometry": {
        "type": "Point",
        "coordinates": [
          106.8051592,
          -6.6006058
        ]
      },
      "id": "node/14051293407"
    },
    {
      "type": "Feature",
      "properties": {
        "@id": "node/14051293409",
        "@relations": [
          {
            "role": "stop",
            "rel": 20237323,
            "reltags": {
              "colour": "#ff1900",
              "colour:back": "blue",
              "from": "Terminal Bubulak",
              "name": "Terminal Bubulak–Cidangiang",
              "network": "BisKita Trans Pakuan",
              "old_ref": "03",
              "operator": "BisKita Trans Pakuan",
              "ref": "K1",
              "route": "bus",
              "to": "Cidangiang",
              "type": "route",
              "via": "Sholeh Iskandar"
            }
          }
        ]
      },
      "geometry": {
        "type": "Point",
        "coordinates": [
          106.8065056,
          -6.6027884
        ]
      },
      "id": "node/14051293409"
    }
  ]
}